car,overall_position,class_position,team,vehicle,class,group,race,event_duration,season,laps,total_time,gap_first,gap_car_ahead,tyres,status,fl_lap_number,fl_time,fl_kph_average,driver_1,driver_2,driver_3,event_id,class_norm,class_group,fastest_lap_seconds
Toyota Racing #8,1,1,Toyota Gazoo Racing,Toyota TS 040 - Hybrid,LMP1,H,Silverstone,6,2014,167,5:22:42.296,,,Michelin,Classified,112.0,1:44.646,202.7,Anthony DAVIDSON,Nicolas LAPIERRE,Sébastien BUEMI,2014_Silverstone,LMP1,Top Class (LMP1/Hypercar),104.646
Toyota Racing #7,2,2,Toyota Gazoo Racing,Toyota TS 040 - Hybrid,LMP1,H,Silverstone,6,2014,166,5:23:14.056,1 Laps,1 Laps,Michelin,Classified,17.0,1:44.326,203.3,Alexander WURZ,Stéphane SARRAZIN,Kazuki NAKAJIMA,2014_Silverstone,LMP1,Top Class (LMP1/Hypercar),104.326
Porsche Team #20,3,3,Porsche Team,Porsche 919 Hybrid,LMP1,H,Silverstone,6,2014,165,5:22:47.120,2 Laps,1 Laps,Michelin,Classified,4.0,1:45.245,201.5,Timo BERNHARD,Mark WEBBER,Brendon HARTLEY,2014_Silverstone,LMP1,Top Class (LMP1/Hypercar),105.245
Rebellion Racing #12,4,4,Rebellion Racing,Lola B12/60 - Toyota,LMP1,L,Silverstone,6,2014,159,5:23:52.071,8 Laps,6 Laps,Michelin,Classified,5.0,1:47.195,197.8,Nicolas PROST,Nick HEIDFELD,Mathias BECHE,2014_Silverstone,LMP1,Top Class (LMP1/Hypercar),107.195
G-Drive Racing #26,5,1,G-Drive Racing,Morgan - Nissan,LMP2,,Silverstone,6,2014,154,5:24:15.065,13 Laps,5 Laps,Dunlop,Classified,3.0,1:51.339,190.5,Roman RUSINOV,Olivier PLA,Julien CANAL,2014_Silverstone,LMP2,LMP2,111.339
KCMG #47,6,2,KCMG,Oreca 03 - Nissan,LMP2,,Silverstone,6,2014,152,5:22:59.911,15 Laps,2 Laps,Dunlop,Classified,4.0,1:51.597,190.0,Matthew HOWSON,Richard BRADLEY,Tsugio MATSUDA,2014_Silverstone,LMP2,LMP2,111.59700000000001
Porsche Team Manthey #92,7,1,Porsche Team Manthey,Porsche 911 RSR,LMGTE Pro,,Silverstone,6,2014,147,5:23:11.855,20 Laps,5 Laps,Michelin,Classified,3.0,2:00.963,175.3,Marco HOLZER,Frédéric MAKOWIECKI,Richard LIETZ,2014_Silverstone,LMGTE Pro,GT (GTE Pro/Am),120.963
Porsche Team Manthey #91,8,2,Porsche Team Manthey,Porsche 911 RSR,LMGTE Pro,,Silverstone,6,2014,147,5:23:57.636,20 Laps,45.781,Michelin,Classified,3.0,2:01.075,175.2,Patrick PILET,Jörg BERGMEISTER,Nick TANDY,2014_Silverstone,LMGTE Pro,GT (GTE Pro/Am),121.075
Aston Martin Racing #97,9,3,Aston Martin Racing,Aston Martin Vantage V8,LMGTE Pro,,Silverstone,6,2014,147,5:24:39.700,20 Laps,42.064,Michelin,Classified,3.0,2:02.054,173.7,Darren TURNER,Stefan MÜCKE,,2014_Silverstone,LMGTE Pro,GT (GTE Pro/Am),122.054
AF Corse #51,10,4,AF Corse,Ferrari F458 Italia,LMGTE Pro,,Silverstone,6,2014,147,5:25:11.062,20 Laps,31.362,Michelin,Classified,3.0,2:01.282,174.9,Gianmaria BRUNI,Toni VILANDER,,2014_Silverstone,LMGTE Pro,GT (GTE Pro/Am),121.282
AF Corse #71,11,5,AF Corse,Ferrari F458 Italia,LMGTE Pro,,Silverstone,6,2014,146,5:25:06.489,21 Laps,1 Laps,Michelin,Classified,3.0,2:01.909,174.0,Davide RIGON,James CALADO,,2014_Silverstone,LMGTE Pro,GT (GTE Pro/Am),121.909
RAM Racing #52,12,6,RAM Racing,Ferrari F458 Italia,LMGTE Pro,,Silverstone,6,2014,146,5:25:09.645,21 Laps,3.156,Michelin,Classified,97.0,2:02.651,172.9,Matt GRIFFIN,Alvaro PARENTE,,2014_Silverstone,LMGTE Pro,GT (GTE Pro/Am),122.651
SMP Racing #27,13,3,SMP Racing,Oreca 03 - Nissan,LMP2,,Silverstone,6,2014,145,5:23:53.313,22 Laps,1 Laps,Michelin,Classified,4.0,1:52.798,188.0,Serguey ZLOBIN,Nicolas MINASSIAN,Maurizio MEDIANI,2014_Silverstone,LMP2,LMP2,112.798
Aston Martin Racing #99,14,7,Aston Martin Racing,Aston Martin Vantage V8,LMGTE Pro,,Silverstone,6,2014,144,5:23:56.399,23 Laps,1 Laps,Michelin,Classified,48.0,2:02.549,173.0,Alex MACDOWALL,Darryl O'YOUNG,Fernando REES,2014_Silverstone,LMGTE Pro,GT (GTE Pro/Am),122.549
Aston Martin Racing #95,15,1,Aston Martin Racing,Aston Martin Vantage V8,LMGTE Am,,Silverstone,6,2014,144,5:25:05.013,23 Laps,1'08.614,Michelin,Classified,114.0,2:02.656,172.9,Kristian POULSEN,David HEINEMEIR HANSSON,Nicki THIIM,2014_Silverstone,LMGTE Am,GT (GTE Pro/Am),122.656
Aston Martin Racing #98,16,2,Aston Martin Racing,Aston Martin Vantage V8,LMGTE Am,,Silverstone,6,2014,144,5:25:12.509,23 Laps,7.496,Michelin,Classified,4.0,2:02.212,173.5,Paul DALLA LANA,Pedro LAMY,Christoffer NYGAARD,2014_Silverstone,LMGTE Am,GT (GTE Pro/Am),122.212
AF Corse #81,17,3,AF Corse,Ferrari F458 Italia,LMGTE Am,,Silverstone,6,2014,143,5:25:12.924,24 Laps,1 Laps,Michelin,Classified,3.0,2:02.147,173.6,Stephen WYATT,Michele RUGOLO,Sam BIRD,2014_Silverstone,LMGTE Am,GT (GTE Pro/Am),122.147
Proton Competition #88,18,4,Proton Competition,Porsche 911 RSR,LMGTE Am,,Silverstone,6,2014,142,5:24:35.104,25 Laps,1 Laps,Michelin,Classified,3.0,2:02.414,173.2,Christian RIED,Klaus BACHLER,Khaled AL QUBAISI,2014_Silverstone,LMGTE Am,GT (GTE Pro/Am),122.414
RAM Racing #53,19,5,RAM Racing,Ferrari F458 Italia,LMGTE Am,,Silverstone,6,2014,141,5:24:35.564,26 Laps,1 Laps,Michelin,Classified,39.0,2:04.077,170.9,Johnny MOWLEM,Mark PATTERSON,Ben COLLINS,2014_Silverstone,LMGTE Am,GT (GTE Pro/Am),124.077
AF Corse #61,20,6,AF Corse,Ferrari F458 Italia,LMGTE Am,,Silverstone,6,2014,141,5:24:40.020,26 Laps,4.456,Michelin,Classified,3.0,2:02.706,172.8,Luis PEREZ-COMPANC,Marco CIOCI,Mirko VENTURI,2014_Silverstone,LMGTE Am,GT (GTE Pro/Am),122.706
Audi Sport Team Joest #2,21,5,Audi Sport Team Joest,Audi R18 e-tron quattro,LMP1,H,Silverstone,6,2014,94,3:03:21.796,73 Laps,47 Laps,Michelin,Not classified,17.0,1:44.217,203.5,Marcel FÄSSLER,André LOTTERER,Benoit TRÉLUYER,2014_Silverstone,LMP1,Top Class (LMP1/Hypercar),104.217
Prospeed Competition #75,22,7,Prospeed Competition,Porsche 911 GT3 RSR,LMGTE Am,,Silverstone,6,2014,83,3:07:49.251,84 Laps,11 Laps,Michelin,Not classified,72.0,2:04.015,171.0,François PERRODO,Emmanuel COLLARD,Matthieu VAXIVIÈRE,2014_Silverstone,LMGTE Am,GT (GTE Pro/Am),124.015
SMP Racing #37,23,4,SMP Racing,Oreca 03 - Nissan,LMP2,,Silverstone,6,2014,65,2:19:23.736,102 Laps,18 Laps,Michelin,Not classified,5.0,1:52.734,188.1,Kirill LADYGIN,Viktor SHAITAR,Anton LADYGIN,2014_Silverstone,LMP2,LMP2,112.73400000000001
Porsche Team #14,24,6,Porsche Team,Porsche 919 Hybrid,LMP1,H,Silverstone,6,2014,30,1:16:04.499,137 Laps,35 Laps,Michelin,Not classified,6.0,1:45.452,201.1,Romain DUMAS,Neel JANI,Marc LIEB,2014_Silverstone,LMP1,Top Class (LMP1/Hypercar),105.452
Rebellion Racing #13,25,7,Rebellion Racing,Lola B12/60 - Toyota,LMP1,L,Silverstone,6,2014,24,47:36.114,143 Laps,6 Laps,Michelin,Not classified,5.0,1:47.120,198.0,Dominik KRAIHAMER,Andrea BELICCHI,Fabio LEIMER,2014_Silverstone,LMP1,Top Class (LMP1/Hypercar),107.12
Audi Sport Team Joest #1,26,8,Audi Sport Team Joest,Audi R18 e-tron quattro,LMP1,H,Silverstone,6,2014,24,54:08.972,143 Laps,6'32.858,Michelin,Not classified,17.0,1:44.656,202.6,Lucas DI GRASSI,Loïc DUVAL,Tom KRISTENSEN,2014_Silverstone,LMP1,Top Class (LMP1/Hypercar),104.656
8 Star Motorsports #90,27,8,8 Star Motorsports,Ferrari F458 Italia,LMGTE Am,,Silverstone,6,2014,118,4:29:24.266,49 Laps,-94 Laps,Michelin,Retired,3.0,2:02.878,172.6,Vicente POTOLICCHIO,Gianluca RODA,Paolo RUBERTI,2014_Silverstone,LMGTE Am,GT (GTE Pro/Am),122.878
Toyota Racing #8,1,1,Toyota Gazoo Racing,Toyota TS 040 - Hybrid,LMP1,H,Spa,6,2014,171,6:01:31.675,,,Michelin,Classified,119.0,2:01.327,207.8,Anthony DAVIDSON,Nicolas LAPIERRE,Sébastien BUEMI,2014_Spa,LMP1,Top Class (LMP1/Hypercar),121.327
Audi Sport Team Joest #1,2,2,Audi Sport Team Joest,Audi R18 e-tron quattro,LMP1,H,Spa,6,2014,171,6:02:45.601,1'13.926,1'13.926,Michelin,Classified,7.0,2:02.600,205.7,Lucas DI GRASSI,Loïc DUVAL,Tom KRISTENSEN,2014_Spa,LMP1,Top Class (LMP1/Hypercar),122.6
Toyota Racing #7,3,3,Toyota Gazoo Racing,Toyota TS 040 - Hybrid,LMP1,H,Spa,6,2014,171,6:02:52.536,1'20.861,6.935,Michelin,Classified,23.0,2:02.089,206.5,Alexander WURZ,Stéphane SARRAZIN,Kazuki NAKAJIMA,2014_Spa,LMP1,Top Class (LMP1/Hypercar),122.089
Porsche Team #14,4,4,Porsche Team,Porsche 919 Hybrid,LMP1,H,Spa,6,2014,170,6:02:06.145,1 Laps,1 Laps,Michelin,Classified,3.0,2:01.898,206.8,Romain DUMAS,Neel JANI,Marc LIEB,2014_Spa,LMP1,Top Class (LMP1/Hypercar),121.898
Audi Sport Team Joest #2,5,5,Audi Sport Team Joest,Audi R18 e-tron quattro,LMP1,H,Spa,6,2014,170,6:02:58.145,1 Laps,52.000,Michelin,Classified,7.0,2:03.018,205.0,Marcel FÄSSLER,André LOTTERER,Benoit TRÉLUYER,2014_Spa,LMP1,Top Class (LMP1/Hypercar),123.018
Audi Sport Team Joest #3,6,6,Audi Sport Team Joest,Audi R18 e-tron quattro,LMP1,H,Spa,6,2014,169,6:01:41.952,2 Laps,1 Laps,Michelin,Classified,51.0,2:03.383,204.4,Filipe ALBUQUERQUE,Marco BONANOMI,,2014_Spa,LMP1,Top Class (LMP1/Hypercar),123.383
Rebellion Racing #12,7,7,Rebellion Racing,Rebellion R-One - Toyota,LMP1,L,Spa,6,2014,161,6:03:43.512,10 Laps,8 Laps,Michelin,Classified,62.0,2:08.928,195.6,Nicolas PROST,Nick HEIDFELD,Mathias BECHE,2014_Spa,LMP1,Top Class (LMP1/Hypercar),128.928
G-Drive Racing #26,8,1,G-Drive Racing,Morgan - Nissan,LMP2,,Spa,6,2014,160,6:02:16.828,11 Laps,1 Laps,Dunlop,Classified,134.0,2:10.112,193.8,Roman RUSINOV,Olivier PLA,Julien CANAL,2014_Spa,LMP2,LMP2,130.112
Jota Sport #38,9,2,Jota Sport,Zytek Z11SN - Nissan,LMP2,,Spa,6,2014,160,6:03:28.024,11 Laps,1'11.196,Dunlop,Classified,89.0,2:10.657,193.0,Simon DOLAN,Harry TINCKNELL,Marc GENÉ,2014_Spa,LMP2,LMP2,130.657
KCMG #47,10,3,KCMG,Oreca 03 - Nissan,LMP2,,Spa,6,2014,159,6:03:13.494,12 Laps,1 Laps,Dunlop,Classified,3.0,2:10.625,193.0,Matthew HOWSON,Richard BRADLEY,Alexandre IMPERATORI,2014_Spa,LMP2,LMP2,130.625
SMP Racing #37,11,4,SMP Racing,Oreca 03 - Nissan,LMP2,,Spa,6,2014,158,6:01:32.946,13 Laps,1 Laps,Michelin,Classified,127.0,2:11.096,192.3,Kirill LADYGIN,Viktor SHAITAR,Anton LADYGIN,2014_Spa,LMP2,LMP2,131.096
SMP Racing #27,12,5,SMP Racing,Oreca 03 - Nissan,LMP2,,Spa,6,2014,158,6:02:42.799,13 Laps,1'09.853,Michelin,Classified,3.0,2:10.686,192.9,Sergey ZLOBIN,Nicolas MINASSIAN,Maurizio MEDIANI,2014_Spa,LMP2,LMP2,130.686
AF Corse #51,13,1,AF Corse,Ferrari F458 Italia,LMGTE Pro,,Spa,6,2014,152,6:03:44.950,19 Laps,6 Laps,Michelin,Classified,2.0,2:19.653,180.5,Gianmaria BRUNI,Toni VILANDER,,2014_Spa,LMGTE Pro,GT (GTE Pro/Am),139.653
Porsche Team Manthey #91,14,2,Porsche Team Manthey,Porsche 911 RSR,LMGTE Pro,,Spa,6,2014,151,6:01:48.577,20 Laps,1 Laps,Michelin,Classified,139.0,2:20.000,180.1,Patrick PILET,Jörg BERGMEISTER,,2014_Spa,LMGTE Pro,GT (GTE Pro/Am),140.0
AF Corse #71,15,3,AF Corse,Ferrari F458 Italia,LMGTE Pro,,Spa,6,2014,151,6:02:00.192,20 Laps,11.615,Michelin,Classified,54.0,2:19.624,180.6,Davide RIGON,James CALADO,,2014_Spa,LMGTE Pro,GT (GTE Pro/Am),139.624
Aston Martin Racing #97,16,4,Aston Martin Racing,Aston Martin Vantage V8,LMGTE Pro,,Spa,6,2014,151,6:02:10.181,20 Laps,9.989,Michelin,Classified,2.0,2:20.289,179.7,Darren TURNER,Stefan MÜCKE,Bruno SENNA,2014_Spa,LMGTE Pro,GT (GTE Pro/Am),140.289
Aston Martin Racing #99,17,5,Aston Martin Racing,Aston Martin Vantage V8,LMGTE Pro,,Spa,6,2014,150,6:02:40.637,21 Laps,1 Laps,Michelin,Classified,111.0,2:20.217,179.8,Alex MACDOWALL,Darryl O'YOUNG,Fernando REES,2014_Spa,LMGTE Pro,GT (GTE Pro/Am),140.21699999999998
AF Corse #61,18,1,AF Corse,Ferrari F458 Italia,LMGTE Am,,Spa,6,2014,149,6:01:46.306,22 Laps,1 Laps,Michelin,Classified,80.0,2:20.590,179.3,Luis PEREZ-COMPANC,Marco CIOCI,Mirko VENTURI,2014_Spa,LMGTE Am,GT (GTE Pro/Am),140.59
Aston Martin Racing #95,19,2,Aston Martin Racing,Aston Martin Vantage V8,LMGTE Am,,Spa,6,2014,149,6:02:18.547,22 Laps,32.241,Michelin,Classified,21.0,2:20.748,179.1,Kristian POULSEN,David HEINEMEIR HANSSON,Richie STANAWAY,2014_Spa,LMGTE Am,GT (GTE Pro/Am),140.748
Aston Martin Racing #98,20,3,Aston Martin Racing,Aston Martin Vantage V8,LMGTE Am,,Spa,6,2014,149,6:02:42.378,22 Laps,23.831,Michelin,Classified,125.0,2:20.334,179.7,Paul DALLA LANA,Pedro LAMY,Christoffer NYGAARD,2014_Spa,LMGTE Am,GT (GTE Pro/Am),140.334
Porsche Team Manthey #92,21,6,Porsche Team Manthey,Porsche 911 RSR,LMGTE Pro,,Spa,6,2014,148,6:01:43.834,23 Laps,1 Laps,Michelin,Classified,107.0,2:20.042,180.0,Marco HOLZER,Frédéric MAKOWIECKI,,2014_Spa,LMGTE Pro,GT (GTE Pro/Am),140.042
Proton Competition #88,22,4,Proton Competition,Porsche 911 RSR,LMGTE Am,,Spa,6,2014,148,6:02:41.399,23 Laps,57.565,Michelin,Classified,114.0,2:20.506,179.5,Christian RIED,Klaus BACHLER,Khaled AL QUBAISI,2014_Spa,LMGTE Am,GT (GTE Pro/Am),140.506
Porsche Team #20,23,8,Porsche Team,Porsche 919 Hybrid,LMP1,H,Spa,6,2014,148,6:02:58.784,23 Laps,17.385,Michelin,Classified,4.0,2:02.682,205.5,Timo BERNHARD,Mark WEBBER,Brendon HARTLEY,2014_Spa,LMP1,Top Class (LMP1/Hypercar),122.682
AF Corse #81,24,5,AF Corse,Ferrari F458 Italia,LMGTE Am,,Spa,6,2014,148,6:03:08.557,23 Laps,9.773,Michelin,Classified,59.0,2:20.367,179.6,Stephen WYATT,Michele RUGOLO,Andrea BERTOLINI,2014_Spa,LMGTE Am,GT (GTE Pro/Am),140.367
Prospeed Competition #75,25,6,Prospeed Competition,Porsche 911 GT3 RSR,LMGTE Am,,Spa,6,2014,146,6:03:10.224,25 Laps,2 Laps,Michelin,Classified,2.0,2:21.617,178.0,François PERRODO,Emmanuel COLLARD,Matthieu VAXIVIÈRE,2014_Spa,LMGTE Am,GT (GTE Pro/Am),141.617
AF Corse #60,26,7,AF Corse,Ferrari F458 Italia,LMGTE Am,,Spa,6,2014,145,6:02:03.295,26 Laps,1 Laps,Michelin,Classified,6.0,2:20.688,179.2,Peter MANN,Raffaele GIAMMARIA,Lorenzo CASÉ,2014_Spa,LMGTE Am,GT (GTE Pro/Am),140.688
8 Star Motorsports #90,27,8,8 Star Motorsports,Ferrari F458 Italia,LMGTE Am,,Spa,6,2014,142,6:03:24.142,29 Laps,3 Laps,Michelin,Classified,6.0,2:20.020,180.1,Vicente POTOLICCHIO,Gianluca RODA,Paolo RUBERTI,2014_Spa,LMGTE Am,GT (GTE Pro/Am),140.02
Rebellion Racing #13,28,9,Rebellion Racing,Rebellion R-One - Toyota,LMP1,L,Spa,6,2014,47,4:46:18.036,124 Laps,95 Laps,Michelin,Not classified,14.0,2:13.217,189.3,Dominik KRAIHAMER,Andrea BELICCHI,Fabio LEIMER,2014_Spa,LMP1,Top Class (LMP1/Hypercar),133.217
Toyota Racing #7,1,1,Toyota Gazoo Racing,Toyota TS 040 - Hybrid,LMP1,H,Bahrain,6,2014,195,6:00:18.056,,,Michelin,Classified,80.0,1:46.377,183.2,Alexander WURZ,Stéphane SARRAZIN,Mike CONWAY,2014_Bahrain,LMP1,Top Class (LMP1/Hypercar),106.37700000000001
Porsche Team #14,2,2,Porsche Team,Porsche 919 Hybrid,LMP1,H,Bahrain,6,2014,195,6:01:08.516,50.460,50.460,Michelin,Classified,156.0,1:46.157,183.5,Romain DUMAS,Neel JANI,Marc LIEB,2014_Bahrain,LMP1,Top Class (LMP1/Hypercar),106.157
Porsche Team #20,3,3,Porsche Team,Porsche 919 Hybrid,LMP1,H,Bahrain,6,2014,195,6:01:15.324,57.268,6.808,Michelin,Classified,82.0,1:46.388,183.1,Timo BERNHARD,Mark WEBBER,Brendon HARTLEY,2014_Bahrain,LMP1,Top Class (LMP1/Hypercar),106.388
Audi Sport Team Joest #2,4,4,Audi Sport Team Joest,Audi R18 e-tron quattro,LMP1,H,Bahrain,6,2014,194,6:02:01.016,1 Laps,1 Laps,Michelin,Classified,49.0,1:46.126,183.6,Marcel FÄSSLER,André LOTTERER,Benoit TRÉLUYER,2014_Bahrain,LMP1,Top Class (LMP1/Hypercar),106.126
Audi Sport Team Joest #1,5,5,Audi Sport Team Joest,Audi R18 e-tron quattro,LMP1,H,Bahrain,6,2014,193,6:01:31.231,2 Laps,1 Laps,Michelin,Classified,132.0,1:46.142,183.6,Lucas DI GRASSI,Loïc DUVAL,Tom KRISTENSEN,2014_Bahrain,LMP1,Top Class (LMP1/Hypercar),106.142
Rebellion Racing #13,6,6,Rebellion Racing,Rebellion R-One - Toyota,LMP1,L,Bahrain,6,2014,188,6:01:52.512,7 Laps,5 Laps,Michelin,Classified,146.0,1:50.022,177.1,Dominik KRAIHAMER,Andrea BELICCHI,Fabio LEIMER,2014_Bahrain,LMP1,Top Class (LMP1/Hypercar),110.02199999999999
Rebellion Racing #12,7,7,Rebellion Racing,Rebellion R-One - Toyota,LMP1,L,Bahrain,6,2014,182,6:01:51.857,13 Laps,6 Laps,Michelin,Classified,164.0,1:49.164,178.5,Nicolas PROST,Nick HEIDFELD,Mathias BECHE,2014_Bahrain,LMP1,Top Class (LMP1/Hypercar),109.164
KCMG #47,8,1,KCMG,Oreca 03R - Nissan,LMP2,,Bahrain,6,2014,181,6:02:05.985,14 Laps,1 Laps,Dunlop,Classified,10.0,1:53.178,172.1,Matthew HOWSON,Richard BRADLEY,Alexandre IMPERATORI,2014_Bahrain,LMP2,LMP2,113.178
SMP Racing #37,9,2,SMP Racing,Oreca 03R - Nissan,LMP2,,Bahrain,6,2014,178,6:00:52.239,17 Laps,3 Laps,Michelin,Classified,9.0,1:53.056,172.3,Kirill LADYGIN,Viktor SHAITAR,Anton LADYGIN,2014_Bahrain,LMP2,LMP2,113.056
OAK Racing #35,10,3,OAK Racing,Morgan - Judd,LMP2,,Bahrain,6,2014,178,6:01:42.087,17 Laps,49.848,Dunlop,Classified,24.0,1:55.916,168.1,Mark PATTERSON,Keiko IHARA,David CHENG,2014_Bahrain,LMP2,LMP2,115.916
Toyota Racing #8,11,8,Toyota Gazoo Racing,Toyota TS 040 - Hybrid,LMP1,H,Bahrain,6,2014,177,6:00:18.376,18 Laps,1 Laps,Michelin,Classified,122.0,1:45.989,183.8,Anthony DAVIDSON,Sébastien BUEMI,,2014_Bahrain,LMP1,Top Class (LMP1/Hypercar),105.989
G-Drive Racing #26,12,4,G-Drive Racing,Ligier JS P2 - Nissan,LMP2,,Bahrain,6,2014,177,6:02:02.077,18 Laps,1'43.701,Dunlop,Classified,154.0,1:52.283,173.5,Roman RUSINOV,Olivier PLA,Julien CANAL,2014_Bahrain,LMP2,LMP2,112.283
AF Corse #51,13,1,AF Corse,Ferrari F458 Italia,LMGTE Pro,,Bahrain,6,2014,173,6:00:26.170,22 Laps,4 Laps,Michelin,Classified,119.0,2:00.003,162.4,Gianmaria BRUNI,Toni VILANDER,,2014_Bahrain,LMGTE Pro,GT (GTE Pro/Am),120.003
Aston Martin Racing #97,14,2,Aston Martin Racing,Aston Martin Vantage V8,LMGTE Pro,,Bahrain,6,2014,173,6:00:28.049,22 Laps,1.879,Michelin,Classified,152.0,2:00.141,162.2,Darren TURNER,Stefan MÜCKE,,2014_Bahrain,LMGTE Pro,GT (GTE Pro/Am),120.141
AF Corse #71,15,3,AF Corse,Ferrari F458 Italia,LMGTE Pro,,Bahrain,6,2014,173,6:01:11.913,22 Laps,43.864,Michelin,Classified,125.0,2:00.843,161.2,Davide RIGON,James CALADO,,2014_Bahrain,LMGTE Pro,GT (GTE Pro/Am),120.843
Porsche Team Manthey #91,16,4,Porsche Team Manthey,Porsche 911 RSR,LMGTE Pro,,Bahrain,6,2014,173,6:01:14.437,22 Laps,2.524,Michelin,Classified,125.0,2:00.611,161.5,Jörg BERGMEISTER,Richard LIETZ,,2014_Bahrain,LMGTE Pro,GT (GTE Pro/Am),120.611
Porsche Team Manthey #92,17,5,Porsche Team Manthey,Porsche 911 RSR,LMGTE Pro,,Bahrain,6,2014,172,6:00:31.896,23 Laps,1 Laps,Michelin,Classified,98.0,2:00.246,162.0,Frédéric MAKOWIECKI,Patrick PILET,,2014_Bahrain,LMGTE Pro,GT (GTE Pro/Am),120.246
Aston Martin Racing #95,18,1,Aston Martin Racing,Aston Martin Vantage V8,LMGTE Am,,Bahrain,6,2014,172,6:02:23.313,23 Laps,1'51.417,Michelin,Classified,124.0,2:00.382,161.8,Kristian POULSEN,David HEINEMEIER-HANSSON,Nicki THIIM,2014_Bahrain,LMGTE Am,GT (GTE Pro/Am),120.382
AF Corse #81,19,2,AF Corse,Ferrari F458 Italia,LMGTE Am,,Bahrain,6,2014,171,6:01:01.141,24 Laps,1 Laps,Michelin,Classified,61.0,2:00.425,161.8,Stephen WYATT,Michele RUGOLO,Andrea BERTOLINI,2014_Bahrain,LMGTE Am,GT (GTE Pro/Am),120.425
Aston Martin Racing #98,20,3,Aston Martin Racing,Aston Martin Vantage V8,LMGTE Am,,Bahrain,6,2014,171,6:01:25.953,24 Laps,24.812,Michelin,Classified,119.0,2:00.792,161.3,Paul DALLA LANA,Pedro LAMY,Christoffer NYGAARD,2014_Bahrain,LMGTE Am,GT (GTE Pro/Am),120.792
Proton Competition #88,21,4,Proton Competition,Porsche 911 RSR,LMGTE Am,,Bahrain,6,2014,170,6:00:19.916,25 Laps,1 Laps,Michelin,Classified,152.0,2:01.240,160.7,Christian RIED,Klaus BACHLER,Khaled AL QUBAISI,2014_Bahrain,LMGTE Am,GT (GTE Pro/Am),121.24
8 Star Motorsports #90,22,5,8 Star Motorsports,Ferrari F458 Italia,LMGTE Am,,Bahrain,6,2014,170,6:01:20.720,25 Laps,1'00.804,Michelin,Classified,144.0,2:01.321,160.6,Gianluca RODA,Paolo RUBERTI,Matteo CRESSONI,2014_Bahrain,LMGTE Am,GT (GTE Pro/Am),121.321
AF Corse #61,23,6,AF Corse,Ferrari F458 Italia,LMGTE Am,,Bahrain,6,2014,170,6:01:33.264,25 Laps,12.544,Michelin,Classified,145.0,2:00.925,161.1,Alexander TALKANITSA,Alessandro PIER GUIDI,Jeffrey SEGAL,2014_Bahrain,LMGTE Am,GT (GTE Pro/Am),120.925
Aston Martin Racing #99,24,6,Aston Martin Racing,Aston Martin Vantage V8,LMGTE Pro,,Bahrain,6,2014,170,6:01:38.735,25 Laps,5.471,Michelin,Classified,116.0,2:00.354,161.9,Alex MACDOWALL,Fernando REES,Abdulaziz AL FAISAL,2014_Bahrain,LMGTE Pro,GT (GTE Pro/Am),120.354
Prospeed Competition #75,25,7,Prospeed Competition,Porsche 911 RSR,LMGTE Am,,Bahrain,6,2014,170,6:02:13.584,25 Laps,34.849,Michelin,Classified,145.0,2:01.459,160.4,François PERRODO,Emmanuel COLLARD,Matthieu VAXIVIÈRE,2014_Bahrain,LMGTE Am,GT (GTE Pro/Am),121.459
SMP Racing #27,26,5,SMP Racing,Oreca 03R - Nissan,LMP2,,Bahrain,6,2014,171,5:45:33.303,24 Laps,-1 Laps,Michelin,Not classified,8.0,1:52.999,172.4,Sergey ZLOBIN,Nicolas MINASSIAN,Maurizio MEDIANI,2014_Bahrain,LMP2,LMP2,112.999
Lotus #9,27,9,Lotus,CLM P1/01 - AER,LMP1,L,Bahrain,6,2014,1,1:59.627,194 Laps,170 Laps,Michelin,Not classified,,,,Pierre KAFFER,Simon TRUMMER,Nathanael BERTHON,2014_Bahrain,LMP1,Top Class (LMP1/Hypercar),
Audi Sport Team Joest #2,1,1,Audi Sport Team Joest,Audi R18 e-tron quattro,LMP1,H,Cota,6,2014,157,6:01:52.122,,,Michelin,Classified,134.0,1:51.521,178.1,Marcel FÄSSLER,André LOTTERER,Benoit TRÉLUYER,2014_Cota,LMP1,Top Class (LMP1/Hypercar),111.521
Audi Sport Team Joest #1,2,2,Audi Sport Team Joest,Audi R18 e-tron quattro,LMP1,H,Cota,6,2014,157,6:02:45.138,53.016,53.016,Michelin,Classified,127.0,1:50.782,179.2,Lucas DI GRASSI,Loïc DUVAL,Tom KRISTENSEN,2014_Cota,LMP1,Top Class (LMP1/Hypercar),110.782
Toyota Racing #8,3,3,Toyota Gazoo Racing,Toyota TS 040 - Hybrid,LMP1,H,Cota,6,2014,157,6:02:56.067,1'03.945,10.929,Michelin,Classified,138.0,1:50.390,179.9,Anthony DAVIDSON,Nicolas LAPIERRE,Sébastien BUEMI,2014_Cota,LMP1,Top Class (LMP1/Hypercar),110.39
Porsche Team #14,4,4,Porsche Team,Porsche 919 Hybrid,LMP1,H,Cota,6,2014,156,6:01:56.755,1 Laps,1 Laps,Michelin,Classified,43.0,1:51.506,178.1,Romain DUMAS,Neel JANI,Marc LIEB,2014_Cota,LMP1,Top Class (LMP1/Hypercar),111.506
Porsche Team #20,5,5,Porsche Team,Porsche 919 Hybrid,LMP1,H,Cota,6,2014,155,6:02:01.153,2 Laps,1 Laps,Michelin,Classified,130.0,1:51.376,178.3,Timo BERNHARD,Mark WEBBER,Brendon HARTLEY,2014_Cota,LMP1,Top Class (LMP1/Hypercar),111.376
Toyota Racing #7,6,6,Toyota Gazoo Racing,Toyota TS 040 - Hybrid,LMP1,H,Cota,6,2014,155,6:02:11.875,2 Laps,10.722,Michelin,Classified,132.0,1:51.383,178.3,Alexander WURZ,Stéphane SARRAZIN,Mike CONWAY,2014_Cota,LMP1,Top Class (LMP1/Hypercar),111.38300000000001
Rebellion Racing #12,7,7,Rebellion Racing,Rebellion R-One - Toyota,LMP1,L,Cota,6,2014,149,6:02:07.889,8 Laps,6 Laps,Michelin,Classified,7.0,1:53.733,174.6,Nicolas PROST,Nick HEIDFELD,Mathias BECHE,2014_Cota,LMP1,Top Class (LMP1/Hypercar),113.733
KCMG #47,8,1,KCMG,Oreca 03R - Nissan,LMP2,,Cota,6,2014,145,6:03:19.639,12 Laps,4 Laps,Dunlop,Classified,10.0,1:57.815,168.5,Matthew HOWSON,Richard BRADLEY,Tsugio MATSUDA,2014_Cota,LMP2,LMP2,117.815
SMP Racing #27,9,2,SMP Racing,Oreca 03R - Nissan,LMP2,,Cota,6,2014,145,6:04:04.002,12 Laps,44.363,Michelin,Classified,5.0,1:59.273,166.5,Sergey ZLOBIN,Nicolas MINASSIAN,Maurizio MEDIANI,2014_Cota,LMP2,LMP2,119.273
Extreme Speed Motorsports #30,10,3,Extreme Speed Motorsports,HPD ARX 03B - Honda,LMP2,,Cota,6,2014,141,6:02:53.235,16 Laps,4 Laps,Dunlop,Classified,18.0,1:57.581,168.9,Scott SHARP,Ryan DALZIEL,Ed BROWN,2014_Cota,LMP2,LMP2,117.581
Aston Martin Racing #97,11,1,Aston Martin Racing,Aston Martin Vantage V8,LMGTE Pro,,Cota,6,2014,141,6:03:00.639,16 Laps,7.404,Michelin,Classified,88.0,2:06.122,157.4,Darren TURNER,Stefan MÜCKE,,2014_Cota,LMGTE Pro,GT (GTE Pro/Am),126.122
Porsche Team Manthey #92,12,2,Porsche Team Manthey,Porsche 911 RSR,LMGTE Pro,,Cota,6,2014,141,6:03:09.958,16 Laps,9.319,Michelin,Classified,88.0,2:06.680,156.8,Frédéric MAKOWIECKI,Patrick PILET,,2014_Cota,LMGTE Pro,GT (GTE Pro/Am),126.68
AF Corse #51,13,3,AF Corse,Ferrari 458 Italia,LMGTE Pro,,Cota,6,2014,141,6:03:18.875,16 Laps,8.917,Michelin,Classified,95.0,2:06.361,157.1,Gianmaria BRUNI,Toni VILANDER,,2014_Cota,LMGTE Pro,GT (GTE Pro/Am),126.361
G-Drive Racing #26,14,4,G-Drive Racing,Ligier JS P2 - Nissan,LMP2,,Cota,6,2014,141,6:03:37.000,16 Laps,18.125,Dunlop,Classified,4.0,1:57.285,169.3,Roman RUSINOV,Olivier PLA,Julien CANAL,2014_Cota,LMP2,LMP2,117.285
Lotus #9,15,8,Lotus,CLM P1/01 - AER,LMP1,L,Cota,6,2014,140,6:02:41.822,17 Laps,1 Laps,Michelin,Classified,120.0,1:59.547,166.1,Christophe BOUCHUT,James ROSSITER,Lucas AUER,2014_Cota,LMP1,Top Class (LMP1/Hypercar),119.547
Porsche Team Manthey #91,16,4,Porsche Team Manthey,Porsche 911 RSR,LMGTE Pro,,Cota,6,2014,139,6:01:54.143,18 Laps,1 Laps,Michelin,Classified,104.0,2:06.186,157.4,Jörg BERGMEISTER,Nick TANDY,,2014_Cota,LMGTE Pro,GT (GTE Pro/Am),126.186
Aston Martin Racing #98,17,1,Aston Martin Racing,Aston Martin Vantage V8,LMGTE Am,,Cota,6,2014,138,6:03:47.721,19 Laps,1 Laps,Michelin,Classified,11.0,2:06.537,156.9,Paul DALLA LANA,Pedro LAMY,Christoffer NYGAARD,2014_Cota,LMGTE Am,GT (GTE Pro/Am),126.537
Aston Martin Racing #95,18,2,Aston Martin Racing,Aston Martin Vantage V8,LMGTE Am,,Cota,6,2014,138,6:03:48.720,19 Laps,0.999,Michelin,Classified,126.0,2:05.881,157.7,Kristian POULSEN,David HEINEMEIER-HANSSON,Richie STANAWAY,2014_Cota,LMGTE Am,GT (GTE Pro/Am),125.881
AF Corse #71,19,5,AF Corse,Ferrari 458 Italia,LMGTE Pro,,Cota,6,2014,137,6:02:09.767,20 Laps,1 Laps,Michelin,Classified,37.0,2:06.795,156.6,Davide RIGON,James CALADO,,2014_Cota,LMGTE Pro,GT (GTE Pro/Am),126.795
Proton Competition #88,20,3,Proton Competition,Porsche 911 RSR,LMGTE Am,,Cota,6,2014,137,6:02:22.135,20 Laps,12.368,Michelin,Classified,115.0,2:06.943,156.4,Christian RIED,Klaus BACHLER,Khaled AL QUBAISI,2014_Cota,LMGTE Am,GT (GTE Pro/Am),126.943
AF Corse #61,21,4,AF Corse,Ferrari 458 Italia,LMGTE Am,,Cota,6,2014,137,6:02:28.309,20 Laps,6.174,Michelin,Classified,84.0,2:07.334,155.9,Luis PEREZ-COMPANC,Marco CIOCI,Mirko VENTURI,2014_Cota,LMGTE Am,GT (GTE Pro/Am),127.334
Aston Martin Racing #99,22,6,Aston Martin Racing,Aston Martin Vantage V8,LMGTE Pro,,Cota,6,2014,137,6:02:43.825,20 Laps,15.516,Michelin,Classified,33.0,2:06.711,156.7,Alex MACDOWALL,Darryl O'YOUNG,Fernando REES,2014_Cota,LMGTE Pro,GT (GTE Pro/Am),126.711
8 Star Motorsports #90,23,5,8 Star Motorsports,Ferrari 458 Italia,LMGTE Am,,Cota,6,2014,136,6:02:44.739,21 Laps,1 Laps,Michelin,Classified,4.0,2:07.178,156.1,Gianluca RODA,Paolo RUBERTI,Jeffrey SEGAL,2014_Cota,LMGTE Am,GT (GTE Pro/Am),127.178
Corvette Racing #65,24,7,Corvette Racing,Corvette C7.R,LMGTE Pro,,Cota,6,2014,135,6:02:08.152,22 Laps,1 Laps,Michelin,Classified,119.0,2:06.446,157.0,Ricky TAYLOR,Jordan TAYLOR,Tom MILNER,2014_Cota,LMGTE Pro,GT (GTE Pro/Am),126.446
Krohn Racing #57,25,6,Krohn Racing,Ferrari 458 Italia,LMGTE Am,,Cota,6,2014,135,6:02:45.118,22 Laps,36.966,Michelin,Classified,120.0,2:07.961,155.2,Tracy KROHN,Niclas JÖNSSON,Ben COLLINS,2014_Cota,LMGTE Am,GT (GTE Pro/Am),127.961
AF Corse #81,26,7,AF Corse,Ferrari 458 Italia,LMGTE Am,,Cota,6,2014,133,6:03:25.929,24 Laps,2 Laps,Michelin,Classified,118.0,2:06.820,156.6,Stephen WYATT,Michele RUGOLO,Andrea BERTOLINI,2014_Cota,LMGTE Am,GT (GTE Pro/Am),126.82
Prospeed Competition #75,27,8,Prospeed Competition,Porsche 911 GT3 RSR,LMGTE Am,,Cota,6,2014,111,6:02:56.219,46 Laps,22 Laps,Michelin,Classified,24.0,2:08.316,154.8,François PERRODO,Emmanuel COLLARD,Matthieu VAXIVIÈRE,2014_Cota,LMGTE Am,GT (GTE Pro/Am),128.316
Rebellion Racing #13,28,9,Rebellion Racing,Rebellion R-One - Toyota,LMP1,L,Cota,6,2014,88,4:04:55.059,69 Laps,23 Laps,Michelin,Not classified,18.0,1:54.576,173.3,Dominik KRAIHAMER,Andrea BELICCHI,Fabio LEIMER,2014_Cota,LMP1,Top Class (LMP1/Hypercar),114.576
SMP Racing #37,29,5,SMP Racing,Oreca 03R - Nissan,LMP2,,Cota,6,2014,75,3:36:27.829,82 Laps,13 Laps,Michelin,Not classified,3.0,1:59.456,166.2,Kirill LADYGIN,Viktor SHAITAR,Anton LADYGIN,2014_Cota,LMP2,LMP2,119.456
Toyota Racing #8,1,1,Toyota Gazoo Racing,Toyota TS 040 - Hybrid,LMP1,H,Fuji,6,2014,236,6:00:39.367,,,Michelin,Classified,222.0,1:27.815,187.1,Anthony DAVIDSON,Sébastien BUEMI,,2014_Fuji,LMP1,Top Class (LMP1/Hypercar),87.815
Toyota Racing #7,2,2,Toyota Gazoo Racing,Toyota TS 040 - Hybrid,LMP1,H,Fuji,6,2014,236,6:01:04.994,25.627,25.627,Michelin,Classified,210.0,1:27.887,186.9,Alexander WURZ,Stéphane SARRAZIN,Kazuki NAKAJIMA,2014_Fuji,LMP1,Top Class (LMP1/Hypercar),87.887
Porsche Team #20,3,3,Porsche Team,Porsche 919 Hybrid,LMP1,H,Fuji,6,2014,235,6:01:53.875,1 Laps,1 Laps,Michelin,Classified,12.0,1:27.759,187.2,Timo BERNHARD,Mark WEBBER,Brendon HARTLEY,2014_Fuji,LMP1,Top Class (LMP1/Hypercar),87.759
Porsche Team #14,4,4,Porsche Team,Porsche 919 Hybrid,LMP1,H,Fuji,6,2014,234,6:01:19.485,2 Laps,1 Laps,Michelin,Classified,191.0,1:28.533,185.5,Romain DUMAS,Neel JANI,Marc LIEB,2014_Fuji,LMP1,Top Class (LMP1/Hypercar),88.533
Audi Sport Team Joest #1,5,5,Audi Sport Team Joest,Audi R18 e-tron quattro,LMP1,H,Fuji,6,2014,234,6:01:36.302,2 Laps,16.817,Michelin,Classified,73.0,1:28.609,185.4,Lucas DI GRASSI,Loïc DUVAL,Tom KRISTENSEN,2014_Fuji,LMP1,Top Class (LMP1/Hypercar),88.60900000000001
Audi Sport Team Joest #2,6,6,Audi Sport Team Joest,Audi R18 e-tron quattro,LMP1,H,Fuji,6,2014,233,6:01:31.183,3 Laps,1 Laps,Michelin,Classified,11.0,1:28.898,184.8,Marcel FÄSSLER,André LOTTERER,Benoit TRÉLUYER,2014_Fuji,LMP1,Top Class (LMP1/Hypercar),88.898
G-Drive Racing #26,7,1,G-Drive Racing,Ligier JS P2 - Nissan,LMP2,,Fuji,6,2014,219,6:01:05.703,17 Laps,14 Laps,Dunlop,Classified,199.0,1:33.996,174.8,Roman RUSINOV,Olivier PLA,Julien CANAL,2014_Fuji,LMP2,LMP2,93.99600000000001
KCMG #47,8,2,KCMG,Oreca 03R - Nissan,LMP2,,Fuji,6,2014,219,6:01:11.137,17 Laps,5.434,Dunlop,Classified,22.0,1:34.231,174.3,Matthew HOWSON,Richard BRADLEY,Alexandre IMPERATORI,2014_Fuji,LMP2,LMP2,94.231
OAK Racing #35,9,3,OAK Racing,Morgan - Judd,LMP2,,Fuji,6,2014,216,6:01:47.663,20 Laps,3 Laps,Dunlop,Classified,7.0,1:34.645,173.6,Keiko IHARA,Gustavo YACAMAN,Alex BRUNDLE,2014_Fuji,LMP2,LMP2,94.64500000000001
SMP Racing #27,10,4,SMP Racing,Oreca 03R - Nissan,LMP2,,Fuji,6,2014,215,6:01:05.098,21 Laps,1 Laps,Michelin,Classified,5.0,1:35.001,172.9,Sergey ZLOBIN,Nicolas MINASSIAN,Maurizio MEDIANI,2014_Fuji,LMP2,LMP2,95.001
Rebellion Racing #13,11,7,Rebellion Racing,Rebellion R-One - Toyota,LMP1,L,Fuji,6,2014,215,6:01:28.985,21 Laps,23.887,Michelin,Classified,7.0,1:32.080,178.4,Dominik KRAIHAMER,Andrea BELICCHI,Fabio LEIMER,2014_Fuji,LMP1,Top Class (LMP1/Hypercar),92.08
SMP Racing #37,12,5,SMP Racing,Oreca 03R - Nissan,LMP2,,Fuji,6,2014,212,6:02:08.311,24 Laps,3 Laps,Michelin,Classified,10.0,1:34.863,173.2,Kirill LADYGIN,Viktor SHAITAR,Anton LADYGIN,2014_Fuji,LMP2,LMP2,94.863
AF Corse #51,13,1,AF Corse,Ferrari F458 Italia,LMGTE Pro,,Fuji,6,2014,208,6:01:30.795,28 Laps,4 Laps,Michelin,Classified,72.0,1:40.711,163.1,Gianmaria BRUNI,Toni VILANDER,,2014_Fuji,LMGTE Pro,GT (GTE Pro/Am),100.711
AF Corse #71,14,2,AF Corse,Ferrari F458 Italia,LMGTE Pro,,Fuji,6,2014,208,6:01:33.697,28 Laps,2.902,Michelin,Classified,74.0,1:40.696,163.1,Davide RIGON,James CALADO,,2014_Fuji,LMGTE Pro,GT (GTE Pro/Am),100.696
Aston Martin Racing #99,15,3,Aston Martin Racing,Aston Martin Vantage V8,LMGTE Pro,,Fuji,6,2014,208,6:02:12.747,28 Laps,39.050,Michelin,Classified,6.0,1:40.609,163.3,Alex MACDOWALL,Darryl O'YOUNG,Fernando REES,2014_Fuji,LMGTE Pro,GT (GTE Pro/Am),100.60900000000001
Porsche Team Manthey #91,16,4,Porsche Team Manthey,Porsche 911 RSR,LMGTE Pro,,Fuji,6,2014,207,6:01:01.266,29 Laps,1 Laps,Michelin,Classified,32.0,1:40.716,163.1,Jörg BERGMEISTER,Richard LIETZ,,2014_Fuji,LMGTE Pro,GT (GTE Pro/Am),100.71600000000001
Aston Martin Racing #95,17,1,Aston Martin Racing,Aston Martin Vantage V8,LMGTE Am,,Fuji,6,2014,207,6:01:32.028,29 Laps,30.762,Michelin,Classified,10.0,1:40.766,163.0,Kristian POULSEN,David HEINEMEIER-HANSSON,Nicki THIIM,2014_Fuji,LMGTE Am,GT (GTE Pro/Am),100.76599999999999
Aston Martin Racing #98,18,2,Aston Martin Racing,Aston Martin Vantage V8,LMGTE Am,,Fuji,6,2014,207,6:02:08.470,29 Laps,36.442,Michelin,Classified,6.0,1:40.797,163.0,Paul DALLA LANA,Pedro LAMY,Christoffer NYGAARD,2014_Fuji,LMGTE Am,GT (GTE Pro/Am),100.797
Prospeed Competition #75,19,3,Prospeed Competition,Porsche 911 RSR,LMGTE Am,,Fuji,6,2014,204,6:01:05.291,32 Laps,3 Laps,Michelin,Classified,121.0,1:41.286,162.2,François PERRODO,Emmanuel COLLARD,Matthieu VAXIVIÈRE,2014_Fuji,LMGTE Am,GT (GTE Pro/Am),101.286
Proton Competition #88,20,4,Proton Competition,Porsche 911 RSR,LMGTE Am,,Fuji,6,2014,204,6:01:05.952,32 Laps,0.661,Michelin,Classified,175.0,1:41.272,162.2,Christian RIED,Klaus BACHLER,Khaled AL QUBAISI,2014_Fuji,LMGTE Am,GT (GTE Pro/Am),101.27199999999999
Aston Martin Racing #97,21,5,Aston Martin Racing,Aston Martin Vantage V8,LMGTE Pro,,Fuji,6,2014,204,6:01:22.656,32 Laps,16.704,Michelin,Classified,28.0,1:40.532,163.4,Darren TURNER,Stefan MÜCKE,,2014_Fuji,LMGTE Pro,GT (GTE Pro/Am),100.532
AF Corse #61,22,5,AF Corse,Ferrari F458 Italia,LMGTE Am,,Fuji,6,2014,203,6:01:11.218,33 Laps,1 Laps,Michelin,Classified,138.0,1:41.253,162.2,Bret CURTIS,Jeroen BLEEKEMOLEN,Michael SKEEN,2014_Fuji,LMGTE Am,GT (GTE Pro/Am),101.253
Porsche Team Manthey #92,23,6,Porsche Team Manthey,Porsche 911 RSR,LMGTE Pro,,Fuji,6,2014,202,6:02:09.083,34 Laps,1 Laps,Michelin,Classified,9.0,1:41.239,162.3,Frédéric MAKOWIECKI,Patrick PILET,,2014_Fuji,LMGTE Pro,GT (GTE Pro/Am),101.239
Rebellion Racing #12,24,8,Rebellion Racing,Rebellion R-One - Toyota,LMP1,L,Fuji,6,2014,179,6:01:49.808,57 Laps,23 Laps,Michelin,Classified,8.0,1:31.658,179.2,Nicolas PROST,Nick HEIDFELD,Mathias BECHE,2014_Fuji,LMP1,Top Class (LMP1/Hypercar),91.658
Lotus #9,25,9,Lotus,CLM P1/01 - AER,LMP1,L,Fuji,6,2014,181,5:01:57.280,55 Laps,-2 Laps,Michelin,Not classified,32.0,1:33.780,175.2,Christophe BOUCHUT,James ROSSITER,Pierre KAFFER,2014_Fuji,LMP1,Top Class (LMP1/Hypercar),93.78
AF Corse #81,26,6,AF Corse,Ferrari F458 Italia,LMGTE Am,,Fuji,6,2014,169,4:58:29.781,67 Laps,12 Laps,Michelin,Not classified,116.0,1:41.518,161.8,Stephen WYATT,Michele RUGOLO,Andrea BERTOLINI,2014_Fuji,LMGTE Am,GT (GTE Pro/Am),101.518
8 Star Motorsports #90,27,7,8 Star Motorsports,Ferrari F458 Italia,LMGTE Am,,Fuji,6,2014,64,1:51:47.196,172 Laps,105 Laps,Michelin,Not classified,4.0,1:41.488,161.9,Gianluca RODA,Paolo RUBERTI,Jeffrey SEGAL,2014_Fuji,LMGTE Am,GT (GTE Pro/Am),101.488
Porsche Team #14,1,1,Porsche Team,Porsche 919 Hybrid,LMP1,H,Interlagos,6,2014,249,6:01:44.608,,,Michelin,Classified,219.0,1:18.408,197.8,Romain DUMAS,Neel JANI,Marc LIEB,2014_Interlagos,LMP1,Top Class (LMP1/Hypercar),78.408
Toyota Racing #8,2,2,Toyota Gazoo Racing,Toyota TS 040 - Hybrid,LMP1,H,Interlagos,6,2014,249,6:01:44.778,0.170,0.170,Michelin,Classified,224.0,1:18.399,197.9,Anthony DAVIDSON,Sébastien BUEMI,,2014_Interlagos,LMP1,Top Class (LMP1/Hypercar),78.399
Audi Sport Team Joest #1,3,3,Audi Sport Team Joest,Audi R18 e-tron quattro,LMP1,H,Interlagos,6,2014,248,6:01:45.711,1 Laps,1 Laps,Michelin,Classified,169.0,1:18.413,197.8,Lucas DI GRASSI,Loïc DUVAL,Tom KRISTENSEN,2014_Interlagos,LMP1,Top Class (LMP1/Hypercar),78.413
Toyota Racing #7,4,4,Toyota Gazoo Racing,Toyota TS 040 - Hybrid,LMP1,H,Interlagos,6,2014,248,6:01:47.120,1 Laps,1.409,Michelin,Classified,221.0,1:18.778,196.9,Alexander WURZ,Stéphane SARRAZIN,Mike CONWAY,2014_Interlagos,LMP1,Top Class (LMP1/Hypercar),78.77799999999999
Audi Sport Team Joest #2,5,5,Audi Sport Team Joest,Audi R18 e-tron quattro,LMP1,H,Interlagos,6,2014,248,6:02:13.223,1 Laps,26.103,Michelin,Classified,188.0,1:18.367,197.9,Marcel FÄSSLER,André LOTTERER,Benoit TRÉLUYER,2014_Interlagos,LMP1,Top Class (LMP1/Hypercar),78.367
KCMG #47,6,1,KCMG,Oreca 03R - Nissan,LMP2,,Interlagos,6,2014,225,6:01:45.262,24 Laps,23 Laps,Dunlop,Classified,26.0,1:25.344,181.8,Matthew HOWSON,Richard BRADLEY,Alexandre IMPERATORI,2014_Interlagos,LMP2,LMP2,85.344
Aston Martin Racing #97,7,1,Aston Martin Racing,Aston Martin Vantage V8,LMGTE Pro,,Interlagos,6,2014,221,6:01:46.553,28 Laps,4 Laps,Michelin,Classified,147.0,1:30.288,171.8,Darren TURNER,Stefan MÜCKE,,2014_Interlagos,LMGTE Pro,GT (GTE Pro/Am),90.288
Porsche Team Manthey #92,8,2,Porsche Team Manthey,Porsche 911 RSR,LMGTE Pro,,Interlagos,6,2014,221,6:01:54.148,28 Laps,7.595,Michelin,Classified,196.0,1:30.101,172.2,Frédéric MAKOWIECKI,Patrick PILET,,2014_Interlagos,LMGTE Pro,GT (GTE Pro/Am),90.101
AF Corse #71,9,3,AF Corse,Ferrari F458 Italia,LMGTE Pro,,Interlagos,6,2014,221,6:01:59.219,28 Laps,5.071,Michelin,Classified,146.0,1:30.644,171.1,Davide RIGON,James CALADO,,2014_Interlagos,LMGTE Pro,GT (GTE Pro/Am),90.644
AF Corse #51,10,4,AF Corse,Ferrari F458 Italia,LMGTE Pro,,Interlagos,6,2014,220,6:01:51.558,29 Laps,1 Laps,Michelin,Classified,132.0,1:30.742,171.0,Gianmaria BRUNI,Toni VILANDER,,2014_Interlagos,LMGTE Pro,GT (GTE Pro/Am),90.742
Aston Martin Racing #99,11,5,Aston Martin Racing,Aston Martin Vantage V8,LMGTE Pro,,Interlagos,6,2014,220,6:01:53.341,29 Laps,1.783,Michelin,Classified,196.0,1:30.608,171.2,Alex MACDOWALL,Darryl O'YOUNG,Fernando REES,2014_Interlagos,LMGTE Pro,GT (GTE Pro/Am),90.608
Porsche Team Manthey #91,12,6,Porsche Team Manthey,Porsche 911 RSR,LMGTE Pro,,Interlagos,6,2014,220,6:01:55.627,29 Laps,2.286,Michelin,Classified,192.0,1:30.633,171.2,Jörg BERGMEISTER,Richard LIETZ,,2014_Interlagos,LMGTE Pro,GT (GTE Pro/Am),90.633
Aston Martin Racing #98,13,1,Aston Martin Racing,Aston Martin Vantage V8,LMGTE Am,,Interlagos,6,2014,219,6:01:56.921,30 Laps,1 Laps,Michelin,Classified,140.0,1:30.398,171.6,Paul DALLA LANA,Pedro LAMY,Christoffer NYGAARD,2014_Interlagos,LMGTE Am,GT (GTE Pro/Am),90.398
Aston Martin Racing #95,14,2,Aston Martin Racing,Aston Martin Vantage V8,LMGTE Am,,Interlagos,6,2014,219,6:02:02.019,30 Laps,5.098,Michelin,Classified,187.0,1:30.892,170.7,Kristian POULSEN,David HEINEMEIER-HANSSON,Nicki THIIM,2014_Interlagos,LMGTE Am,GT (GTE Pro/Am),90.892
AF Corse #81,15,3,AF Corse,Ferrari F458 Italia,LMGTE Am,,Interlagos,6,2014,219,6:02:17.586,30 Laps,15.567,Michelin,Classified,198.0,1:31.300,169.9,Stephen WYATT,Michele RUGOLO,Andrea BERTOLINI,2014_Interlagos,LMGTE Am,GT (GTE Pro/Am),91.3
Proton Competition #88,16,4,Proton Competition,Porsche 911 RSR,LMGTE Am,,Interlagos,6,2014,217,6:01:57.724,32 Laps,2 Laps,Michelin,Classified,192.0,1:31.032,170.4,Christian RIED,Klaus BACHLER,Khaled AL QUBAISI,2014_Interlagos,LMGTE Am,GT (GTE Pro/Am),91.032
Prospeed Competition #75,17,5,Prospeed Competition,Porsche 911 RSR,LMGTE Am,,Interlagos,6,2014,217,6:02:12.547,32 Laps,14.823,Michelin,Classified,203.0,1:31.155,170.2,François PERRODO,Emmanuel COLLARD,Matthieu VAXIVIÈRE,2014_Interlagos,LMGTE Am,GT (GTE Pro/Am),91.155
Rebellion Racing #13,18,6,Rebellion Racing,Rebellion R-One - Toyota,LMP1,L,Interlagos,6,2014,214,6:01:55.263,35 Laps,3 Laps,Michelin,Classified,126.0,1:21.539,190.2,Dominik KRAIHAMER,Andrea BELICCHI,Fabio LEIMER,2014_Interlagos,LMP1,Top Class (LMP1/Hypercar),81.539
Rebellion Racing #12,19,7,Rebellion Racing,Rebellion R-One - Toyota,LMP1,L,Interlagos,6,2014,211,6:02:15.021,38 Laps,3 Laps,Michelin,Classified,82.0,1:21.115,191.2,Nicolas PROST,Nick HEIDFELD,Mathias BECHE,2014_Interlagos,LMP1,Top Class (LMP1/Hypercar),81.115
SMP Racing #27,20,2,SMP Racing,Oreca 03R - Nissan,LMP2,,Interlagos,6,2014,207,6:02:01.121,42 Laps,4 Laps,Michelin,Classified,21.0,1:25.727,181.0,Sergey ZLOBIN,Nicolas MINASSIAN,Maurizio MEDIANI,2014_Interlagos,LMP2,LMP2,85.727
AF Corse #61,21,6,AF Corse,Ferrari F458 Italia,LMGTE Am,,Interlagos,6,2014,186,6:02:03.318,63 Laps,21 Laps,Michelin,Classified,168.0,1:31.167,170.2,Emerson FITTIPALDI,Alessandro PIER GUIDI,Jeffrey SEGAL,2014_Interlagos,LMGTE Am,GT (GTE Pro/Am),91.167
Porsche Team #20,22,8,Porsche Team,Porsche 919 Hybrid,LMP1,H,Interlagos,6,2014,236,5:30:53.778,13 Laps,-50 Laps,Michelin,Not classified,33.0,1:18.617,197.3,Timo BERNHARD,Mark WEBBER,Brendon HARTLEY,2014_Interlagos,LMP1,Top Class (LMP1/Hypercar),78.617
8 Star Motorsports #90,23,7,8 Star Motorsports,Ferrari F458 Italia,LMGTE Am,,Interlagos,6,2014,205,5:30:43.463,44 Laps,31 Laps,Michelin,Not classified,137.0,1:31.351,169.8,Gianluca RODA,Paolo RUBERTI,Matteo CRESSONI,2014_Interlagos,LMGTE Am,GT (GTE Pro/Am),91.351
SMP Racing #37,24,3,SMP Racing,Oreca 03R - Nissan,LMP2,,Interlagos,6,2014,136,3:31:09.715,113 Laps,69 Laps,Michelin,Not classified,10.0,1:26.113,180.1,Kirill LADYGIN,Viktor SHAITAR,Anton LADYGIN,2014_Interlagos,LMP2,LMP2,86.113
Lotus #9,25,9,Lotus,CLM P1/01 - AER,LMP1,L,Interlagos,6,2014,60,1:56:24.391,189 Laps,76 Laps,Michelin,Not classified,18.0,1:22.635,187.7,Pierre KAFFER,Lucas AUER,,2014_Interlagos,LMP1,Top Class (LMP1/Hypercar),82.635
G-Drive Racing #26,26,4,G-Drive Racing,Ligier JS P2 - Nissan,LMP2,,Interlagos,6,2014,41,1:00:09.545,208 Laps,19 Laps,Dunlop,Not classified,28.0,1:24.916,182.7,Roman RUSINOV,Olivier PLA,Julien CANAL,2014_Interlagos,LMP2,LMP2,84.916
Audi Sport Team Joest #2,1,1,Audi Sport Team Joest,Audi R18 e-tron quattro,LMP1,H,LeMans,24,2014,379,24:01:59.830,,,Michelin,Classified,317.0,3:22.567,242.2,Marcel FÄSSLER,André LOTTERER,Benoit TRÉLUYER,2014_LeMans,LMP1,Top Class (LMP1/Hypercar),202.567
Audi Sport Team Joest #1,2,2,Audi Sport Team Joest,Audi R18 e-tron quattro,LMP1,H,LeMans,24,2014,376,24:02:00.046,3 Laps,3 Laps,Michelin,Classified,3.0,3:24.393,240.0,Lucas DI GRASSI,Marc GENÉ,Tom KRISTENSEN,2014_LeMans,LMP1,Top Class (LMP1/Hypercar),204.393
Toyota Racing #8,3,3,Toyota Gazoo Racing,Toyota TS 040 - Hybrid,LMP1,H,LeMans,24,2014,374,24:02:48.616,5 Laps,2 Laps,Michelin,Classified,4.0,3:23.117,241.6,Anthony DAVIDSON,Nicolas LAPIERRE,Sébastien BUEMI,2014_LeMans,LMP1,Top Class (LMP1/Hypercar),203.117
Rebellion Racing #12,4,4,Rebellion Racing,Rebellion R-One - Toyota,LMP1,L,LeMans,24,2014,360,24:04:23.295,19 Laps,14 Laps,Michelin,Classified,303.0,3:28.466,235.4,Nicolas PROST,Nick HEIDFELD,Mathias BECHE,2014_LeMans,LMP1,Top Class (LMP1/Hypercar),208.466
Jota Sport #38,5,1,Jota Sport,Zytek Z11SN - Nissan,LMP2,,LeMans,24,2014,356,24:05:18.968,23 Laps,4 Laps,Dunlop,Classified,325.0,3:38.285,224.8,Simon DOLAN,Harry TINCKNELL,Oliver TURVEY,2014_LeMans,LMP2,LMP2,218.285
Thiriet By TDS Racing #46,6,2,Thiriet By TDS Racing,Ligier JS P2 - Nissan,LMP2,,LeMans,24,2014,355,24:02:03.737,24 Laps,1 Laps,Dunlop,Classified,326.0,3:37.793,225.3,Pierre THIRIET,Ludovic BADEY,Tristan GOMMENDY,2014_LeMans,LMP2,LMP2,217.793
Signatech Alpine #36,7,3,Signatech Alpine,Alpine A450b - Nissan,LMP2,,LeMans,24,2014,355,24:04:40.164,24 Laps,2'36.427,Dunlop,Classified,326.0,3:37.787,225.3,Paul-Loup CHATIN,Nelson PANCIATICI,Oliver WEBB,2014_LeMans,LMP2,LMP2,217.787
Sebastien Loeb Racing #24,8,4,Sebastien Loeb Racing,Oreca 03R - Nissan,LMP2,,LeMans,24,2014,354,24:02:37.077,25 Laps,1 Laps,Michelin,Classified,342.0,3:39.873,223.1,René RAST,Jan CHAROUZ,Vincent CAPILLAIRE,2014_LeMans,LMP2,LMP2,219.873
OAK Racing #35,9,5,OAK Racing,Ligier - Nissan,LMP2,,LeMans,24,2014,354,24:04:24.828,25 Laps,1'47.751,Dunlop,Classified,228.0,3:38.032,225.0,Alex BRUNDLE,Jann MARDENBOROUGH,Mark SHULZHITSKIY,2014_LeMans,LMP2,LMP2,218.03199999999998
Newblood By Morand Racing #43,10,6,Newblood By Morand Racing,Morgan - Judd,LMP2,,LeMans,24,2014,352,24:04:50.564,27 Laps,2 Laps,Dunlop,Classified,292.0,3:40.254,222.8,Christian KLIEN,Gary HIRSCH,Romain BRANDELA,2014_LeMans,LMP2,LMP2,220.254
Porsche Team #14,11,5,Porsche Team,Porsche 919 Hybrid,LMP1,H,LeMans,24,2014,348,24:02:00.809,31 Laps,4 Laps,Michelin,Classified,4.0,3:24.899,239.5,Romain DUMAS,Neel JANI,Marc LIEB,2014_LeMans,LMP1,Top Class (LMP1/Hypercar),204.899
OAK Racing - Team Asia #33,12,7,OAK Racing - Team Asia,Ligier JS P2 - HPD,LMP2,,LeMans,24,2014,347,24:02:09.711,32 Laps,1 Laps,Michelin,Classified,246.0,3:40.261,222.8,David CHENG,Ho-Pin TUNG,Adderly FONG,2014_LeMans,LMP2,LMP2,220.261
Race Performance #34,13,8,Race Performance,Oreca 03R - Judd,LMP2,,LeMans,24,2014,342,24:04:20.403,37 Laps,5 Laps,Dunlop,Classified,293.0,3:40.256,222.8,Michel FREY,Franck MAILLEUX,Jon LANCASTER,2014_LeMans,LMP2,LMP2,220.256
Larbre Competition #50,14,9,Larbre Competition,Morgan - Judd,LMP2,,LeMans,24,2014,341,24:07:24.504,38 Laps,1 Laps,Michelin,Classified,269.0,3:43.486,219.5,Pierre RAGUES,Ricky TAYLOR,Keiko IHARA,2014_LeMans,LMP2,LMP2,223.486
AF Corse #51,15,1,AF Corse,Ferrari 458 Italia,LMGTE Pro,,LeMans,24,2014,339,24:02:02.453,40 Laps,2 Laps,Michelin,Classified,256.0,3:54.566,209.2,Gianmaria BRUNI,Toni VILANDER,Giancarlo FISICHELLA,2014_LeMans,LMGTE Pro,GT (GTE Pro/Am),234.566
Corvette Racing #73,16,2,Corvette Racing,Chevrolet Corvette - C7,LMGTE Pro,,LeMans,24,2014,338,24:02:32.384,41 Laps,1 Laps,Michelin,Classified,318.0,3:53.869,209.8,Jan MAGNUSSEN,Antonio GARCIA,Jordan TAYLOR,2014_LeMans,LMGTE Pro,GT (GTE Pro/Am),233.869
Porsche Team Manthey #92,17,3,Porsche Team Manthey,Porsche 911 RSR,LMGTE Pro,,LeMans,24,2014,337,24:02:30.592,42 Laps,1 Laps,Michelin,Classified,210.0,3:54.557,209.2,Marco HOLZER,Frédéric MAKOWIECKI,Richard LIETZ,2014_LeMans,LMGTE Pro,GT (GTE Pro/Am),234.55700000000002
Pegasus Racing #29,18,10,Pegasus Racing,Morgan - Nissan,LMP2,,LeMans,24,2014,336,24:02:01.608,43 Laps,1 Laps,Dunlop,Classified,271.0,3:39.503,223.5,Julien SCHELL,Nicolas LEUTWILER,Léo ROUSSEL,2014_LeMans,LMP2,LMP2,219.503
Aston Martin Racing #95,19,1,Aston Martin Racing,Aston Martin Vantage V8,LMGTE Am,,LeMans,24,2014,334,24:02:07.252,45 Laps,2 Laps,Michelin,Classified,11.0,3:55.798,208.1,Kristian POULSEN,David HEINEMEIER-HANSSON,Nicki THIIM,2014_LeMans,LMGTE Am,GT (GTE Pro/Am),235.798
Corvette Racing #74,20,4,Corvette Racing,Chevrolet Corvette - C7,LMGTE Pro,,LeMans,24,2014,333,24:05:23.009,46 Laps,1 Laps,Michelin,Classified,276.0,3:54.652,209.1,Oliver GAVIN,Tommy MILNER,Richard WESTBROOK,2014_LeMans,LMGTE Pro,GT (GTE Pro/Am),234.652
Proton Competition #88,21,2,Proton Competition,Porsche 911 RSR,LMGTE Am,,LeMans,24,2014,332,24:04:19.744,47 Laps,1 Laps,Michelin,Classified,314.0,3:57.372,206.7,Christian RIED,Klaus BACHLER,Khaled AL QUBAISI,2014_LeMans,LMGTE Am,GT (GTE Pro/Am),237.372
AF Corse #61,22,3,AF Corse,Ferrari 458 Italia,LMGTE Am,,LeMans,24,2014,331,24:02:16.626,48 Laps,1 Laps,Michelin,Classified,3.0,3:57.373,206.7,Luis PEREZ-COMPANC,Marco CIOCI,Mirko VENTURI,2014_LeMans,LMGTE Am,GT (GTE Pro/Am),237.373
8 Star Motorsports #90,23,4,8 Star Motorsports,Ferrari 458 Italia,LMGTE Am,,LeMans,24,2014,330,24:02:02.923,49 Laps,1 Laps,Michelin,Classified,5.0,3:56.672,207.3,Franck MONTECALVO,Gianluca RODA,Paolo RUBERTI,2014_LeMans,LMGTE Am,GT (GTE Pro/Am),236.672
Dempsey Racing - Proton #77,24,5,Dempsey Racing - Proton,Porsche 911 RSR,LMGTE Am,,LeMans,24,2014,329,24:02:06.312,50 Laps,1 Laps,Michelin,Classified,308.0,3:56.451,207.5,Patrick DEMPSEY,Joe FOSTER,Patrick LONG,2014_LeMans,LMGTE Am,GT (GTE Pro/Am),236.451
Caterham Racing #42,25,11,Caterham Racing,Zytek Z11SN - Nissan,LMP2,,LeMans,24,2014,329,24:02:10.667,50 Laps,4.355,Dunlop,Classified,272.0,3:40.039,223.0,Thomas KIMBER-SMITH,Matthew McMURRY,Chris DYSON,2014_LeMans,LMP2,LMP2,220.039
Aston Martin Racing #98,26,6,Aston Martin Racing,Aston Martin Vantage V8,LMGTE Am,,LeMans,24,2014,329,24:02:49.288,50 Laps,38.621,Michelin,Classified,283.0,3:54.480,209.2,Paul DALLA LANA,Pedro LAMY,Christoffer NYGAARD,2014_LeMans,LMGTE Am,GT (GTE Pro/Am),234.48
JMW Motorsport #66,27,7,JMW Motorsport,Ferrari 458 Italia,LMGTE Am,,LeMans,24,2014,327,24:02:58.009,52 Laps,2 Laps,Michelin,Classified,255.0,3:57.146,206.9,Abdulaziz Turki AL FAISAL,Seth NEIMAN,Spencer PUMPELLY,2014_LeMans,LMGTE Am,GT (GTE Pro/Am),237.14600000000002
Team Taisan #70,28,8,Team Taisan,Ferrari 458 Italia,LMGTE Am,,LeMans,24,2014,327,24:04:38.095,52 Laps,1'40.086,Michelin,Classified,275.0,4:00.847,203.7,Shinji NAKANO,Pierre EHRET,Martin RICH,2014_LeMans,LMGTE Am,GT (GTE Pro/Am),240.847
Team Sofrev ASP #58,29,9,Team Sofrev ASP,Ferrari 458 Italia,LMGTE Am,,LeMans,24,2014,325,24:02:35.128,54 Laps,2 Laps,Michelin,Classified,282.0,3:58.437,205.8,Fabien BARTHEZ,Anthony PONS,Soheil AYARI,2014_LeMans,LMGTE Am,GT (GTE Pro/Am),238.437
Krohn Racing #57,30,10,Krohn Racing,Ferrari 458 Italia,LMGTE Am,,LeMans,24,2014,324,24:02:08.834,55 Laps,1 Laps,Michelin,Classified,299.0,3:56.752,207.2,Tracy KROHN,Niclas JÖNSSON,Ben COLLINS,2014_LeMans,LMGTE Am,GT (GTE Pro/Am),236.752
IMSA Performance Matmut #76,31,11,IMSA Performance Matmut,Porsche 911 GT3 RSR,LMGTE Am,,LeMans,24,2014,323,24:02:03.614,56 Laps,1 Laps,Michelin,Classified,87.0,3:58.823,205.4,Raymond NARAC,Nicolas ARMINDO,David HALLYDAY,2014_LeMans,LMGTE Am,GT (GTE Pro/Am),238.823
RAM Racing #53,32,12,RAM Racing,Ferrari 458 Italia,LMGTE Am,,LeMans,24,2014,319,24:04:04.804,60 Laps,4 Laps,Michelin,Classified,196.0,3:58.495,205.7,Johnny MOWLEM,Mark PATTERSON,Archie HAMILTON,2014_LeMans,LMGTE Am,GT (GTE Pro/Am),238.495
Prospeed Competition #79,33,5,Prospeed Competition,Porsche 911 GT3 RSR,LMGTE Pro,,LeMans,24,2014,319,24:05:21.315,60 Laps,1'16.511,Michelin,Classified,2.0,4:01.466,203.2,Cooper MacNEIL,Jeroen BLEEKEMOLEN,,2014_LeMans,LMGTE Pro,GT (GTE Pro/Am),241.466
IMSA Performance Matmut #67,34,13,IMSA Performance Matmut,Porsche 911 GT3 RSR,LMGTE Am,,LeMans,24,2014,317,24:06:04.896,62 Laps,2 Laps,Michelin,Classified,250.0,3:58.450,205.8,Erik MARIS,Jean MERLIN,Eric HELARY,2014_LeMans,LMGTE Am,GT (GTE Pro/Am),238.45
Aston Martin Racing #97,35,6,Aston Martin Racing,Aston Martin Vantage V8,LMGTE Pro,,LeMans,24,2014,310,24:02:07.952,69 Laps,7 Laps,Michelin,Classified,272.0,3:53.763,209.9,Darren TURNER,Stefan MÜCKE,Bruno SENNA,2014_LeMans,LMGTE Pro,GT (GTE Pro/Am),233.763
Porsche Team Manthey #91,36,7,Porsche Team Manthey,Porsche 911 RSR,LMGTE Pro,,LeMans,24,2014,309,24:02:30.661,70 Laps,1 Laps,Michelin,Classified,280.0,3:55.343,208.5,Patrick PILET,Jörg BERGMEISTER,Nick TANDY,2014_LeMans,LMGTE Pro,GT (GTE Pro/Am),235.34300000000002
SMP Racing #27,37,12,SMP Racing,Oreca 03R - Nissan,LMP2,,LeMans,24,2014,303,24:04:38.239,76 Laps,6 Laps,Michelin,Classified,266.0,3:40.004,223.0,Sergey ZLOBIN,Mika SALO,Anton LADYGIN,2014_LeMans,LMP2,LMP2,220.004
AF Corse #62,38,14,AF Corse,Ferrari 458 Italia,LMGTE Am,,LeMans,24,2014,295,24:05:29.956,84 Laps,8 Laps,Michelin,Classified,242.0,4:02.954,201.9,Yannick MALLEGOL,Jean-Marc BACHELIER,Howard BLANK,2014_LeMans,LMGTE Am,GT (GTE Pro/Am),242.954
Porsche Team #20,39,6,Porsche Team,Porsche 919 Hybrid,LMP1,H,LeMans,24,2014,346,22:05:29.316,33 Laps,-51 Laps,Michelin,Not classified,4.0,3:25.532,238.7,Timo BERNHARD,Mark WEBBER,Brendon HARTLEY,2014_LeMans,LMP1,Top Class (LMP1/Hypercar),205.532
Toyota Racing #7,40,7,Toyota Gazoo Racing,Toyota TS 040 - Hybrid,LMP1,H,LeMans,24,2014,219,13:53:48.661,160 Laps,127 Laps,Michelin,Retired,4.0,3:23.112,241.6,Alexander WURZ,Stéphane SARRAZIN,Kazuki NAKAJIMA,2014_LeMans,LMP1,Top Class (LMP1/Hypercar),203.112
SMP Racing #72,41,15,SMP Racing,Ferrari 458 Italia,LMGTE Am,,LeMans,24,2014,196,15:57:47.838,183 Laps,23 Laps,Michelin,Retired,123.0,3:56.932,207.1,Andrea BERTOLINI,Viktor SHAITAR,Aleksey BASOV,2014_LeMans,LMGTE Am,GT (GTE Pro/Am),236.93200000000002
Prospeed Competition #75,42,16,Prospeed Competition,Porsche 911 GT3 RSR,LMGTE Am,,LeMans,24,2014,194,17:05:27.577,185 Laps,2 Laps,Michelin,Retired,172.0,4:00.431,204.1,François PERRODO,Emmanuel COLLARD,Markus PALTTALA,2014_LeMans,LMGTE Am,GT (GTE Pro/Am),240.431
RAM Racing #52,43,8,RAM Racing,Ferrari 458 Italia,LMGTE Pro,,LeMans,24,2014,140,15:33:01.189,239 Laps,54 Laps,Michelin,Retired,12.0,3:57.916,206.2,Matt GRIFFIN,Alvaro PARENTE,Federico LEO,2014_LeMans,LMGTE Pro,GT (GTE Pro/Am),237.916
G-Drive Racing #26,44,13,G-Drive Racing,Morgan - Nissan,LMP2,,LeMans,24,2014,120,8:37:50.074,259 Laps,20 Laps,Dunlop,Retired,119.0,3:39.196,223.8,Roman RUSINOV,Olivier PLA,Julien CANAL,2014_LeMans,LMP2,LMP2,219.196
AF Corse #60,45,17,AF Corse,Ferrari 458 Italia,LMGTE Am,,LeMans,24,2014,115,8:58:40.598,264 Laps,5 Laps,Michelin,Retired,81.0,3:57.491,206.6,Peter MANN,Lorenzo CASÉ,Raffaele GIAMMARIA,2014_LeMans,LMGTE Am,GT (GTE Pro/Am),237.49099999999999
KCMG #47,46,14,KCMG,Oreca 03R - Nissan,LMP2,,LeMans,24,2014,87,6:26:20.155,292 Laps,28 Laps,Dunlop,Retired,2.0,3:40.299,222.7,Matthew HOWSON,Richard BRADLEY,Alexandre IMPERATORI,2014_LeMans,LMP2,LMP2,220.299
Rebellion Racing #13,47,8,Rebellion Racing,Rebellion R-One - Toyota,LMP1,L,LeMans,24,2014,73,5:35:57.725,306 Laps,14 Laps,Michelin,Retired,5.0,3:31.009,232.5,Dominik KRAIHAMER,Andrea BELICCHI,Fabio LEIMER,2014_LeMans,LMP1,Top Class (LMP1/Hypercar),211.00900000000001
Murphy Prototypes #48,48,15,Murphy Prototypes,Oreca 03R - Nissan,LMP2,,LeMans,24,2014,73,7:32:55.339,306 Laps,1:56'57.614,Dunlop,Retired,40.0,3:39.560,223.5,Nathanael BERTHON,Rodolfo GONZALEZ,Karun CHANDHOK,2014_LeMans,LMP2,LMP2,219.56
Greaves Motorsport #41,49,16,Greaves Motorsport,Zytek Z11SN - Nissan,LMP2,,LeMans,24,2014,31,2:40:28.539,348 Laps,42 Laps,Dunlop,Retired,4.0,3:43.621,219.4,Michael MUNEMMAN,Alessandro LATIF,James WINSLOW,2014_LeMans,LMP2,LMP2,223.621
AF Corse #71,50,9,AF Corse,Ferrari 458 Italia,LMGTE Pro,,LeMans,24,2014,28,2:19:47.219,351 Laps,3 Laps,Michelin,Retired,5.0,3:57.521,206.6,Davide RIGON,Pierre KAFFER,Olivier BERETTA,2014_LeMans,LMGTE Pro,GT (GTE Pro/Am),237.52100000000002
Audi Sport Team Joest #3,51,9,Audi Sport Team Joest,Audi R18 e-tron quattro,LMP1,H,LeMans,24,2014,25,1:29:25.945,354 Laps,3 Laps,Michelin,Retired,3.0,3:24.274,240.2,Filipe ALBUQUERQUE,Marco BONANOMI,Oliver JARVIS,2014_LeMans,LMP1,Top Class (LMP1/Hypercar),204.274
AF Corse #81,52,18,AF Corse,Ferrari 458 Italia,LMGTE Am,,LeMans,24,2014,22,1:29:38.142,357 Laps,3 Laps,Michelin,Retired,2.0,3:56.241,207.7,Stephen WYATT,Michele RUGOLO,Sam BIRD,2014_LeMans,LMGTE Am,GT (GTE Pro/Am),236.24099999999999
SMP Racing #37,53,17,SMP Racing,Oreca 03R - Nissan,LMP2,,LeMans,24,2014,9,40:48.968,370 Laps,13 Laps,Michelin,Retired,3.0,3:42.302,220.7,Kirill LADYGIN,Nicolas MINASSIAN,Maurizio MEDIANI,2014_LeMans,LMP2,LMP2,222.302
Nissan Motorsports Global #0,54,1,Nissan Motorsports Global,Nissan ZEOD RC,CDNT,,LeMans,24,2014,5,19:33.042,374 Laps,4 Laps,Michelin,Retired,2.0,3:50.352,213.0,Lucas ORDOÑEZ,Wolfgang REIP,Satoshi MOTOYAMA,2014_LeMans,Experimental,Experimental,230.352
Toyota Racing #8,1,1,Toyota Gazoo Racing,Toyota TS 040 - Hybrid,LMP1,H,Shanghai,6,2014,188,6:01:15.319,,,Michelin,Classified,131.0,1:48.694,180.5,Anthony DAVIDSON,Sébastien BUEMI,,2014_Shanghai,LMP1,Top Class (LMP1/Hypercar),108.694
Toyota Racing #7,2,2,Toyota Gazoo Racing,Toyota TS 040 - Hybrid,LMP1,H,Shanghai,6,2014,188,6:02:27.883,1'12.564,1'12.564,Michelin,Classified,163.0,1:49.216,179.7,Alexander WURZ,Stéphane SARRAZIN,Kazuki NAKAJIMA,2014_Shanghai,LMP1,Top Class (LMP1/Hypercar),109.21600000000001
Porsche Team #14,3,3,Porsche Team,Porsche 919 Hybrid,LMP1,H,Shanghai,6,2014,187,6:01:28.933,1 Laps,1 Laps,Michelin,Classified,160.0,1:49.356,179.4,Romain DUMAS,Neel JANI,Marc LIEB,2014_Shanghai,LMP1,Top Class (LMP1/Hypercar),109.356
Audi Sport Team Joest #2,4,4,Audi Sport Team Joest,Audi R18 e-tron quattro,LMP1,H,Shanghai,6,2014,187,6:02:37.510,1 Laps,1'08.577,Michelin,Classified,155.0,1:49.602,179.0,Marcel FÄSSLER,André LOTTERER,Benoit TRÉLUYER,2014_Shanghai,LMP1,Top Class (LMP1/Hypercar),109.602
Audi Sport Team Joest #1,5,5,Audi Sport Team Joest,Audi R18 e-tron quattro,LMP1,H,Shanghai,6,2014,187,6:02:49.047,1 Laps,11.537,Michelin,Classified,164.0,1:50.116,178.2,Lucas DI GRASSI,Loïc DUVAL,Tom KRISTENSEN,2014_Shanghai,LMP1,Top Class (LMP1/Hypercar),110.116
Porsche Team #20,6,6,Porsche Team,Porsche 919 Hybrid,LMP1,H,Shanghai,6,2014,186,6:01:34.312,2 Laps,1 Laps,Michelin,Classified,162.0,1:49.608,179.0,Timo BERNHARD,Mark WEBBER,Brendon HARTLEY,2014_Shanghai,LMP1,Top Class (LMP1/Hypercar),109.608
Rebellion Racing #12,7,7,Rebellion Racing,Rebellion R-One - Toyota,LMP1,L,Shanghai,6,2014,180,6:01:49.321,8 Laps,6 Laps,Michelin,Classified,60.0,1:52.698,174.1,Nicolas PROST,Nick HEIDFELD,Mathias BECHE,2014_Shanghai,LMP1,Top Class (LMP1/Hypercar),112.69800000000001
Rebellion Racing #13,8,8,Rebellion Racing,Rebellion R-One - Toyota,LMP1,L,Shanghai,6,2014,180,6:02:28.927,8 Laps,39.606,Michelin,Classified,157.0,1:53.029,173.6,Dominik KRAIHAMER,Andrea BELICCHI,Fabio LEIMER,2014_Shanghai,LMP1,Top Class (LMP1/Hypercar),113.029
G-Drive Racing #26,9,1,G-Drive Racing,Ligier JS P2 - Nissan,LMP2,,Shanghai,6,2014,177,6:02:36.817,11 Laps,3 Laps,Dunlop,Classified,23.0,1:55.900,169.3,Roman RUSINOV,Olivier PLA,Julien CANAL,2014_Shanghai,LMP2,LMP2,115.9
Extreme Speed Motorsports #30,10,2,Extreme Speed Motorsports,HPD ARX 03B - Honda,LMP2,,Shanghai,6,2014,174,6:01:25.596,14 Laps,3 Laps,Dunlop,Classified,145.0,1:56.458,168.5,Scott SHARP,Ryan DALZIEL,Ricardo GONZALEZ,2014_Shanghai,LMP2,LMP2,116.458
SMP Racing #27,11,3,SMP Racing,Oreca 03R - Nissan,LMP2,,Shanghai,6,2014,174,6:01:33.313,14 Laps,7.717,Michelin,Classified,173.0,1:56.513,168.4,Sergey ZLOBIN,Nicolas MINASSIAN,Maurizio MEDIANI,2014_Shanghai,LMP2,LMP2,116.513
SMP Racing #37,12,4,SMP Racing,Oreca 03R - Nissan,LMP2,,Shanghai,6,2014,174,6:01:39.664,14 Laps,6.351,Michelin,Classified,18.0,1:57.018,167.7,Kirill LADYGIN,Viktor SHAITAR,Anton LADYGIN,2014_Shanghai,LMP2,LMP2,117.018
Extreme Speed Motorsports #31,13,5,Extreme Speed Motorsports,HPD ARX 03B - Honda,LMP2,,Shanghai,6,2014,173,6:02:58.035,15 Laps,1 Laps,Dunlop,Classified,168.0,1:56.934,167.8,Ed BROWN,Johannes VAN OVERBEEK,David BRABHAM,2014_Shanghai,LMP2,LMP2,116.934
Lotus #9,14,9,Lotus,CLM P1/01 - AER,LMP1,L,Shanghai,6,2014,171,6:02:08.347,17 Laps,2 Laps,Michelin,Classified,89.0,1:56.137,169.0,Pierre KAFFER,Lucas AUER,,2014_Shanghai,LMP1,Top Class (LMP1/Hypercar),116.137
OAK Racing #35,15,6,OAK Racing,Morgan - Judd,LMP2,,Shanghai,6,2014,167,6:01:49.063,21 Laps,4 Laps,Dunlop,Classified,20.0,1:57.730,166.7,David CHENG,Ho-Pin TUNG,Mark PATTERSON,2014_Shanghai,LMP2,LMP2,117.72999999999999
Porsche Team Manthey #92,16,1,Porsche Team Manthey,Porsche 911 RSR,LMGTE Pro,,Shanghai,6,2014,167,6:02:56.352,21 Laps,1'07.289,Michelin,Classified,119.0,2:04.418,157.7,Frédéric MAKOWIECKI,Patrick PILET,,2014_Shanghai,LMGTE Pro,GT (GTE Pro/Am),124.418
Porsche Team Manthey #91,17,2,Porsche Team Manthey,Porsche 911 RSR,LMGTE Pro,,Shanghai,6,2014,167,6:03:08.744,21 Laps,12.392,Michelin,Classified,115.0,2:04.544,157.6,Jörg BERGMEISTER,Richard LIETZ,,2014_Shanghai,LMGTE Pro,GT (GTE Pro/Am),124.544
AF Corse #71,18,3,AF Corse,Ferrari F458 Italia,LMGTE Pro,,Shanghai,6,2014,166,6:01:28.647,22 Laps,1 Laps,Michelin,Classified,138.0,2:04.730,157.3,Davide RIGON,James CALADO,,2014_Shanghai,LMGTE Pro,GT (GTE Pro/Am),124.73
Aston Martin Racing #99,19,4,Aston Martin Racing,Aston Martin Vantage V8,LMGTE Pro,,Shanghai,6,2014,166,6:02:03.599,22 Laps,34.952,Michelin,Classified,145.0,2:04.674,157.4,Alex MACDOWALL,Darryl O'YOUNG,Fernando REES,2014_Shanghai,LMGTE Pro,GT (GTE Pro/Am),124.674
Aston Martin Racing #98,20,1,Aston Martin Racing,Aston Martin Vantage V8,LMGTE Am,,Shanghai,6,2014,165,6:01:26.998,23 Laps,1 Laps,Michelin,Classified,141.0,2:04.008,158.2,Paul DALLA LANA,Pedro LAMY,Christoffer NYGAARD,2014_Shanghai,LMGTE Am,GT (GTE Pro/Am),124.008
Aston Martin Racing #95,21,2,Aston Martin Racing,Aston Martin Vantage V8,LMGTE Am,,Shanghai,6,2014,165,6:02:48.208,23 Laps,1'21.210,Michelin,Classified,87.0,2:05.324,156.6,Kristian POULSEN,David HEINEMEIER-HANSSON,Richie STANAWAY,2014_Shanghai,LMGTE Am,GT (GTE Pro/Am),125.324
8 Star Motorsports #90,22,3,8 Star Motorsports,Ferrari F458 Italia,LMGTE Am,,Shanghai,6,2014,164,6:02:45.665,24 Laps,1 Laps,Michelin,Classified,141.0,2:04.655,157.4,Gianluca RODA,Paolo RUBERTI,Matteo CRESSONI,2014_Shanghai,LMGTE Am,GT (GTE Pro/Am),124.655
Prospeed Competition #75,23,4,Prospeed Competition,Porsche 911 RSR,LMGTE Am,,Shanghai,6,2014,163,6:01:16.548,25 Laps,1 Laps,Michelin,Classified,96.0,2:05.178,156.8,François PERRODO,Emmanuel COLLARD,Matthieu VAXIVIÈRE,2014_Shanghai,LMGTE Am,GT (GTE Pro/Am),125.178
Proton Competition #88,24,5,Proton Competition,Porsche 911 RSR,LMGTE Am,,Shanghai,6,2014,161,6:03:13.204,27 Laps,2 Laps,Michelin,Classified,136.0,2:05.751,156.1,Christian RIED,Wolf HENZLER,Khaled AL QUBAISI,2014_Shanghai,LMGTE Am,GT (GTE Pro/Am),125.751
Aston Martin Racing #97,25,5,Aston Martin Racing,Aston Martin Vantage V8,LMGTE Pro,,Shanghai,6,2014,123,4:28:55.989,65 Laps,38 Laps,Michelin,Not classified,92.0,2:04.260,157.9,Darren TURNER,Stefan MÜCKE,,2014_Shanghai,LMGTE Pro,GT (GTE Pro/Am),124.26
KCMG #47,26,7,KCMG,Oreca 03R - Nissan,LMP2,,Shanghai,6,2014,0,,188 Laps,123 Laps,Dunlop,Not classified,,,,Matthew HOWSON,Richard BRADLEY,Alexandre IMPERATORI,2014_Shanghai,LMP2,LMP2,
AF Corse #51,27,6,AF Corse,Ferrari F458 Italia,LMGTE Pro,,Shanghai,6,2014,0,,188 Laps,,Michelin,Not classified,,,,Gianmaria BRUNI,Toni VILANDER,,2014_Shanghai,LMGTE Pro,GT (GTE Pro/Am),
Audi Sport Team Joest #7,1,1,Audi Sport Team Joest,Audi R18 e-tron quattro,LMP1,H,Silverstone,6,2015,201,6:00:30.876,,,Michelin,Classified,26.0,1:40.836,210.7,Marcel FÄSSLER,André LOTTERER,Benoît TRÉLUYER,2015_Silverstone,LMP1,Top Class (LMP1/Hypercar),100.836
Porsche Team #18,2,2,Porsche Team,Porsche 919 Hybrid,LMP1,H,Silverstone,6,2015,201,6:00:35.486,4.610,4.610,Michelin,Classified,5.0,1:42.245,207.8,Romain DUMAS,Neel JANI,Marc LIEB,2015_Silverstone,LMP1,Top Class (LMP1/Hypercar),102.245
Toyota Racing #1,3,3,Toyota Gazoo Racing,Toyota TS 040 - Hybrid,LMP1,H,Silverstone,6,2015,201,6:00:45.692,14.816,10.206,Michelin,Classified,4.0,1:42.209,207.8,Anthony DAVIDSON,Sébastien BUEMI,Kazuki NAKAJIMA,2015_Silverstone,LMP1,Top Class (LMP1/Hypercar),102.209
Toyota Racing #2,4,4,Toyota Gazoo Racing,Toyota TS 040 - Hybrid,LMP1,H,Silverstone,6,2015,200,6:00:42.551,1 Laps,1 Laps,Michelin,Classified,4.0,1:42.597,207.1,Alexander WURZ,Stéphane SARRAZIN,Mike CONWAY,2015_Silverstone,LMP1,Top Class (LMP1/Hypercar),102.59700000000001
Audi Sport Team Joest #8,5,5,Audi Sport Team Joest,Audi R18 e-tron quattro,LMP1,H,Silverstone,6,2015,197,6:01:19.990,4 Laps,3 Laps,Michelin,Classified,26.0,1:40.875,210.6,Lucas DI GRASSI,Loïc DUVAL,Oliver JARVIS,2015_Silverstone,LMP1,Top Class (LMP1/Hypercar),100.875
G-Drive Racing #26,6,1,G-Drive Racing,Ligier JS P2 - Nissan,LMP2,,Silverstone,6,2015,185,6:00:38.357,16 Laps,12 Laps,Dunlop,Classified,7.0,1:50.045,193.0,Roman RUSINOV,Julien CANAL,Sam BIRD,2015_Silverstone,LMP2,LMP2,110.045
G-Drive Racing #28,7,2,G-Drive Racing,Ligier JS P2 - Nissan,LMP2,,Silverstone,6,2015,184,6:02:08.093,17 Laps,1 Laps,Dunlop,Classified,113.0,1:50.049,193.0,Gustavo YACAMAN,Luis Felipe DERANI,Ricardo GONZALEZ,2015_Silverstone,LMP2,LMP2,110.049
Strakka Racing #42,8,3,Strakka Racing,Dome S103 - Nissan,LMP2,,Silverstone,6,2015,178,6:00:35.315,23 Laps,6 Laps,Michelin,Classified,66.0,1:52.643,188.6,Nick LEVENTIS,Danny WATTS,Jonny KANE,2015_Silverstone,LMP2,LMP2,112.643
AF Corse #51,9,1,AF Corse,Ferrari F458 Italia,LMGTE Pro,,Silverstone,6,2015,172,6:02:05.007,29 Laps,6 Laps,Michelin,Classified,62.0,2:01.586,174.7,Gianmaria BRUNI,Toni VILANDER,,2015_Silverstone,LMGTE Pro,GT (GTE Pro/Am),121.586
Porsche Team Manthey #91,10,2,Porsche Team Manthey,Porsche 911 RSR,LMGTE Pro,,Silverstone,6,2015,172,6:02:15.671,29 Laps,10.664,Michelin,Classified,128.0,2:01.576,174.7,Richard LIETZ,Michael CHRISTENSEN,,2015_Silverstone,LMGTE Pro,GT (GTE Pro/Am),121.576
AF Corse #71,11,3,AF Corse,Ferrari F458 Italia,LMGTE Pro,,Silverstone,6,2015,172,6:02:28.034,29 Laps,12.363,Michelin,Classified,146.0,2:01.552,174.8,Davide RIGON,James CALADO,,2015_Silverstone,LMGTE Pro,GT (GTE Pro/Am),121.552
Aston Martin Racing #95,12,4,Aston Martin Racing,Aston Martin Vantage V8,LMGTE Pro,,Silverstone,6,2015,171,6:00:44.371,30 Laps,1 Laps,Michelin,Classified,89.0,2:01.054,175.5,Christoffer NYGAARD,Marco SØRENSEN,Nicki THIIM,2015_Silverstone,LMGTE Pro,GT (GTE Pro/Am),121.054
Aston Martin Racing #97,13,5,Aston Martin Racing,Aston Martin Vantage V8,LMGTE Pro,,Silverstone,6,2015,171,6:01:50.541,30 Laps,1'06.170,Michelin,Classified,149.0,2:01.088,175.4,Darren TURNER,Stefan MÜCKE,,2015_Silverstone,LMGTE Pro,GT (GTE Pro/Am),121.088
Aston Martin Racing V8 #99,14,6,Aston Martin Racing V8,Aston Martin Vantage V8,LMGTE Pro,,Silverstone,6,2015,171,6:02:13.718,30 Laps,23.177,Michelin,Classified,90.0,2:01.161,175.3,Alex MACDOWALL,Fernando REES,Richie STANAWAY,2015_Silverstone,LMGTE Pro,GT (GTE Pro/Am),121.161
Porsche Team Manthey #92,15,7,Porsche Team Manthey,Porsche 911 RSR,LMGTE Pro,,Silverstone,6,2015,170,6:01:42.869,31 Laps,1 Laps,Michelin,Classified,68.0,2:01.901,174.3,Patrick PILET,Frédéric MAKOWIECKI,,2015_Silverstone,LMGTE Pro,GT (GTE Pro/Am),121.901
Aston Martin Racing #98,16,1,Aston Martin Racing,Aston Martin Vantage V8,LMGTE Am,,Silverstone,6,2015,168,6:00:59.036,33 Laps,2 Laps,Michelin,Classified,140.0,2:02.026,174.1,Paul DALLA LANA,Pedro LAMY,Mathias LAUDA,2015_Silverstone,LMGTE Am,GT (GTE Pro/Am),122.026
AF Corse #83,17,2,AF Corse,Ferrari F458 Italia,LMGTE Am,,Silverstone,6,2015,168,6:01:12.748,33 Laps,13.712,Michelin,Classified,143.0,2:02.663,173.2,François PERRODO,Emmanuel COLLARD,Rui AGUAS,2015_Silverstone,LMGTE Am,GT (GTE Pro/Am),122.663
SMP Racing #72,18,3,SMP Racing,Ferrari F458 Italia,LMGTE Am,,Silverstone,6,2015,168,6:01:28.575,33 Laps,15.827,Michelin,Classified,145.0,2:02.165,173.9,Victor SHAYTAR,Andrea BERTOLINI,Aleksey BASOV,2015_Silverstone,LMGTE Am,GT (GTE Pro/Am),122.165
KCMG #47,19,4,KCMG,Oreca 05 - Nissan,LMP2,,Silverstone,6,2015,167,6:01:34.276,34 Laps,1 Laps,Dunlop,Classified,4.0,1:50.101,192.9,Matthew HOWSON,Richard BRADLEY,Nick TANDY,2015_Silverstone,LMP2,LMP2,110.101
Aston Martin Racing #96,20,4,Aston Martin Racing,Aston Martin Vantage V8,LMGTE Am,,Silverstone,6,2015,166,6:00:36.077,35 Laps,1 Laps,Michelin,Classified,137.0,2:02.392,173.6,Francesco CASTELLACCI,Roald GOETHE,Stuart HALL,2015_Silverstone,LMGTE Am,GT (GTE Pro/Am),122.392
Abu Dhabi-Proton Racing #88,21,5,Abu Dhabi-Proton Racing,Porsche 911 RSR,LMGTE Am,,Silverstone,6,2015,166,6:00:44.632,35 Laps,8.555,Michelin,Classified,4.0,2:03.095,172.6,Christian RIED,Khaled AL QUBAISI,Klaus BACHLER,2015_Silverstone,LMGTE Am,GT (GTE Pro/Am),123.095
Oak Racing #35,22,5,Oak Racing,Ligier JS P2 - Nissan,LMP2,,Silverstone,6,2015,165,6:01:46.243,36 Laps,1 Laps,Dunlop,Classified,122.0,1:53.370,187.4,Jacques NICOLET,Jean-Marc MERLIN,Erik MARIS,2015_Silverstone,LMP2,LMP2,113.37
Dempsey Racing - Proton #77,23,6,Dempsey Racing - Proton,Porsche 911 RSR,LMGTE Am,,Silverstone,6,2015,165,6:02:01.323,36 Laps,15.080,Michelin,Classified,146.0,2:02.561,173.3,Patrick DEMPSEY,Patrick LONG,Marco SEEFRIED,2015_Silverstone,LMGTE Am,GT (GTE Pro/Am),122.561
Extreme Speed Motorsports #31,24,6,Extreme Speed Motorsports,HPD ARX 03B - HPD,LMP2,,Silverstone,6,2015,165,6:02:14.276,36 Laps,12.953,Dunlop,Classified,5.0,1:52.510,188.8,Ed BROWN,Jonathon FOGARTY,David BRABHAM,2015_Silverstone,LMP2,LMP2,112.50999999999999
Larbre Competition #50,25,7,Larbre Competition,Chevrolet Corvette C7,LMGTE Am,,Silverstone,6,2015,160,6:02:25.947,41 Laps,5 Laps,Michelin,Classified,136.0,2:02.169,173.9,Gianluca RODA,Paolo RUBERTI,Kristian POULSEN,2015_Silverstone,LMGTE Am,GT (GTE Pro/Am),122.169
Team Bykolles #4,26,6,Team Bykolles,CLM P1/01 - AER,LMP1,,Silverstone,6,2015,116,5:17:57.657,85 Laps,44 Laps,Michelin,Not classified,109.0,1:53.195,187.7,Simon TRUMMER,Vitantonio LIUZZI,Christian KLIEN,2015_Silverstone,LMP1,Top Class (LMP1/Hypercar),113.195
Porsche Team #17,27,7,Porsche Team,Porsche 919 Hybrid,LMP1,H,Silverstone,6,2015,44,1:21:47.030,157 Laps,72 Laps,Michelin,Not classified,5.0,1:42.012,208.2,Timo BERNHARD,Mark WEBBER,Brendon HARTLEY,2015_Silverstone,LMP1,Top Class (LMP1/Hypercar),102.012
Signatech Alpine #36,28,7,Signatech Alpine,Alpine A450b - Nissan,LMP2,,Silverstone,6,2015,20,37:37.135,181 Laps,24 Laps,Dunlop,Not classified,3.0,1:50.968,191.4,Nelson PANCIATICI,Paul Loup CHATIN,Vincent CAPILLAIRE,2015_Silverstone,LMP2,LMP2,110.968
Extreme Speed Motorsports #30,29,8,Extreme Speed Motorsports,HPD ARX 03B - HPD,LMP2,,Silverstone,6,2015,183,6:02:13.895,18 Laps,-163 Laps,Dunlop,Excluded,6.0,1:50.715,191.9,Scott SHARP,Ryan DALZIEL,David HEINEMEIER-HANSSON,2015_Silverstone,LMP2,LMP2,110.715
Audi Sport Team Joest #7,1,1,Audi Sport Team Joest,Audi R18 e-tron quattro,LMP1,H,Spa,6,2015,176,6:01:08.896,,,Michelin,Classified,49.0,1:57.996,213.7,Marcel FÄSSLER,André LOTTERER,Benoît TRÉLUYER,2015_Spa,LMP1,Top Class (LMP1/Hypercar),117.99600000000001
Porsche Team #18,2,2,Porsche Team,Porsche 919 Hybrid,LMP1,H,Spa,6,2015,176,6:01:22.320,13.424,13.424,Michelin,Classified,3.0,1:58.025,213.6,Romain DUMAS,Neel JANI,Marc LIEB,2015_Spa,LMP1,Top Class (LMP1/Hypercar),118.025
Porsche Team #17,3,3,Porsche Team,Porsche 919 Hybrid,LMP1,H,Spa,6,2015,175,6:02:07.087,1 Laps,1 Laps,Michelin,Classified,5.0,1:57.972,213.7,Timo BERNHARD,Mark WEBBER,Brendon HARTLEY,2015_Spa,LMP1,Top Class (LMP1/Hypercar),117.97200000000001
Audi Sport Team Joest #9,4,4,Audi Sport Team Joest,Audi R18 e-tron quattro,LMP1,H,Spa,6,2015,174,6:02:54.347,2 Laps,1 Laps,Michelin,Classified,90.0,1:59.797,210.5,Filipe ALBUQUERQUE,Marco BONANOMI,René RAST,2015_Spa,LMP1,Top Class (LMP1/Hypercar),119.797
Toyota Racing #2,5,5,Toyota Gazoo Racing,Toyota TS 040 - Hybrid,LMP1,H,Spa,6,2015,173,6:01:11.616,3 Laps,1 Laps,Michelin,Classified,2.0,2:00.170,209.8,Alexander WURZ,Stéphane SARRAZIN,Mike CONWAY,2015_Spa,LMP1,Top Class (LMP1/Hypercar),120.17
Porsche Team #19,6,6,Porsche Team,Porsche 919 Hybrid,LMP1,H,Spa,6,2015,173,6:02:03.416,3 Laps,51.800,Michelin,Classified,5.0,1:58.052,213.6,Nico HÜLKENBERG,Earl BAMBER,Nick TANDY,2015_Spa,LMP1,Top Class (LMP1/Hypercar),118.05199999999999
Audi Sport Team Joest #8,7,7,Audi Sport Team Joest,Audi R18 e-tron quattro,LMP1,H,Spa,6,2015,168,6:03:26.476,8 Laps,5 Laps,Michelin,Classified,106.0,1:58.077,213.5,Lucas DI GRASSI,Loïc DUVAL,Oliver JARVIS,2015_Spa,LMP1,Top Class (LMP1/Hypercar),118.077
Toyota Racing #1,8,8,Toyota Gazoo Racing,Toyota TS 040 - Hybrid,LMP1,H,Spa,6,2015,162,6:02:05.589,14 Laps,6 Laps,Michelin,Classified,136.0,1:59.528,210.9,Anthony DAVIDSON,Sébastien BUEMI,,2015_Spa,LMP1,Top Class (LMP1/Hypercar),119.52799999999999
Jota Sport #38,9,1,Jota Sport,Gibson 015S - Nissan,LMP2,,Spa,6,2015,161,6:03:19.779,15 Laps,1 Laps,Dunlop,Classified,139.0,2:09.364,194.9,Simon DOLAN,Mitch EVANS,Harry TINCKNELL,2015_Spa,LMP2,LMP2,129.364
G-Drive Racing #28,10,2,G-Drive Racing,Ligier JS P2 - Nissan,LMP2,,Spa,6,2015,160,6:02:46.418,16 Laps,1 Laps,Dunlop,Classified,4.0,2:10.709,192.9,Gustavo YACAMAN,Luis Felipe DERANI,Ricardo GONZALEZ,2015_Spa,LMP2,LMP2,130.709
Team Sard Morand #43,11,3,Team Sard Morand,Morgan Evo - SARD,LMP2,,Spa,6,2015,159,6:01:33.547,17 Laps,1 Laps,Dunlop,Classified,4.0,2:10.113,193.8,Pierre RAGUES,Oliver WEBB,Zoel AMBERG,2015_Spa,LMP2,LMP2,130.113
KCMG #47,12,4,KCMG,Oreca 05 - Nissan,LMP2,,Spa,6,2015,159,6:01:51.235,17 Laps,17.688,Dunlop,Classified,2.0,2:09.633,194.5,Matthew HOWSON,Richard BRADLEY,Nicolas LAPIERRE,2015_Spa,LMP2,LMP2,129.633
Signatech Alpine #36,13,5,Signatech Alpine,Alpine A450b - Nissan,LMP2,,Spa,6,2015,159,6:02:29.772,17 Laps,38.537,Dunlop,Classified,4.0,2:10.587,193.1,Nelson PANCIATICI,Paul Loup CHATIN,Vincent CAPILLAIRE,2015_Spa,LMP2,LMP2,130.587
Strakka Racing #42,14,6,Strakka Racing,Strakka Dome S103 - Nissan,LMP2,,Spa,6,2015,156,6:02:04.850,20 Laps,3 Laps,Michelin,Classified,3.0,2:12.246,190.7,Nick LEVENTIS,Danny WATTS,Jonny KANE,2015_Spa,LMP2,LMP2,132.246
Oak Racing #35,15,7,Oak Racing,Ligier JS P2 - Nissan,LMP2,,Spa,6,2015,152,6:03:10.315,24 Laps,4 Laps,Dunlop,Classified,13.0,2:14.763,187.1,Jacques NICOLET,Jean-Marc MERLIN,Erik MARIS,2015_Spa,LMP2,LMP2,134.763
Aston Martin Racing V8 #99,16,1,Aston Martin Racing V8,Aston Martin Vantage V8,LMGTE Pro,,Spa,6,2015,151,6:02:17.759,25 Laps,1 Laps,Michelin,Classified,128.0,2:19.189,181.2,Alex MACDOWALL,Fernando REES,Richie STANAWAY,2015_Spa,LMGTE Pro,GT (GTE Pro/Am),139.189
Porsche Team Manthey #92,17,2,Porsche Team Manthey,Porsche 911 RSR,LMGTE Pro,,Spa,6,2015,151,6:02:47.250,25 Laps,29.491,Michelin,Classified,54.0,2:18.963,181.4,Frédéric MAKOWIECKI,Richard LIETZ,,2015_Spa,LMGTE Pro,GT (GTE Pro/Am),138.963
Porsche Team Manthey #91,18,3,Porsche Team Manthey,Porsche 911 RSR,LMGTE Pro,,Spa,6,2015,151,6:03:15.238,25 Laps,27.988,Michelin,Classified,2.0,2:19.229,181.1,Sven MÜLLER,Kevin ESTRE,,2015_Spa,LMGTE Pro,GT (GTE Pro/Am),139.22899999999998
AF Corse #51,19,4,AF Corse,Ferrari F458 Italia,LMGTE Pro,,Spa,6,2015,151,6:03:30.834,25 Laps,15.596,Michelin,Classified,129.0,2:19.178,181.2,Gianmaria BRUNI,Toni VILANDER,,2015_Spa,LMGTE Pro,GT (GTE Pro/Am),139.178
Aston Martin Racing #97,20,5,Aston Martin Racing,Aston Martin Vantage V8,LMGTE Pro,,Spa,6,2015,150,6:01:14.679,26 Laps,1 Laps,Michelin,Classified,2.0,2:18.774,181.7,Darren TURNER,Stefan MÜCKE,Rob BELL,2015_Spa,LMGTE Pro,GT (GTE Pro/Am),138.774
Aston Martin Racing #95,21,6,Aston Martin Racing,Aston Martin Vantage V8,LMGTE Pro,,Spa,6,2015,150,6:01:34.962,26 Laps,20.283,Michelin,Classified,3.0,2:19.626,180.6,Christoffer NYGAARD,Marco SØRENSEN, ,2015_Spa,LMGTE Pro,GT (GTE Pro/Am),139.626
AF Corse #71,22,7,AF Corse,Ferrari F458 Italia,LMGTE Pro,,Spa,6,2015,150,6:02:18.707,26 Laps,43.745,Michelin,Classified,53.0,2:19.504,180.7,Davide RIGON,James CALADO,,2015_Spa,LMGTE Pro,GT (GTE Pro/Am),139.504
Extreme Speed Motorsports #31,23,8,Extreme Speed Motorsports,Ligier JS P2 - HPD,LMP2,,Spa,6,2015,149,6:01:48.706,27 Laps,1 Laps,Dunlop,Classified,97.0,2:12.273,190.6,Ed BROWN,Johannes VAN OVERBEEK,Jonathon FOGARTY,2015_Spa,LMP2,LMP2,132.273
Aston Martin Racing #98,24,1,Aston Martin Racing,Aston Martin Vantage V8,LMGTE Am,,Spa,6,2015,148,6:01:18.543,28 Laps,1 Laps,Michelin,Classified,128.0,2:20.317,179.7,Paul DALLA LANA,Pedro LAMY,Mathias LAUDA,2015_Spa,LMGTE Am,GT (GTE Pro/Am),140.317
AF Corse #83,25,2,AF Corse,Ferrari F458 Italia,LMGTE Am,,Spa,6,2015,148,6:03:03.801,28 Laps,1'45.258,Michelin,Classified,127.0,2:21.526,178.2,François PERRODO,Emmanuel COLLARD,Rui AGUAS,2015_Spa,LMGTE Am,GT (GTE Pro/Am),141.526
SMP Racing #72,26,3,SMP Racing,Ferrari F458 Italia,LMGTE Am,,Spa,6,2015,147,6:01:31.282,29 Laps,1 Laps,Michelin,Classified,125.0,2:20.311,179.7,Victor SHAYTAR,Andrea BERTOLINI,Aleksey BASOV,2015_Spa,LMGTE Am,GT (GTE Pro/Am),140.311
Abu Dhabi-Proton Racing #88,27,4,Abu Dhabi-Proton Racing,Porsche 911 RSR,LMGTE Am,,Spa,6,2015,146,6:01:32.774,30 Laps,1 Laps,Michelin,Classified,4.0,2:21.095,178.7,Christian RIED,Khaled AL QUBAISI,Klaus BACHLER,2015_Spa,LMGTE Am,GT (GTE Pro/Am),141.095
Dempsey - Proton Racing #77,28,5,Dempsey - Proton Racing,Porsche 911 RSR,LMGTE Am,,Spa,6,2015,145,6:01:15.583,31 Laps,1 Laps,Michelin,Classified,102.0,2:21.750,177.9,Patrick DEMPSEY,Patrick LONG,Marco SEEFRIED,2015_Spa,LMGTE Am,GT (GTE Pro/Am),141.75
Aston Martin Racing #96,29,6,Aston Martin Racing,Aston Martin Vantage V8,LMGTE Am,,Spa,6,2015,138,6:03:04.420,38 Laps,7 Laps,Michelin,Classified,68.0,2:21.927,177.7,Francesco CASTELLACCI,Roald GOETHE,Stuart HALL,2015_Spa,LMGTE Am,GT (GTE Pro/Am),141.927
Extreme Speed Motorsports #30,30,9,Extreme Speed Motorsports,Ligier JS P2 - HPD,LMP2,,Spa,6,2015,134,6:02:06.483,42 Laps,4 Laps,Dunlop,Classified,65.0,2:11.633,191.5,Scott SHARP,Ryan DALZIEL,David HEINEMEIER-HANSSON,2015_Spa,LMP2,LMP2,131.633
G-Drive Racing #26,31,10,G-Drive Racing,Ligier JS P2 - Nissan,LMP2,,Spa,6,2015,124,6:02:01.449,52 Laps,10 Laps,Dunlop,Classified,3.0,2:09.399,194.9,Roman RUSINOV,Julien CANAL,Sam BIRD,2015_Spa,LMP2,LMP2,129.399
AF Corse #55,32,7,AF Corse,Ferrari F458 Italia,LMGTE Am,,Spa,6,2015,128,5:32:51.431,48 Laps,-4 Laps,Michelin,Not classified,4.0,2:20.857,179.0,Duncan CAMERON,Matt GRIFFIN,Alexander MORTIMER,2015_Spa,LMGTE Am,GT (GTE Pro/Am),140.857
Larbre Competition #50,33,8,Larbre Competition,Chevrolet Corvette C7,LMGTE Am,,Spa,6,2015,61,2:28:33.320,115 Laps,67 Laps,Michelin,Not classified,4.0,2:21.056,178.8,Gianluca RODA,Paolo RUBERTI,Kristian POULSEN,2015_Spa,LMGTE Am,GT (GTE Pro/Am),141.056
Team Bykolles #4,34,9,Team Bykolles,CLM P1/01 - AER,LMP1,,Spa,6,2015,46,1:49:24.427,130 Laps,15 Laps,Michelin,Not classified,4.0,2:09.137,195.3,Simon TRUMMER,Vitantonio LIUZZI,Christian KLIEN,2015_Spa,LMP1,Top Class (LMP1/Hypercar),129.137
Porsche Team #18,1,1,Porsche Team,Porsche 919 Hybrid,LMP1,H,Bahrain,6,2015,199,6:00:52.843,,,Michelin,Classified,178.0,1:41.893,191.2,Romain DUMAS,Neel JANI,Marc LIEB,2015_Bahrain,LMP1,Top Class (LMP1/Hypercar),101.893
Audi Sport Team Joest #7,2,2,Audi Sport Team Joest,Audi R18 e-tron quattro,LMP1,H,Bahrain,6,2015,199,6:02:18.153,1'25.310,1'25.310,Michelin,Classified,30.0,1:42.818,189.5,Marcel FÄSSLER,André LOTTERER,Benoît TRÉLUYER,2015_Bahrain,LMP1,Top Class (LMP1/Hypercar),102.818
Toyota Racing #2,3,3,Toyota Gazoo Racing,Toyota TS 040 - Hybrid,LMP1,H,Bahrain,6,2015,196,6:01:01.083,3 Laps,3 Laps,Michelin,Classified,60.0,1:44.793,185.9,Alexander WURZ,Stéphane SARRAZIN,Mike CONWAY,2015_Bahrain,LMP1,Top Class (LMP1/Hypercar),104.793
Toyota Racing #1,4,4,Toyota Gazoo Racing,Toyota TS 040 - Hybrid,LMP1,H,Bahrain,6,2015,196,6:01:02.260,3 Laps,1.177,Michelin,Classified,149.0,1:44.314,186.8,Anthony DAVIDSON,Sébastien BUEMI,Kazuki NAKAJIMA,2015_Bahrain,LMP1,Top Class (LMP1/Hypercar),104.314
Porsche Team #17,5,5,Porsche Team,Porsche 919 Hybrid,LMP1,H,Bahrain,6,2015,190,6:00:58.243,9 Laps,6 Laps,Michelin,Classified,50.0,1:42.836,189.5,Timo BERNHARD,Mark WEBBER,Brendon HARTLEY,2015_Bahrain,LMP1,Top Class (LMP1/Hypercar),102.836
Audi Sport Team Joest #8,6,6,Audi Sport Team Joest,Audi R18 e-tron quattro,LMP1,H,Bahrain,6,2015,188,6:01:26.618,11 Laps,2 Laps,Michelin,Classified,52.0,1:42.440,190.2,Lucas DI GRASSI,Loïc DUVAL,Oliver JARVIS,2015_Bahrain,LMP1,Top Class (LMP1/Hypercar),102.44
G-Drive Racing #26,7,1,G-Drive Racing,Ligier JS P2 - Nissan,LMP2,,Bahrain,6,2015,183,6:02:04.418,16 Laps,5 Laps,Dunlop,Classified,2.0,1:52.397,173.3,Roman RUSINOV,Julien CANAL,Sam BIRD,2015_Bahrain,LMP2,LMP2,112.39699999999999
KCMG #47,8,2,KCMG,Oreca 05 - Nissan,LMP2,,Bahrain,6,2015,183,6:02:30.009,16 Laps,25.591,Dunlop,Classified,139.0,1:52.177,173.7,Matthew HOWSON,Richard BRADLEY,Nick TANDY,2015_Bahrain,LMP2,LMP2,112.17699999999999
G-Drive Racing #28,9,3,G-Drive Racing,Ligier JS P2 - Nissan,LMP2,,Bahrain,6,2015,182,6:01:14.734,17 Laps,1 Laps,Dunlop,Classified,124.0,1:52.663,172.9,Gustavo YACAMAN,Luis Felipe DERANI,Ricardo GONZALEZ,2015_Bahrain,LMP2,LMP2,112.663
Signatech Alpine #36,10,4,Signatech Alpine,Alpine A450b - Nissan,LMP2,,Bahrain,6,2015,182,6:01:16.167,17 Laps,1.433,Dunlop,Classified,94.0,1:52.923,172.5,Nelson PANCIATICI,Paul Loup CHATIN,Tom DILLMANN,2015_Bahrain,LMP2,LMP2,112.923
Rebellion Racing #13,11,7,Rebellion Racing,Rebellion R-One - AER,LMP1,,Bahrain,6,2015,181,6:01:58.419,18 Laps,1 Laps,Michelin,Classified,94.0,1:48.365,179.8,Alexandre IMPERATORI,Dominik KRAIHAMER,Mathéo TUSCHER,2015_Bahrain,LMP1,Top Class (LMP1/Hypercar),108.36500000000001
Team Bykolles #4,12,8,Team Bykolles,CLM P1/01 - AER,LMP1,,Bahrain,6,2015,180,6:01:26.125,19 Laps,1 Laps,Michelin,Classified,96.0,1:49.710,177.6,Simon TRUMMER,Pierre KAFFER,,2015_Bahrain,LMP1,Top Class (LMP1/Hypercar),109.71000000000001
AF Racing #44,13,5,AF Racing,BR01 - Nissan,LMP2,,Bahrain,6,2015,179,6:01:59.015,20 Laps,1 Laps,Dunlop,Classified,156.0,1:53.126,172.2,Mikhail ALESHIN,Nicolas MINASSIAN,David MARKOZOV,2015_Bahrain,LMP2,LMP2,113.126
Rebellion Racing #12,14,9,Rebellion Racing,Rebellion R-One - AER,LMP1,,Bahrain,6,2015,179,6:02:33.081,20 Laps,34.066,Michelin,Classified,96.0,1:48.561,179.5,Nicolas PROST,Mathias BECHE,,2015_Bahrain,LMP1,Top Class (LMP1/Hypercar),108.561
Strakka Racing #42,15,6,Strakka Racing,Gibson 015S - Nissan,LMP2,,Bahrain,6,2015,178,6:00:54.835,21 Laps,1 Laps,Dunlop,Classified,5.0,1:53.405,171.8,Nick LEVENTIS,Danny WATTS,Jonny KANE,2015_Bahrain,LMP2,LMP2,113.405
Team Sard Morand #43,16,7,Team Sard Morand,Morgan Evo - SARD,LMP2,,Bahrain,6,2015,177,6:01:54.445,22 Laps,1 Laps,Dunlop,Classified,6.0,1:53.615,171.5,Pierre RAGUES,Oliver WEBB,Christopher CUMMING,2015_Bahrain,LMP2,LMP2,113.61500000000001
Extreme Speed Motorsports #30,17,8,Extreme Speed Motorsports,Ligier JS P2 - HPD,LMP2,,Bahrain,6,2015,176,6:01:11.027,23 Laps,1 Laps,Dunlop,Classified,145.0,1:53.673,171.4,Scott SHARP,Ryan DALZIEL,David HEINEMEIER HANSSON,2015_Bahrain,LMP2,LMP2,113.673
Porsche Team Manthey #92,18,1,Porsche Team Manthey,Porsche 911 RSR,LMGTE Pro,,Bahrain,6,2015,173,6:01:24.984,26 Laps,3 Laps,Michelin,Classified,89.0,1:59.600,162.9,Patrick PILET,Frédéric MAKOWIECKI,,2015_Bahrain,LMGTE Pro,GT (GTE Pro/Am),119.6
AF Corse #51,19,2,AF Corse,Ferrari F458 Italia,LMGTE Pro,,Bahrain,6,2015,173,6:02:04.300,26 Laps,39.316,Michelin,Classified,92.0,1:59.689,162.8,Gianmaria BRUNI,Toni VILANDER,,2015_Bahrain,LMGTE Pro,GT (GTE Pro/Am),119.689
Extreme Speed Motorsports #31,20,9,Extreme Speed Motorsports,Ligier JS P2 - HPD,LMP2,,Bahrain,6,2015,173,6:02:34.779,26 Laps,30.479,Dunlop,Classified,88.0,1:53.006,172.4,Ed BROWN,Johannes VAN OVERBEEK,Jonathon FOGARTY,2015_Bahrain,LMP2,LMP2,113.006
Aston Martin Racing #97,21,3,Aston Martin Racing,Aston Martin Vantage V8,LMGTE Pro,,Bahrain,6,2015,173,6:02:39.044,26 Laps,4.265,Michelin,Classified,89.0,1:59.608,162.9,Darren TURNER,Jonathan ADAM,,2015_Bahrain,LMGTE Pro,GT (GTE Pro/Am),119.608
Aston Martin Racing #95,22,4,Aston Martin Racing,Aston Martin Vantage V8,LMGTE Pro,,Bahrain,6,2015,173,6:02:44.998,26 Laps,5.954,Michelin,Classified,89.0,1:59.782,162.7,Christoffer NYGAARD,Marco SØRENSEN,Nicki THIIM,2015_Bahrain,LMGTE Pro,GT (GTE Pro/Am),119.782
Porsche Team Manthey #91,23,5,Porsche Team Manthey,Porsche 911 RSR,LMGTE Pro,,Bahrain,6,2015,172,6:01:03.363,27 Laps,1 Laps,Michelin,Classified,123.0,2:00.269,162.0,Richard LIETZ,Michael CHRISTENSEN,,2015_Bahrain,LMGTE Pro,GT (GTE Pro/Am),120.269
AF Corse #71,24,6,AF Corse,Ferrari F458 Italia,LMGTE Pro,,Bahrain,6,2015,172,6:01:30.152,27 Laps,26.789,Michelin,Classified,122.0,2:00.338,161.9,Davide RIGON,James CALADO,,2015_Bahrain,LMGTE Pro,GT (GTE Pro/Am),120.338
Aston Martin Racing V8 #99,25,7,Aston Martin Racing V8,Aston Martin Vantage V8,LMGTE Pro,,Bahrain,6,2015,171,6:02:09.553,28 Laps,1 Laps,Michelin,Classified,88.0,1:59.879,162.5,Alex MACDOWALL,Fernando REES,Richie STANAWAY,2015_Bahrain,LMGTE Pro,GT (GTE Pro/Am),119.87899999999999
Aston Martin Racing #98,26,1,Aston Martin Racing,Aston Martin Vantage V8,LMGTE Am,,Bahrain,6,2015,170,6:01:54.569,29 Laps,1 Laps,Michelin,Classified,144.0,2:01.173,160.8,Paul DALLA LANA,Pedro LAMY,Mathias LAUDA,2015_Bahrain,LMGTE Am,GT (GTE Pro/Am),121.173
Abu Dhabi-Proton Racing #88,27,2,Abu Dhabi-Proton Racing,Porsche 911 RSR,LMGTE Am,,Bahrain,6,2015,170,6:02:09.055,29 Laps,14.486,Michelin,Classified,60.0,2:01.560,160.3,Marco MAPELLI,Khaled AL QUBAISI,Klaus BACHLER,2015_Bahrain,LMGTE Am,GT (GTE Pro/Am),121.56
Dempsey - Proton Racing #77,28,3,Dempsey - Proton Racing,Porsche 911 RSR,LMGTE Am,,Bahrain,6,2015,170,6:02:34.108,29 Laps,25.053,Michelin,Classified,90.0,2:01.770,160.0,Christian RIED,Patrick LONG,Marco SEEFRIED,2015_Bahrain,LMGTE Am,GT (GTE Pro/Am),121.77
AF Corse #83,29,4,AF Corse,Ferrari F458 Italia,LMGTE Am,,Bahrain,6,2015,169,6:01:30.549,30 Laps,1 Laps,Michelin,Classified,5.0,2:02.408,159.2,François PERRODO,Emmanuel COLLARD,Matteo CRESSONI,2015_Bahrain,LMGTE Am,GT (GTE Pro/Am),122.408
SMP Racing #72,30,5,SMP Racing,Ferrari F458 Italia,LMGTE Am,,Bahrain,6,2015,169,6:01:39.015,30 Laps,8.466,Michelin,Classified,119.0,2:02.192,159.4,Victor SHAYTAR,Andrea BERTOLINI,Aleksey BASOV,2015_Bahrain,LMGTE Am,GT (GTE Pro/Am),122.19200000000001
Larbre Competition #50,31,6,Larbre Competition,Chevrolet Corvette C7,LMGTE Am,,Bahrain,6,2015,169,6:01:56.659,30 Laps,17.644,Michelin,Classified,4.0,2:01.262,160.7,Gianluca RODA,Paolo RUBERTI,Kristian POULSEN,2015_Bahrain,LMGTE Am,GT (GTE Pro/Am),121.262
Aston Martin Racing #96,32,7,Aston Martin Racing,Aston Martin Vantage V8,LMGTE Am,,Bahrain,6,2015,168,6:02:46.557,31 Laps,1 Laps,Michelin,Classified,61.0,2:01.915,159.8,Francesco CASTELLACCI,Roald GOETHE,Stuart HALL,2015_Bahrain,LMGTE Am,GT (GTE Pro/Am),121.915
Porsche Team #17,1,1,Porsche Team,Porsche 919 Hybrid,LMP1,H,Cota,6,2015,185,6:00:12.228,,,Michelin,Classified,176.0,1:47.412,184.9,Timo BERNHARD,Mark WEBBER,Brendon HARTLEY,2015_Cota,LMP1,Top Class (LMP1/Hypercar),107.412
Audi Sport Team Joest #7,2,2,Audi Sport Team Joest,Audi R18 e-tron quattro,LMP1,H,Cota,6,2015,185,6:01:19.068,1'06.840,1'06.840,Michelin,Classified,170.0,1:47.540,184.7,Marcel FÄSSLER,André LOTTERER,Benoît TRÉLUYER,2015_Cota,LMP1,Top Class (LMP1/Hypercar),107.53999999999999
Audi Sport Team Joest #8,3,3,Audi Sport Team Joest,Audi R18 e-tron quattro,LMP1,H,Cota,6,2015,184,6:00:12.996,1 Laps,1 Laps,Michelin,Classified,117.0,1:47.925,184.0,Lucas DI GRASSI,Loïc DUVAL,Oliver JARVIS,2015_Cota,LMP1,Top Class (LMP1/Hypercar),107.925
Toyota Racing #1,4,4,Toyota Gazoo Racing,Toyota TS 040 - Hybrid,LMP1,H,Cota,6,2015,183,6:01:58.463,2 Laps,1 Laps,Michelin,Classified,4.0,1:49.455,181.4,Anthony DAVIDSON,Sébastien BUEMI,Kazuki NAKAJIMA,2015_Cota,LMP1,Top Class (LMP1/Hypercar),109.455
G-Drive Racing #26,5,1,G-Drive Racing,Ligier JS P2 - Nissan,LMP2,,Cota,6,2015,170,6:00:17.618,15 Laps,13 Laps,Dunlop,Classified,113.0,1:57.252,169.4,Roman RUSINOV,Julien CANAL,Sam BIRD,2015_Cota,LMP2,LMP2,117.25200000000001
KCMG #47,6,2,KCMG,Oreca 05 - Nissan,LMP2,,Cota,6,2015,170,6:01:38.783,15 Laps,1'21.165,Dunlop,Classified,127.0,1:56.735,170.1,Matthew HOWSON,Richard BRADLEY,Nicolas LAPIERRE,2015_Cota,LMP2,LMP2,116.735
G-Drive Racing #28,7,3,G-Drive Racing,Ligier JS P2 - Nissan,LMP2,,Cota,6,2015,169,6:00:47.979,16 Laps,1 Laps,Dunlop,Classified,99.0,1:57.747,168.6,Gustavo YACAMAN,Luis Felipe DERANI,Ricardo GONZALEZ,2015_Cota,LMP2,LMP2,117.747
Team Bykolles #4,8,5,Team Bykolles,CLM P1/01 - AER,LMP1,,Cota,6,2015,169,6:01:07.092,16 Laps,19.113,Michelin,Classified,73.0,1:55.560,171.8,Simon TRUMMER,Pierre KAFFER,,2015_Cota,LMP1,Top Class (LMP1/Hypercar),115.56
Extreme Speed Motorsports #30,9,4,Extreme Speed Motorsports,Ligier JS P2 - HPD,LMP2,,Cota,6,2015,169,6:01:08.906,16 Laps,1.814,Dunlop,Classified,125.0,1:57.572,168.9,Scott SHARP,Ryan DALZIEL,David HEINEMEIER HANSSON,2015_Cota,LMP2,LMP2,117.572
Team Sard Morand #43,10,5,Team Sard Morand,Morgan Evo - SARD,LMP2,,Cota,6,2015,169,6:01:08.984,16 Laps,0.078,Dunlop,Classified,131.0,1:58.387,167.7,Pierre RAGUES,Oliver WEBB,Archie HAMILTON,2015_Cota,LMP2,LMP2,118.387
Signatech Alpine #36,11,6,Signatech Alpine,Alpine A450b - Nissan,LMP2,,Cota,6,2015,169,6:01:09.746,16 Laps,0.762,Dunlop,Classified,152.0,1:56.996,169.7,Nelson PANCIATICI,Paul Loup CHATIN,Vincent CAPILLAIRE,2015_Cota,LMP2,LMP2,116.99600000000001
Porsche Team #18,12,6,Porsche Team,Porsche 919 Hybrid,LMP1,H,Cota,6,2015,168,6:01:27.000,17 Laps,1 Laps,Michelin,Classified,114.0,1:47.446,184.8,Romain DUMAS,Neel JANI,Marc LIEB,2015_Cota,LMP1,Top Class (LMP1/Hypercar),107.446
Strakka Racing #42,13,7,Strakka Racing,Gibson 015S - Nissan,LMP2,,Cota,6,2015,166,6:01:28.275,19 Laps,2 Laps,Dunlop,Classified,131.0,1:57.702,168.7,Nick LEVENTIS,Danny WATTS,Jonny KANE,2015_Cota,LMP2,LMP2,117.702
Porsche Team Manthey #91,14,1,Porsche Team Manthey,Porsche 911 RSR,LMGTE Pro,,Cota,6,2015,162,6:01:45.918,23 Laps,4 Laps,Michelin,Classified,144.0,2:05.867,157.8,Richard LIETZ,Michael CHRISTENSEN,,2015_Cota,LMGTE Pro,GT (GTE Pro/Am),125.867
Porsche Team Manthey #92,15,2,Porsche Team Manthey,Porsche 911 RSR,LMGTE Pro,,Cota,6,2015,162,6:01:53.686,23 Laps,7.768,Michelin,Classified,93.0,2:05.931,157.7,Patrick PILET,Frédéric MAKOWIECKI,,2015_Cota,LMGTE Pro,GT (GTE Pro/Am),125.931
AF Corse #71,16,3,AF Corse,Ferrari F458 Italia,LMGTE Pro,,Cota,6,2015,162,6:02:10.303,23 Laps,16.617,Michelin,Classified,144.0,2:06.361,157.1,Davide RIGON,James CALADO,,2015_Cota,LMGTE Pro,GT (GTE Pro/Am),126.361
Aston Martin Racing V8 #99,17,4,Aston Martin Racing V8,Aston Martin Vantage V8,LMGTE Pro,,Cota,6,2015,161,6:02:03.409,24 Laps,1 Laps,Michelin,Classified,65.0,2:06.327,157.2,Alex MACDOWALL,Fernando REES,Richie STANAWAY,2015_Cota,LMGTE Pro,GT (GTE Pro/Am),126.327
Aston Martin Racing #95,18,5,Aston Martin Racing,Aston Martin Vantage V8,LMGTE Pro,,Cota,6,2015,160,6:00:15.506,25 Laps,1 Laps,Michelin,Classified,60.0,2:06.460,157.0,Christoffer NYGAARD,Marco SØRENSEN,,2015_Cota,LMGTE Pro,GT (GTE Pro/Am),126.46
Aston Martin Racing #97,19,6,Aston Martin Racing,Aston Martin Vantage V8,LMGTE Pro,,Cota,6,2015,160,6:00:18.294,25 Laps,2.788,Michelin,Classified,64.0,2:06.693,156.7,Darren TURNER,Jonathan ADAM,,2015_Cota,LMGTE Pro,GT (GTE Pro/Am),126.693
AF Corse #51,20,7,AF Corse,Ferrari F458 Italia,LMGTE Pro,,Cota,6,2015,160,6:00:25.189,25 Laps,6.895,Michelin,Classified,64.0,2:06.090,157.5,Gianmaria BRUNI,Toni VILANDER,,2015_Cota,LMGTE Pro,GT (GTE Pro/Am),126.09
SMP Racing #72,21,1,SMP Racing,Ferrari F458 Italia,LMGTE Am,,Cota,6,2015,159,6:01:36.793,26 Laps,1 Laps,Michelin,Classified,137.0,2:07.170,156.2,Victor SHAYTAR,Andrea BERTOLINI,Aleksey BASOV,2015_Cota,LMGTE Am,GT (GTE Pro/Am),127.17
Abu Dhabi-Proton Racing #88,22,2,Abu Dhabi-Proton Racing,Porsche 911 RSR,LMGTE Am,,Cota,6,2015,159,6:02:17.647,26 Laps,40.854,Michelin,Classified,134.0,2:06.227,157.3,Christian RIED,Khaled AL QUBAISI,Earl BAMBER,2015_Cota,LMGTE Am,GT (GTE Pro/Am),126.227
AF Corse #83,23,3,AF Corse,Ferrari F458 Italia,LMGTE Am,,Cota,6,2015,158,6:00:13.166,27 Laps,1 Laps,Michelin,Classified,91.0,2:07.337,155.9,François PERRODO,Emmanuel COLLARD,Rui AGUAS,2015_Cota,LMGTE Am,GT (GTE Pro/Am),127.337
Dempsey - Proton Racing #77,24,4,Dempsey - Proton Racing,Porsche 911 RSR,LMGTE Am,,Cota,6,2015,158,6:00:18.101,27 Laps,4.935,Michelin,Classified,139.0,2:06.674,156.8,Patrick DEMPSEY,Patrick LONG,Marco SEEFRIED,2015_Cota,LMGTE Am,GT (GTE Pro/Am),126.674
Aston Martin Racing #98,25,5,Aston Martin Racing,Aston Martin Vantage V8,LMGTE Am,,Cota,6,2015,158,6:01:50.904,27 Laps,1'32.803,Michelin,Classified,84.0,2:07.314,156.0,Paul DALLA LANA,Pedro LAMY,Mathias LAUDA,2015_Cota,LMGTE Am,GT (GTE Pro/Am),127.314
Aston Martin Racing #96,26,6,Aston Martin Racing,Aston Martin Vantage V8,LMGTE Am,,Cota,6,2015,158,6:01:51.192,27 Laps,0.288,Michelin,Classified,151.0,2:08.127,155.0,Francesco CASTELLACCI,Benny SIMONSEN,Stuart HALL,2015_Cota,LMGTE Am,GT (GTE Pro/Am),128.127
Larbre Competition #50,27,7,Larbre Competition,Chevrolet Corvette C7,LMGTE Am,,Cota,6,2015,157,6:00:21.296,28 Laps,1 Laps,Michelin,Classified,141.0,2:07.750,155.4,Gianluca RODA,Paolo RUBERTI,Kristian POULSEN,2015_Cota,LMGTE Am,GT (GTE Pro/Am),127.75
Rebellion Racing #13,28,7,Rebellion Racing,Rebellion R-One - AER,LMP1,,Cota,6,2015,147,6:00:48.174,38 Laps,10 Laps,Michelin,Classified,81.0,1:54.512,173.4,Alexandre IMPERATORI,Dominik KRAIHAMER,Daniel ABT,2015_Cota,LMP1,Top Class (LMP1/Hypercar),114.512
Rebellion Racing #12,29,8,Rebellion Racing,Rebellion R-One - AER,LMP1,,Cota,6,2015,147,6:01:18.922,38 Laps,30.748,Michelin,Classified,139.0,1:54.036,174.1,Nicolas PROST,Mathias BECHE,Nick HEIDFELD,2015_Cota,LMP1,Top Class (LMP1/Hypercar),114.036
Toyota Racing #2,30,9,Toyota Gazoo Racing,Toyota TS 040 - Hybrid,LMP1,H,Cota,6,2015,89,2:56:41.805,96 Laps,58 Laps,Michelin,Not classified,9.0,1:50.182,180.2,Alexander WURZ,Stéphane SARRAZIN,Mike CONWAY,2015_Cota,LMP1,Top Class (LMP1/Hypercar),110.182
Extreme Speed Motorsports #31,31,8,Extreme Speed Motorsports,Ligier JS P2 - HPD,LMP2,,Cota,6,2015,54,1:53:42.600,131 Laps,35 Laps,Dunlop,Not classified,4.0,1:59.819,165.7,Ed BROWN,Johannes VAN OVERBEEK,Jonathon FOGARTY,2015_Cota,LMP2,LMP2,119.819
Porsche Team #17,1,1,Porsche Team,Porsche 919 Hybrid,LMP1,H,Fuji,6,2015,216,6:00:25.737,,,Michelin,Classified,199.0,1:26.022,191.0,Timo BERNHARD,Mark WEBBER,Brendon HARTLEY,2015_Fuji,LMP1,Top Class (LMP1/Hypercar),86.02199999999999
Porsche Team #18,2,2,Porsche Team,Porsche 919 Hybrid,LMP1,H,Fuji,6,2015,216,6:00:40.043,14.306,14.306,Michelin,Classified,200.0,1:26.045,190.9,Romain DUMAS,Neel JANI,Marc LIEB,2015_Fuji,LMP1,Top Class (LMP1/Hypercar),86.045
Audi Sport Team Joest #7,3,3,Audi Sport Team Joest,Audi R18 e-tron quattro,LMP1,H,Fuji,6,2015,215,6:01:10.473,1 Laps,1 Laps,Michelin,Classified,188.0,1:25.975,191.1,Marcel FÄSSLER,André LOTTERER,Benoît TRÉLUYER,2015_Fuji,LMP1,Top Class (LMP1/Hypercar),85.975
Audi Sport Team Joest #8,4,4,Audi Sport Team Joest,Audi R18 e-tron quattro,LMP1,H,Fuji,6,2015,214,6:00:34.520,2 Laps,1 Laps,Michelin,Classified,184.0,1:25.621,191.9,Lucas DI GRASSI,Loïc DUVAL,Oliver JARVIS,2015_Fuji,LMP1,Top Class (LMP1/Hypercar),85.621
Toyota Racing #1,5,5,Toyota Gazoo Racing,Toyota TS 040 - Hybrid,LMP1,H,Fuji,6,2015,214,6:01:27.274,2 Laps,52.754,Michelin,Classified,200.0,1:27.512,187.7,Anthony DAVIDSON,Sébastien BUEMI,Kazuki NAKAJIMA,2015_Fuji,LMP1,Top Class (LMP1/Hypercar),87.512
Toyota Racing #2,6,6,Toyota Gazoo Racing,Toyota TS 040 - Hybrid,LMP1,H,Fuji,6,2015,203,6:00:53.790,13 Laps,11 Laps,Michelin,Classified,186.0,1:27.992,186.7,Alexander WURZ,Stéphane SARRAZIN,Mike CONWAY,2015_Fuji,LMP1,Top Class (LMP1/Hypercar),87.992
Rebellion Racing #12,7,7,Rebellion Racing,Rebellion R-One - AER,LMP1,,Fuji,6,2015,203,6:01:35.613,13 Laps,41.823,Michelin,Classified,195.0,1:33.032,176.6,Nicolas PROST,Mathias BECHE,,2015_Fuji,LMP1,Top Class (LMP1/Hypercar),93.032
Team Bykolles #4,8,8,Team Bykolles,CLM P1/01 - AER,LMP1,,Fuji,6,2015,199,6:00:28.092,17 Laps,4 Laps,Michelin,Classified,190.0,1:33.033,176.6,Simon TRUMMER,Pierre KAFFER,,2015_Fuji,LMP1,Top Class (LMP1/Hypercar),93.033
G-Drive Racing #26,9,1,G-Drive Racing,Ligier JS P2 - Nissan,LMP2,,Fuji,6,2015,198,6:01:13.244,18 Laps,1 Laps,Dunlop,Classified,164.0,1:35.635,171.8,Roman RUSINOV,Julien CANAL,Sam BIRD,2015_Fuji,LMP2,LMP2,95.63499999999999
Signatech Alpine #36,10,2,Signatech Alpine,Alpine A450b - Nissan,LMP2,,Fuji,6,2015,198,6:01:45.616,18 Laps,32.372,Dunlop,Classified,188.0,1:35.933,171.2,Nelson PANCIATICI,Paul Loup CHATIN,Vincent CAPILLAIRE,2015_Fuji,LMP2,LMP2,95.93299999999999
G-Drive Racing #28,11,3,G-Drive Racing,Ligier JS P2 - Nissan,LMP2,,Fuji,6,2015,197,6:01:21.978,19 Laps,1 Laps,Dunlop,Classified,156.0,1:34.550,173.7,Gustavo YACAMAN,Luis Felipe DERANI,Ricardo GONZALEZ,2015_Fuji,LMP2,LMP2,94.55
Extreme Speed Motorsports #30,12,4,Extreme Speed Motorsports,Ligier JS P2 - HPD,LMP2,,Fuji,6,2015,194,6:00:38.454,22 Laps,3 Laps,Dunlop,Classified,188.0,1:35.235,172.5,Scott SHARP,Ryan DALZIEL,David HEINEMEIER HANSSON,2015_Fuji,LMP2,LMP2,95.235
AF Corse #51,13,1,AF Corse,Ferrari F458 Italia,LMGTE Pro,,Fuji,6,2015,193,6:01:01.575,23 Laps,1 Laps,Michelin,Classified,151.0,1:40.736,163.1,Gianmaria BRUNI,Toni VILANDER,,2015_Fuji,LMGTE Pro,GT (GTE Pro/Am),100.73599999999999
Team Sard Morand #43,14,5,Team Sard Morand,Morgan Evo - SARD,LMP2,,Fuji,6,2015,193,6:01:15.910,23 Laps,14.335,Dunlop,Classified,182.0,1:36.579,170.1,Pierre RAGUES,Oliver WEBB,Christopher CUMMING,2015_Fuji,LMP2,LMP2,96.57900000000001
Porsche Team Manthey #92,15,2,Porsche Team Manthey,Porsche 911 RSR,LMGTE Pro,,Fuji,6,2015,192,6:00:35.936,24 Laps,1 Laps,Michelin,Classified,184.0,1:40.940,162.7,Patrick PILET,Frédéric MAKOWIECKI,,2015_Fuji,LMGTE Pro,GT (GTE Pro/Am),100.94
AF Corse #71,16,3,AF Corse,Ferrari F458 Italia,LMGTE Pro,,Fuji,6,2015,192,6:00:37.876,24 Laps,1.940,Michelin,Classified,156.0,1:41.115,162.5,Davide RIGON,James CALADO,,2015_Fuji,LMGTE Pro,GT (GTE Pro/Am),101.11500000000001
Porsche Team Manthey #91,17,4,Porsche Team Manthey,Porsche 911 RSR,LMGTE Pro,,Fuji,6,2015,192,6:00:38.638,24 Laps,0.762,Michelin,Classified,177.0,1:40.888,162.8,Richard LIETZ,Michael CHRISTENSEN,,2015_Fuji,LMGTE Pro,GT (GTE Pro/Am),100.888
Strakka Racing #42,18,6,Strakka Racing,Gibson 015S - Nissan,LMP2,,Fuji,6,2015,192,6:00:56.975,24 Laps,18.337,Dunlop,Classified,188.0,1:36.829,169.6,Nick LEVENTIS,Danny WATTS,Jonny KANE,2015_Fuji,LMP2,LMP2,96.82900000000001
Aston Martin Racing #95,19,5,Aston Martin Racing,Aston Martin Vantage V8,LMGTE Pro,,Fuji,6,2015,191,6:01:43.760,25 Laps,1 Laps,Michelin,Classified,147.0,1:42.004,161.0,Christoffer NYGAARD,Marco SØRENSEN,,2015_Fuji,LMGTE Pro,GT (GTE Pro/Am),102.00399999999999
Aston Martin Racing #97,20,6,Aston Martin Racing,Aston Martin Vantage V8,LMGTE Pro,,Fuji,6,2015,190,6:00:27.828,26 Laps,1 Laps,Michelin,Classified,149.0,1:41.995,161.1,Darren TURNER,Jonathan ADAM,,2015_Fuji,LMGTE Pro,GT (GTE Pro/Am),101.995
Aston Martin Racing V8 #99,21,7,Aston Martin Racing V8,Aston Martin Vantage V8,LMGTE Pro,,Fuji,6,2015,190,6:01:28.861,26 Laps,1'01.033,Michelin,Classified,157.0,1:41.786,161.4,Alex MACDOWALL,Fernando REES,Stefan MÜCKE,2015_Fuji,LMGTE Pro,GT (GTE Pro/Am),101.786
Dempsey - Proton Racing #77,22,1,Dempsey - Proton Racing,Porsche 911 RSR,LMGTE Am,,Fuji,6,2015,187,6:01:21.939,29 Laps,3 Laps,Michelin,Classified,159.0,1:41.917,161.2,Patrick DEMPSEY,Patrick LONG,Marco SEEFRIED,2015_Fuji,LMGTE Am,GT (GTE Pro/Am),101.917
Aston Martin Racing #98,23,2,Aston Martin Racing,Aston Martin Vantage V8,LMGTE Am,,Fuji,6,2015,187,6:01:39.149,29 Laps,17.210,Michelin,Classified,151.0,1:42.612,160.1,Paul DALLA LANA,Pedro LAMY,Mathias LAUDA,2015_Fuji,LMGTE Am,GT (GTE Pro/Am),102.612
AF Corse #83,24,3,AF Corse,Ferrari F458 Italia,LMGTE Am,,Fuji,6,2015,186,6:00:58.060,30 Laps,1 Laps,Michelin,Classified,162.0,1:41.723,161.5,François PERRODO,Emmanuel COLLARD,Rui AGUAS,2015_Fuji,LMGTE Am,GT (GTE Pro/Am),101.723
Extreme Speed Motorsports #31,25,7,Extreme Speed Motorsports,Ligier JS P2 - HPD,LMP2,,Fuji,6,2015,186,6:01:36.865,30 Laps,38.805,Dunlop,Classified,137.0,1:39.037,165.9,Ed BROWN,Johannes VAN OVERBEEK,Jonathon FOGARTY,2015_Fuji,LMP2,LMP2,99.037
Larbre Competition #50,26,4,Larbre Competition,Chevrolet Corvette C7,LMGTE Am,,Fuji,6,2015,185,6:00:32.122,31 Laps,1 Laps,Michelin,Classified,165.0,1:42.609,160.1,Gianluca RODA,Paolo RUBERTI,Nicolai SYLVEST,2015_Fuji,LMGTE Am,GT (GTE Pro/Am),102.60900000000001
Abu Dhabi-Proton Racing #88,27,5,Abu Dhabi-Proton Racing,Porsche 911 RSR,LMGTE Am,,Fuji,6,2015,185,6:00:53.097,31 Laps,20.975,Michelin,Classified,159.0,1:41.605,161.7,Christian RIED,Khaled AL QUBAISI,Earl BAMBER,2015_Fuji,LMGTE Am,GT (GTE Pro/Am),101.60499999999999
SMP Racing #72,28,6,SMP Racing,Ferrari F458 Italia,LMGTE Am,,Fuji,6,2015,185,6:00:59.354,31 Laps,6.257,Michelin,Classified,161.0,1:42.468,160.3,Victor SHAYTAR,Andrea BERTOLINI,Aleksey BASOV,2015_Fuji,LMGTE Am,GT (GTE Pro/Am),102.468
Aston Martin Racing #96,29,7,Aston Martin Racing,Aston Martin Vantage V8,LMGTE Am,,Fuji,6,2015,184,6:00:30.626,32 Laps,1 Laps,Michelin,Classified,176.0,1:44.942,156.5,Francesco CASTELLACCI,Liam GRIFFIN,Stuart HALL,2015_Fuji,LMGTE Am,GT (GTE Pro/Am),104.94200000000001
Rebellion Racing #13,30,9,Rebellion Racing,Rebellion R-One - AER,LMP1,,Fuji,6,2015,164,6:00:42.189,52 Laps,20 Laps,Michelin,Classified,160.0,1:31.985,178.6,Alexandre IMPERATORI,Dominik KRAIHAMER,Daniel ABT,2015_Fuji,LMP1,Top Class (LMP1/Hypercar),91.985
KCMG #47,31,8,KCMG,Oreca 05 - Nissan,LMP2,,Fuji,6,2015,192,5:53:15.361,24 Laps,-28 Laps,Dunlop,Not classified,157.0,1:35.097,172.7,Matthew HOWSON,Richard BRADLEY,Nick TANDY,2015_Fuji,LMP2,LMP2,95.09700000000001
Porsche Team #17,1,1,Porsche Team,Porsche 919 Hybrid,LMP1,H,Nurburgring,6,2015,203,6:01:16.966,,,Michelin,Classified,30.0,1:38.307,188.1,Timo BERNHARD,Mark WEBBER,Brendon HARTLEY,2015_Nurburgring,LMP1,Top Class (LMP1/Hypercar),98.307
Porsche Team #18,2,2,Porsche Team,Porsche 919 Hybrid,LMP1,H,Nurburgring,6,2015,202,6:02:06.510,1 Laps,1 Laps,Michelin,Classified,4.0,1:37.955,188.8,Romain DUMAS,Neel JANI,Marc LIEB,2015_Nurburgring,LMP1,Top Class (LMP1/Hypercar),97.955
Audi Sport Team Joest #7,3,3,Audi Sport Team Joest,Audi R18 e-tron quattro,LMP1,H,Nurburgring,6,2015,202,6:02:22.258,1 Laps,15.748,Michelin,Classified,100.0,1:38.611,187.5,Marcel FÄSSLER,André LOTTERER,Benoît TRÉLUYER,2015_Nurburgring,LMP1,Top Class (LMP1/Hypercar),98.61099999999999
Audi Sport Team Joest #8,4,4,Audi Sport Team Joest,Audi R18 e-tron quattro,LMP1,H,Nurburgring,6,2015,202,6:02:24.429,1 Laps,2.171,Michelin,Classified,149.0,1:38.608,187.5,Lucas DI GRASSI,Loïc DUVAL,Oliver JARVIS,2015_Nurburgring,LMP1,Top Class (LMP1/Hypercar),98.608
Toyota Racing #1,5,5,Toyota Gazoo Racing,Toyota TS 040 - Hybrid,LMP1,H,Nurburgring,6,2015,200,6:02:26.489,3 Laps,2 Laps,Michelin,Classified,5.0,1:40.207,184.5,Anthony DAVIDSON,Sébastien BUEMI,Kazuki NAKAJIMA,2015_Nurburgring,LMP1,Top Class (LMP1/Hypercar),100.207
Toyota Racing #2,6,6,Toyota Gazoo Racing,Toyota TS 040 - Hybrid,LMP1,H,Nurburgring,6,2015,199,6:02:39.301,4 Laps,1 Laps,Michelin,Classified,4.0,1:40.738,183.6,Alexander WURZ,Stéphane SARRAZIN,Mike CONWAY,2015_Nurburgring,LMP1,Top Class (LMP1/Hypercar),100.738
KCMG #47,7,1,KCMG,Oreca 05 - Nissan,LMP2,,Nurburgring,6,2015,185,6:01:23.477,18 Laps,14 Laps,Dunlop,Classified,3.0,1:47.290,172.4,Matthew HOWSON,Richard BRADLEY,Nick TANDY,2015_Nurburgring,LMP2,LMP2,107.28999999999999
G-Drive Racing #26,8,2,G-Drive Racing,Ligier JS P2 - Nissan,LMP2,,Nurburgring,6,2015,185,6:02:34.922,18 Laps,1'11.445,Dunlop,Classified,4.0,1:47.579,171.9,Roman RUSINOV,Julien CANAL,Sam BIRD,2015_Nurburgring,LMP2,LMP2,107.57900000000001
G-Drive Racing #28,9,3,G-Drive Racing,Ligier JS P2 - Nissan,LMP2,,Nurburgring,6,2015,184,6:01:52.878,19 Laps,1 Laps,Dunlop,Classified,7.0,1:47.859,171.5,Gustavo YACAMAN,Luis Felipe DERANI,Ricardo GONZALEZ,2015_Nurburgring,LMP2,LMP2,107.85900000000001
Team Sard Morand #43,10,4,Team Sard Morand,Morgan Evo - SARD,LMP2,,Nurburgring,6,2015,184,6:03:00.711,19 Laps,1'07.833,Dunlop,Classified,4.0,1:48.672,170.2,Pierre RAGUES,Oliver WEBB,Archie HAMILTON,2015_Nurburgring,LMP2,LMP2,108.672
Signatech Alpine #36,11,5,Signatech Alpine,Alpine A450b - Nissan,LMP2,,Nurburgring,6,2015,183,6:01:18.996,20 Laps,1 Laps,Dunlop,Classified,5.0,1:48.522,170.4,Nelson PANCIATICI,Paul Loup CHATIN,Vincent CAPILLAIRE,2015_Nurburgring,LMP2,LMP2,108.52199999999999
Extreme Speed Motorsports #30,12,6,Extreme Speed Motorsports,Ligier JS P2 - HPD,LMP2,,Nurburgring,6,2015,183,6:01:56.235,20 Laps,37.239,Dunlop,Classified,147.0,1:48.879,169.9,Scott SHARP,Ryan DALZIEL,David HEINEMEIER HANSSON,2015_Nurburgring,LMP2,LMP2,108.87899999999999
Strakka Racing #42,13,7,Strakka Racing,Gibson 015S - Nissan,LMP2,,Nurburgring,6,2015,181,6:01:38.173,22 Laps,2 Laps,Dunlop,Classified,80.0,1:48.515,170.4,Nick LEVENTIS,Danny WATTS,Jonny KANE,2015_Nurburgring,LMP2,LMP2,108.515
Extreme Speed Motorsports #31,14,8,Extreme Speed Motorsports,Ligier JS P2 - HPD,LMP2,,Nurburgring,6,2015,177,6:01:57.833,26 Laps,4 Laps,Dunlop,Classified,157.0,1:49.352,169.1,Ed BROWN,Johannes VAN OVERBEEK,Jonathon FOGARTY,2015_Nurburgring,LMP2,LMP2,109.352
Porsche Team Manthey #91,15,1,Porsche Team Manthey,Porsche 911 RSR,LMGTE Pro,,Nurburgring,6,2015,176,6:02:45.506,27 Laps,1 Laps,Michelin,Classified,3.0,1:55.798,159.7,Richard LIETZ,Michael CHRISTENSEN,,2015_Nurburgring,LMGTE Pro,GT (GTE Pro/Am),115.798
Porsche Team Manthey #92,16,2,Porsche Team Manthey,Porsche 911 RSR,LMGTE Pro,,Nurburgring,6,2015,175,6:01:19.310,28 Laps,1 Laps,Michelin,Classified,3.0,1:55.777,159.7,Patrick PILET,Frédéric MAKOWIECKI,,2015_Nurburgring,LMGTE Pro,GT (GTE Pro/Am),115.777
AF Corse #71,17,3,AF Corse,Ferrari F458 Italia,LMGTE Pro,,Nurburgring,6,2015,175,6:01:30.055,28 Laps,10.745,Michelin,Classified,122.0,1:55.544,160.1,Davide RIGON,James CALADO,,2015_Nurburgring,LMGTE Pro,GT (GTE Pro/Am),115.544
Team Bykolles #4,18,7,Team Bykolles,CLM P1/01 - AER,LMP1,,Nurburgring,6,2015,175,6:02:34.099,28 Laps,1'04.044,Michelin,Classified,6.0,1:45.364,175.5,Simon TRUMMER,Pierre KAFFER,,2015_Nurburgring,LMP1,Top Class (LMP1/Hypercar),105.364
Aston Martin Racing #95,19,4,Aston Martin Racing,Aston Martin Vantage V8,LMGTE Pro,,Nurburgring,6,2015,175,6:03:12.104,28 Laps,38.005,Michelin,Classified,3.0,1:56.910,158.2,Christoffer NYGAARD,Marco SØRENSEN,,2015_Nurburgring,LMGTE Pro,GT (GTE Pro/Am),116.91
Aston Martin Racing V8 #99,20,5,Aston Martin Racing V8,Aston Martin Vantage V8,LMGTE Pro,,Nurburgring,6,2015,174,6:02:22.293,29 Laps,1 Laps,Michelin,Classified,145.0,1:56.686,158.5,Alex MACDOWALL,Fernando REES,Richie STANAWAY,2015_Nurburgring,LMGTE Pro,GT (GTE Pro/Am),116.686
Aston Martin Racing #97,21,6,Aston Martin Racing,Aston Martin Vantage V8,LMGTE Pro,,Nurburgring,6,2015,173,6:01:53.962,30 Laps,1 Laps,Michelin,Classified,132.0,1:57.218,157.8,Darren TURNER,Stefan MÜCKE,Jonathan ADAM,2015_Nurburgring,LMGTE Pro,GT (GTE Pro/Am),117.218
Rebellion Racing #12,22,8,Rebellion Racing,Rebellion R-One - AER,LMP1,,Nurburgring,6,2015,173,6:02:11.827,30 Laps,17.865,Michelin,Classified,5.0,1:43.760,178.2,Nicolas PROST,Mathias BECHE,Nick HEIDFELD,2015_Nurburgring,LMP1,Top Class (LMP1/Hypercar),103.75999999999999
SMP Racing #72,23,1,SMP Racing,Ferrari F458 Italia,LMGTE Am,,Nurburgring,6,2015,173,6:03:09.566,30 Laps,57.739,Michelin,Classified,115.0,1:56.986,158.1,Victor SHAYTAR,Andrea BERTOLINI,Aleksey BASOV,2015_Nurburgring,LMGTE Am,GT (GTE Pro/Am),116.98599999999999
Aston Martin Racing #98,24,2,Aston Martin Racing,Aston Martin Vantage V8,LMGTE Am,,Nurburgring,6,2015,172,6:01:52.933,31 Laps,1 Laps,Michelin,Classified,3.0,1:57.672,157.2,Paul DALLA LANA,Pedro LAMY,Mathias LAUDA,2015_Nurburgring,LMGTE Am,GT (GTE Pro/Am),117.672
AF Corse #83,25,3,AF Corse,Ferrari F458 Italia,LMGTE Am,,Nurburgring,6,2015,172,6:02:10.165,31 Laps,17.232,Michelin,Classified,148.0,1:57.319,157.6,François PERRODO,Emmanuel COLLARD,Rui AGUAS,2015_Nurburgring,LMGTE Am,GT (GTE Pro/Am),117.319
Dempsey - Proton Racing #77,26,4,Dempsey - Proton Racing,Porsche 911 RSR,LMGTE Am,,Nurburgring,6,2015,172,6:02:13.684,31 Laps,3.519,Michelin,Classified,2.0,1:56.859,158.3,Patrick DEMPSEY,Patrick LONG,Marco SEEFRIED,2015_Nurburgring,LMGTE Am,GT (GTE Pro/Am),116.85900000000001
Larbre Competition #50,27,5,Larbre Competition,Chevrolet Corvette C7,LMGTE Am,,Nurburgring,6,2015,171,6:01:48.653,32 Laps,1 Laps,Michelin,Classified,142.0,1:56.440,158.8,Gianluca RODA,Paolo RUBERTI,Kristian POULSEN,2015_Nurburgring,LMGTE Am,GT (GTE Pro/Am),116.44
Abu Dhabi-Proton Racing #88,28,6,Abu Dhabi-Proton Racing,Porsche 911 RSR,LMGTE Am,,Nurburgring,6,2015,170,6:01:57.412,33 Laps,1 Laps,Michelin,Classified,150.0,1:56.672,158.5,Christian RIED,Khaled AL QUBAISI,Earl BAMBER,2015_Nurburgring,LMGTE Am,GT (GTE Pro/Am),116.672
Aston Martin Racing #96,29,7,Aston Martin Racing,Aston Martin Vantage V8,LMGTE Am,,Nurburgring,6,2015,169,6:03:08.571,34 Laps,1 Laps,Michelin,Classified,103.0,1:57.839,156.9,Francesco CASTELLACCI,Roald GOETHE,Stuart HALL,2015_Nurburgring,LMGTE Am,GT (GTE Pro/Am),117.839
AF Corse #51,30,7,AF Corse,Ferrari F458 Italia,LMGTE Pro,,Nurburgring,6,2015,168,6:02:19.150,35 Laps,1 Laps,Michelin,Classified,2.0,1:55.191,160.5,Gianmaria BRUNI,Toni VILANDER,,2015_Nurburgring,LMGTE Pro,GT (GTE Pro/Am),115.191
Rebellion Racing #13,31,9,Rebellion Racing,Rebellion R-One - AER,LMP1,,Nurburgring,6,2015,1,55:16.198,202 Laps,167 Laps,Michelin,Not classified,,,,Alexandre IMPERATORI,Dominik KRAIHAMER,Daniel ABT,2015_Nurburgring,LMP1,Top Class (LMP1/Hypercar),
Porsche Team #19,1,1,Porsche Team,Porsche 919 Hybrid,LMP1,H,LeMans,24,2015,395,24:00:42.784,,,Michelin,Classified,235.0,3:18.596,247.1,Nico HÜLKENBERG,Earl BAMBER,Nick TANDY,2015_LeMans,LMP1,Top Class (LMP1/Hypercar),198.596
Porsche Team #17,2,2,Porsche Team,Porsche 919 Hybrid,LMP1,H,LeMans,24,2015,394,24:00:42.916,1 Laps,1 Laps,Michelin,Classified,303.0,3:18.186,247.6,Timo BERNHARD,Mark WEBBER,Brendon HARTLEY,2015_LeMans,LMP1,Top Class (LMP1/Hypercar),198.186
Audi Sport Team Joest #7,3,3,Audi Sport Team Joest,Audi R18 e-tron quattro,LMP1,H,LeMans,24,2015,393,24:01:38.637,2 Laps,1 Laps,Michelin,Classified,337.0,3:17.475,248.5,Marcel FÄSSLER,André LOTTERER,Benoît TRÉLUYER,2015_LeMans,LMP1,Top Class (LMP1/Hypercar),197.475
Audi Sport Team Joest #8,4,4,Audi Sport Team Joest,Audi R18 e-tron quattro,LMP1,H,LeMans,24,2015,392,24:00:45.336,3 Laps,1 Laps,Michelin,Classified,351.0,3:17.831,248.0,Lucas DI GRASSI,Loïc DUVAL,Oliver JARVIS,2015_LeMans,LMP1,Top Class (LMP1/Hypercar),197.831
Porsche Team #18,5,5,Porsche Team,Porsche 919 Hybrid,LMP1,H,LeMans,24,2015,391,24:00:49.233,4 Laps,1 Laps,Michelin,Classified,138.0,3:18.917,246.7,Romain DUMAS,Neel JANI,Marc LIEB,2015_LeMans,LMP1,Top Class (LMP1/Hypercar),198.917
Toyota Racing #2,6,6,Toyota Gazoo Racing,Toyota TS 040 - Hybrid,LMP1,H,LeMans,24,2015,387,24:01:08.581,8 Laps,4 Laps,Michelin,Classified,318.0,3:22.633,242.1,Alexander WURZ,Stéphane SARRAZIN,Mike CONWAY,2015_LeMans,LMP1,Top Class (LMP1/Hypercar),202.633
Audi Sport Team Joest #9,7,7,Audi Sport Team Joest,Audi R18 e-tron quattro,LMP1,H,LeMans,24,2015,387,24:03:43.663,8 Laps,2'35.082,Michelin,Classified,62.0,3:17.647,248.2,Filipe ALBUQUERQUE,Marco BONANOMI,René RAST,2015_LeMans,LMP1,Top Class (LMP1/Hypercar),197.647
Toyota Racing #1,8,8,Toyota Gazoo Racing,Toyota TS 040 - Hybrid,LMP1,H,LeMans,24,2015,386,24:02:52.724,9 Laps,1 Laps,Michelin,Classified,312.0,3:20.896,244.2,Anthony DAVIDSON,Sébastien BUEMI,Kazuki NAKAJIMA,2015_LeMans,LMP1,Top Class (LMP1/Hypercar),200.89600000000002
KCMG #47,9,1,KCMG,Oreca 05 - Nissan,LMP2,,LeMans,24,2015,358,24:00:56.706,37 Laps,28 Laps,Dunlop,Classified,310.0,3:36.836,226.3,Matthew HOWSON,Richard BRADLEY,Nicolas LAPIERRE,2015_LeMans,LMP2,LMP2,216.836
JOTA Sport #38,10,2,JOTA Sport,Gibson 015S - Nissan,LMP2,,LeMans,24,2015,358,24:01:44.888,37 Laps,48.182,Dunlop,Classified,244.0,3:36.679,226.4,Simon DOLAN,Mitch EVANS,Oliver TURVEY,2015_LeMans,LMP2,LMP2,216.679
G-Drive Racing #26,11,3,G-Drive Racing,Ligier JS P2 - Nissan,LMP2,,LeMans,24,2015,358,24:02:44.228,37 Laps,59.340,Dunlop,Classified,344.0,3:37.078,226.0,Roman RUSINOV,Julien CANAL,Sam BIRD,2015_LeMans,LMP2,LMP2,217.078
G-Drive Racing #28,12,4,G-Drive Racing,Ligier JS P2 - Nissan,LMP2,,LeMans,24,2015,354,24:03:53.406,41 Laps,4 Laps,Dunlop,Classified,307.0,3:38.109,225.0,Gustavo YACAMAN,Luis Felipe DERANI,Ricardo GONZALEZ,2015_LeMans,LMP2,LMP2,218.109
Murphy Prototypes #48,13,5,Murphy Prototypes,Oreca 03R - Nissan,LMP2,,LeMans,24,2015,347,24:07:45.440,48 Laps,7 Laps,Dunlop,Classified,312.0,3:38.715,224.3,Karun CHANDHOK,Mark PATTERSON,Nathanaël BERTHON,2015_LeMans,LMP2,LMP2,218.715
SMP Racing #27,14,6,SMP Racing,BR01 - Nissan,LMP2,,LeMans,24,2015,340,24:02:58.752,55 Laps,7 Laps,Michelin,Classified,331.0,3:42.444,220.6,Maurizio MEDIANI,David MARKOZOV,Nicolas MINASSIAN,2015_LeMans,LMP2,LMP2,222.44400000000002
Extreme Speed Motorsports #31,15,7,Extreme Speed Motorsports,Ligier JS P2 - HPD,LMP2,,LeMans,24,2015,339,24:00:46.768,56 Laps,1 Laps,Dunlop,Classified,270.0,3:42.890,220.1,Ed BROWN,Johannes VAN OVERBEEK,Jonathon FOGARTY,2015_LeMans,LMP2,LMP2,222.89
Ibanez Racing #45,16,8,Ibanez Racing,Oreca 03R - Nissan,LMP2,,LeMans,24,2015,337,24:00:44.914,58 Laps,2 Laps,Dunlop,Classified,220.0,3:44.918,218.1,José IBANEZ,Pierre PERRET,Ivan BELLAROSA,2015_LeMans,LMP2,LMP2,224.918
Corvette Racing - GM #64,17,1,Corvette Racing - GM,Chevrolet Corvette C7R,LMGTE Pro,,LeMans,24,2015,337,24:04:32.794,58 Laps,3'47.880,Michelin,Classified,289.0,3:54.823,208.9,Oliver GAVIN,Tommy MILNER,Jordan TAYLOR,2015_LeMans,LMGTE Pro,GT (GTE Pro/Am),234.823
Rebellion Racing #13,18,9,Rebellion Racing,Rebellion R-One - AER,LMP1,,LeMans,24,2015,336,24:00:48.606,59 Laps,1 Laps,Michelin,Classified,229.0,3:26.594,237.5,Alexandre IMPERATORI,Dominik KRAIHAMER,Daniel ABT,2015_LeMans,LMP1,Top Class (LMP1/Hypercar),206.594
Pegasus Racing #29,19,9,Pegasus Racing,Morgan - Nissan,LMP2,,LeMans,24,2015,334,24:00:46.145,61 Laps,2 Laps,Michelin,Classified,225.0,3:40.794,222.2,Léo ROUSSEL,Ho-Pin TUNG,David CHENG,2015_LeMans,LMP2,LMP2,220.79399999999998
SMP Racing #72,20,1,SMP Racing,Ferrari 458 Italia,LMGTE Am,,LeMans,24,2015,332,24:02:05.041,63 Laps,2 Laps,Michelin,Classified,287.0,3:56.165,207.8,Victor SHAYTAR,Andrea BERTOLINI,Aleksey BASOV,2015_LeMans,LMGTE Am,GT (GTE Pro/Am),236.165
AF Corse #71,21,2,AF Corse,Ferrari 458 Italia,LMGTE Pro,,LeMans,24,2015,332,24:02:46.411,63 Laps,41.370,Michelin,Classified,229.0,3:55.698,208.2,Davide RIGON,James CALADO,Olivier BERETTA,2015_LeMans,LMGTE Pro,GT (GTE Pro/Am),235.698
Dempsey - Proton Racing #77,22,2,Dempsey - Proton Racing,Porsche 911 RSR,LMGTE Am,,LeMans,24,2015,331,24:03:28.890,64 Laps,1 Laps,Michelin,Classified,282.0,3:58.832,205.4,Patrick DEMPSEY,Patrick LONG,Marco SEEFRIED,2015_LeMans,LMGTE Am,GT (GTE Pro/Am),238.832
Rebellion Racing #12,23,10,Rebellion Racing,Rebellion R-One - AER,LMP1,,LeMans,24,2015,330,24:01:41.015,65 Laps,1 Laps,Michelin,Classified,266.0,3:27.184,236.8,Nicolas PROST,Nick HEIDFELD,Mathias BECHE,2015_LeMans,LMP1,Top Class (LMP1/Hypercar),207.184
Scuderia Corsa #62,24,3,Scuderia Corsa,Ferrari 458 Italia,LMGTE Am,,LeMans,24,2015,330,24:02:00.851,65 Laps,19.836,Michelin,Classified,284.0,3:57.299,206.8,William SWEEDLER,Townsend BELL,Jeffrey SEGAL,2015_LeMans,LMGTE Am,GT (GTE Pro/Am),237.299
AF Corse #51,25,3,AF Corse,Ferrari 458 Italia,LMGTE Pro,,LeMans,24,2015,330,24:02:45.740,65 Laps,44.889,Michelin,Classified,269.0,3:54.991,208.8,Gianmaria BRUNI,Toni VILANDER,Giancarlo FISICHELLA,2015_LeMans,LMGTE Pro,GT (GTE Pro/Am),234.99099999999999
AF Corse #83,26,4,AF Corse,Ferrari 458 Italia,LMGTE Am,,LeMans,24,2015,330,24:02:46.862,65 Laps,1.122,Michelin,Classified,253.0,3:56.841,207.2,François PERRODO,Emmanuel COLLARD,Rui AGUAS,2015_LeMans,LMGTE Am,GT (GTE Pro/Am),236.841
Aston Martin Racing #95,27,4,Aston Martin Racing,Aston Martin Vantage V8,LMGTE Pro,,LeMans,24,2015,330,24:04:04.205,65 Laps,1'17.343,Michelin,Classified,140.0,3:54.600,209.1,Marco SØRENSEN,Nicki THIIM,Christoffer NYGAARD,2015_LeMans,LMGTE Pro,GT (GTE Pro/Am),234.6
Extreme Speed Motorsports #30,28,10,Extreme Speed Motorsports,Ligier JS P2 - HPD,LMP2,,LeMans,24,2015,329,24:01:02.141,66 Laps,1 Laps,Dunlop,Classified,256.0,3:39.702,223.3,Scott SHARP,Ryan DALZIEL,David HEINEMEIER HANSSON,2015_LeMans,LMP2,LMP2,219.702
Oak Racing #35,29,11,Oak Racing,Ligier JS P2 - Nissan,LMP2,,LeMans,24,2015,328,24:00:52.334,67 Laps,1 Laps,Dunlop,Classified,275.0,3:46.095,217.0,Jacques NICOLET,Jean-Marc MERLIN,Erik MARIS,2015_LeMans,LMP2,LMP2,226.095
Porsche Team Manthey #91,30,5,Porsche Team Manthey,Porsche 911 RSR,LMGTE Pro,,LeMans,24,2015,327,24:01:21.782,68 Laps,1 Laps,Michelin,Classified,50.0,3:56.863,207.1,Richard LIETZ,Michael CHRISTENSEN,Jörg BERGMEISTER,2015_LeMans,LMGTE Pro,GT (GTE Pro/Am),236.863
AF Corse #61,31,5,AF Corse,Ferrari 458 Italia,LMGTE Am,,LeMans,24,2015,326,24:01:05.235,69 Laps,1 Laps,Michelin,Classified,82.0,3:57.565,206.5,Peter MANN,Raffaele GIAMMARIA,Matteo CRESSONI,2015_LeMans,LMGTE Am,GT (GTE Pro/Am),237.565
Krohn Racing #40,32,12,Krohn Racing,Ligier JS P2 - Judd,LMP2,,LeMans,24,2015,323,24:03:27.455,72 Laps,3 Laps,Michelin,Classified,279.0,3:42.168,220.8,Tracy KROHN,Nick JÖNSSON,João BARBOSA,2015_LeMans,LMP2,LMP2,222.168
SMP Racing #37,33,13,SMP Racing,BR01 - Nissan,LMP2,,LeMans,24,2015,322,24:00:53.918,73 Laps,1 Laps,Michelin,Classified,244.0,3:41.402,221.6,Mikhail ALESHIN,Kirill LADYGIN,Anton LADYGIN,2015_LeMans,LMP2,LMP2,221.402
Aston Martin Racing V8 #99,34,6,Aston Martin Racing V8,Aston Martin Vantage V8,LMGTE Pro,,LeMans,24,2015,320,24:04:15.220,75 Laps,2 Laps,Michelin,Classified,273.0,3:54.246,209.5,Fernando REES,Alex MACDOWALL,Richie STANAWAY,2015_LeMans,LMGTE Pro,GT (GTE Pro/Am),234.246
Team AAI #68,35,6,Team AAI,Porsche 911 RSR,LMGTE Am,,LeMans,24,2015,320,24:04:16.141,75 Laps,0.921,Michelin,Classified,306.0,3:59.683,204.7,Han-Chen CHEN,Gilles VANNELET,Mike PARISY,2015_LeMans,LMGTE Am,GT (GTE Pro/Am),239.683
JMW Motorsport #66,36,7,JMW Motorsport,Ferrari 458 Italia,LMGTE Am,,LeMans,24,2015,320,24:04:16.726,75 Laps,0.585,Dunlop,Classified,272.0,3:58.646,205.6,Abdulaziz AL FAISAL,Jakub GIERMAZIAK,Michael AVENATTI,2015_LeMans,LMGTE Am,GT (GTE Pro/Am),238.64600000000002
Team AAI #67,37,8,Team AAI,Porsche 911 GT3 RSR (997),LMGTE Am,,LeMans,24,2015,316,24:00:47.774,79 Laps,4 Laps,Michelin,Classified,141.0,4:00.996,203.6,Jun-San CHEN,Alex KAPADIA,Xavier MAASSEN,2015_LeMans,LMGTE Am,GT (GTE Pro/Am),240.996
Aston Martin Racing #98,38,9,Aston Martin Racing,Aston Martin Vantage V8,LMGTE Am,,LeMans,24,2015,321,23:08:00.721,74 Laps,-5 Laps,Michelin,Not classified,210.0,3:56.988,207.0,Paul DALLA LANA,Pedro LAMY,Mathias LAUDA,2015_LeMans,LMGTE Am,GT (GTE Pro/Am),236.988
Nissan Motorsports #22,39,11,Nissan Motorsports,Nissan GT-R LM Nismo,LMP1,H,LeMans,24,2015,242,24:02:17.475,153 Laps,79 Laps,Michelin,Not classified,204.0,3:35.888,227.3,Harry TINCKNELL,Michael KRUMM,Alex BUNCOMBE,2015_LeMans,LMP1,Top Class (LMP1/Hypercar),215.888
Oak Racing #34,40,14,Oak Racing,Ligier JS P2 - HPD,LMP2,,LeMans,24,2015,329,22:27:06.233,66 Laps,-87 Laps,Dunlop,Retired,187.0,3:38.251,224.8,Christopher CUMMING,Laurens VANTHOOR,Kevin ESTRE,2015_LeMans,LMP2,LMP2,218.251
Riley Motorsports-TI Auto #53,41,10,Riley Motorsports-TI Auto,Srt VIPER GTS-R,LMGTE Am,,LeMans,24,2015,304,22:32:18.766,91 Laps,25 Laps,Michelin,Retired,227.0,3:55.896,208.0,Jeroen BLEEKEMOLEN,Ben KEATING,Marc MILLER,2015_LeMans,LMGTE Am,GT (GTE Pro/Am),235.89600000000002
Strakka Racing #42,42,15,Strakka Racing,Dome S103 - Nissan,LMP2,,LeMans,24,2015,264,18:22:05.713,131 Laps,40 Laps,Dunlop,Retired,258.0,3:41.304,221.7,Nick LEVENTIS,Danny WATTS,Jonny KANE,2015_LeMans,LMP2,LMP2,221.304
AF Corse #55,43,11,AF Corse,Ferrari 458 Italia,LMGTE Am,,LeMans,24,2015,241,17:54:16.193,154 Laps,23 Laps,Michelin,Retired,197.0,3:57.712,206.4,Duncan CAMERON,Matt GRIFFIN,Alexander MORTIMER,2015_LeMans,LMGTE Am,GT (GTE Pro/Am),237.712
Nissan Motorsports #23,44,12,Nissan Motorsports,Nissan GT-R LM Nismo,LMP1,H,LeMans,24,2015,234,22:35:43.776,161 Laps,7 Laps,Michelin,Retired,183.0,3:36.525,226.6,Olivier PLA,Jann MARDENBOROUGH,Max CHILTON,2015_LeMans,LMP1,Top Class (LMP1/Hypercar),216.525
Thiriet By Tds Racing #46,45,16,Thiriet By Tds Racing,Oreca 05 - Nissan,LMP2,,LeMans,24,2015,204,14:09:28.655,191 Laps,30 Laps,Dunlop,Retired,152.0,3:39.575,223.5,Pierre THIRIET,Ludovic BADEY,Tristan GOMMENDY,2015_LeMans,LMP2,LMP2,219.575
Aston Martin Racing #96,46,12,Aston Martin Racing,Aston Martin Vantage V8,LMGTE Am,,LeMans,24,2015,187,16:34:45.158,208 Laps,17 Laps,Michelin,Retired,177.0,3:57.477,206.6,Roald GOETHE,Stuart HALL,Francesco CASTELLACCI,2015_LeMans,LMGTE Am,GT (GTE Pro/Am),237.477
Team Sard Morand #43,47,17,Team Sard Morand,Morgan Evo - SARD,LMP2,,LeMans,24,2015,162,11:18:33.066,233 Laps,25 Laps,Dunlop,Retired,79.0,3:41.725,221.3,Pierre RAGUES,Oliver WEBB,Zoel AMBERG,2015_LeMans,LMP2,LMP2,221.725
Nissan Motorsports #21,48,13,Nissan Motorsports,Nissan GT-R LM Nismo,LMP1,H,LeMans,24,2015,115,9:39:49.668,280 Laps,47 Laps,Michelin,Retired,104.0,3:37.863,225.2,Tsugio MATSUDA,Mark SHULZHITSKIY,Lucas ORDOÑEZ,2015_LeMans,LMP1,Top Class (LMP1/Hypercar),217.863
Signatech Alpine #36,49,18,Signatech Alpine,Alpine A450b - Nissan,LMP2,,LeMans,24,2015,110,7:37:24.130,285 Laps,5 Laps,Dunlop,Retired,54.0,3:40.324,222.7,Nelson PANCIATICI,Paul Loup CHATIN,Vincent CAPILLAIRE,2015_LeMans,LMP2,LMP2,220.324
Aston Martin Racing #97,50,7,Aston Martin Racing,Aston Martin Vantage V8,LMGTE Pro,,LeMans,24,2015,110,8:10:32.150,285 Laps,33'08.020,Michelin,Retired,53.0,3:56.026,207.9,Darren TURNER,Stefan MÜCKE,Rob BELL,2015_LeMans,LMGTE Pro,GT (GTE Pro/Am),236.026
Larbre Competition #50,51,13,Larbre Competition,Chevrolet Corvette C7R,LMGTE Am,,LeMans,24,2015,94,7:40:52.571,301 Laps,16 Laps,Michelin,Retired,74.0,3:58.640,205.6,Gianluca RODA,Paolo RUBERTI,Kristian POULSEN,2015_LeMans,LMGTE Am,GT (GTE Pro/Am),238.64
Greaves Motorsport #41,52,19,Greaves Motorsport,Gibson 015S - Nissan,LMP2,,LeMans,24,2015,71,5:04:48.580,324 Laps,23 Laps,Dunlop,Retired,53.0,3:40.834,222.2,Gary HIRSCH,Gaëtan PALETOU,Jon LANCASTER,2015_LeMans,LMP2,LMP2,220.834
Abu Dhabi-Proton Racing #88,53,14,Abu Dhabi-Proton Racing,Porsche 911 RSR,LMGTE Am,,LeMans,24,2015,44,3:21:48.282,351 Laps,27 Laps,Michelin,Retired,25.0,3:59.008,205.3,Christian RIED,Khaled AL QUBAISI,Klaus BACHLER,2015_LeMans,LMGTE Am,GT (GTE Pro/Am),239.008
Porsche Team Manthey #92,54,8,Porsche Team Manthey,Porsche 911 RSR,LMGTE Pro,,LeMans,24,2015,14,57:54.087,381 Laps,30 Laps,Michelin,Retired,11.0,3:58.639,205.6,Patrick PILET,Frédéric MAKOWIECKI,Wolf HENZLER,2015_LeMans,LMGTE Pro,GT (GTE Pro/Am),238.639
Team Bykolles #4,55,14,Team Bykolles,CLM P1/01 - AER,LMP1,,LeMans,24,2015,260,24:01:11.832,135 Laps,-246 Laps,Michelin,Excluded,230.0,3:33.560,229.7,Simon TRUMMER,Pierre KAFFER,Tiago MONTEIRO,2015_LeMans,LMP1,Top Class (LMP1/Hypercar),213.56
Porsche Team #17,1,1,Porsche Team,Porsche 919 Hybrid,LMP1,H,Shanghai,6,2015,169,6:00:07.725,,,Michelin,Classified,151.0,1:47.369,182.8,Timo BERNHARD,Mark WEBBER,Brendon HARTLEY,2015_Shanghai,LMP1,Top Class (LMP1/Hypercar),107.369
Porsche Team #18,2,2,Porsche Team,Porsche 919 Hybrid,LMP1,H,Shanghai,6,2015,169,6:00:34.019,26.294,26.294,Michelin,Classified,158.0,1:47.744,182.1,Romain DUMAS,Neel JANI,Marc LIEB,2015_Shanghai,LMP1,Top Class (LMP1/Hypercar),107.744
Audi Sport Team Joest #7,3,3,Audi Sport Team Joest,Audi R18 e-tron quattro,LMP1,H,Shanghai,6,2015,169,6:00:38.036,30.311,4.017,Michelin,Classified,153.0,1:46.685,183.9,Marcel FÄSSLER,André LOTTERER,Benoît TRÉLUYER,2015_Shanghai,LMP1,Top Class (LMP1/Hypercar),106.685
Audi Sport Team Joest #8,4,4,Audi Sport Team Joest,Audi R18 e-tron quattro,LMP1,H,Shanghai,6,2015,169,6:00:58.631,50.906,20.595,Michelin,Classified,150.0,1:47.289,182.9,Lucas DI GRASSI,Loïc DUVAL,Oliver JARVIS,2015_Shanghai,LMP1,Top Class (LMP1/Hypercar),107.289
Toyota Racing #2,5,5,Toyota Gazoo Racing,Toyota TS 040 - Hybrid,LMP1,H,Shanghai,6,2015,165,6:00:37.574,4 Laps,4 Laps,Michelin,Classified,159.0,1:49.374,179.4,Alexander WURZ,Stéphane SARRAZIN,Mike CONWAY,2015_Shanghai,LMP1,Top Class (LMP1/Hypercar),109.374
Toyota Racing #1,6,6,Toyota Gazoo Racing,Toyota TS 040 - Hybrid,LMP1,H,Shanghai,6,2015,164,6:00:22.666,5 Laps,1 Laps,Michelin,Classified,154.0,1:48.685,180.6,Anthony DAVIDSON,Sébastien BUEMI,Kazuki NAKAJIMA,2015_Shanghai,LMP1,Top Class (LMP1/Hypercar),108.685
Rebellion Racing #12,7,7,Rebellion Racing,Rebellion R-One - AER,LMP1,,Shanghai,6,2015,158,6:00:49.732,11 Laps,6 Laps,Michelin,Classified,138.0,1:54.764,171.0,Nicolas PROST,Mathias BECHE,,2015_Shanghai,LMP1,Top Class (LMP1/Hypercar),114.76400000000001
Team Bykolles #4,8,8,Team Bykolles,CLM P1/01 - AER,LMP1,,Shanghai,6,2015,156,6:01:14.600,13 Laps,2 Laps,Michelin,Classified,137.0,1:56.892,167.9,Simon TRUMMER,Pierre KAFFER,,2015_Shanghai,LMP1,Top Class (LMP1/Hypercar),116.892
Signatech Alpine #36,9,1,Signatech Alpine,Alpine A450b - Nissan,LMP2,,Shanghai,6,2015,154,6:01:09.766,15 Laps,2 Laps,Dunlop,Classified,135.0,1:57.998,166.3,Nelson PANCIATICI,Paul Loup CHATIN,Tom DILLMANN,2015_Shanghai,LMP2,LMP2,117.99799999999999
G-Drive Racing #26,10,2,G-Drive Racing,Ligier JS P2 - Nissan,LMP2,,Shanghai,6,2015,153,6:00:07.768,16 Laps,1 Laps,Dunlop,Classified,148.0,1:57.454,167.1,Roman RUSINOV,Julien CANAL,Sam BIRD,2015_Shanghai,LMP2,LMP2,117.45400000000001
KCMG #47,11,3,KCMG,Oreca 05 - Nissan,LMP2,,Shanghai,6,2015,153,6:00:58.259,16 Laps,50.491,Dunlop,Classified,132.0,1:55.560,169.8,Matthew HOWSON,Richard BRADLEY,Nick TANDY,2015_Shanghai,LMP2,LMP2,115.56
Team Sard Morand #43,12,4,Team Sard Morand,Morgan Evo - SARD,LMP2,,Shanghai,6,2015,152,6:00:49.526,17 Laps,1 Laps,Dunlop,Classified,132.0,1:59.830,163.8,Pierre RAGUES,Oliver WEBB,Christopher CUMMING,2015_Shanghai,LMP2,LMP2,119.83
Pegasus Racing #29,13,5,Pegasus Racing,Morgan - Nissan,LMP2,,Shanghai,6,2015,152,6:01:27.687,17 Laps,38.161,Michelin,Classified,133.0,2:01.785,161.1,David CHENG,Ho-Pin TUNG,Alex BRUNDLE,2015_Shanghai,LMP2,LMP2,121.785
Porsche Team Manthey #91,14,1,Porsche Team Manthey,Porsche 911 RSR,LMGTE Pro,,Shanghai,6,2015,151,6:00:11.317,18 Laps,1 Laps,Michelin,Classified,138.0,2:05.392,156.5,Richard LIETZ,Michael CHRISTENSEN,,2015_Shanghai,LMGTE Pro,GT (GTE Pro/Am),125.392
AF Corse #51,15,2,AF Corse,Ferrari F458 Italia,LMGTE Pro,,Shanghai,6,2015,151,6:00:56.919,18 Laps,45.602,Michelin,Classified,129.0,2:05.434,156.4,Gianmaria BRUNI,Toni VILANDER,,2015_Shanghai,LMGTE Pro,GT (GTE Pro/Am),125.434
Porsche Team Manthey #92,16,3,Porsche Team Manthey,Porsche 911 RSR,LMGTE Pro,,Shanghai,6,2015,151,6:01:02.525,18 Laps,5.606,Michelin,Classified,136.0,2:04.814,157.2,Patrick PILET,Frédéric MAKOWIECKI,,2015_Shanghai,LMGTE Pro,GT (GTE Pro/Am),124.814
AF Corse #71,17,4,AF Corse,Ferrari F458 Italia,LMGTE Pro,,Shanghai,6,2015,150,6:00:14.817,19 Laps,1 Laps,Michelin,Classified,139.0,2:03.759,158.6,Davide RIGON,James CALADO,,2015_Shanghai,LMGTE Pro,GT (GTE Pro/Am),123.759
Aston Martin Racing V8 #99,18,5,Aston Martin Racing V8,Aston Martin Vantage V8,LMGTE Pro,,Shanghai,6,2015,149,6:00:09.135,20 Laps,1 Laps,Michelin,Classified,140.0,2:06.179,155.5,Alex MACDOWALL,Fernando REES,Richie STANAWAY,2015_Shanghai,LMGTE Pro,GT (GTE Pro/Am),126.179
Aston Martin Racing #97,19,6,Aston Martin Racing,Aston Martin Vantage V8,LMGTE Pro,,Shanghai,6,2015,149,6:00:31.847,20 Laps,22.712,Michelin,Classified,142.0,2:07.022,154.5,Darren TURNER,Jonathan ADAM,,2015_Shanghai,LMGTE Pro,GT (GTE Pro/Am),127.022
Extreme Speed Motorsports #31,20,6,Extreme Speed Motorsports,Ligier JS P2 - HPD,LMP2,,Shanghai,6,2015,147,6:00:17.523,22 Laps,2 Laps,Dunlop,Classified,110.0,2:04.141,158.1,Ed BROWN,Johannes VAN OVERBEEK,Jonathon FOGARTY,2015_Shanghai,LMP2,LMP2,124.141
AF Corse #83,21,1,AF Corse,Ferrari F458 Italia,LMGTE Am,,Shanghai,6,2015,146,6:00:16.547,23 Laps,1 Laps,Michelin,Classified,121.0,2:07.707,153.7,François PERRODO,Emmanuel COLLARD,Rui AGUAS,2015_Shanghai,LMGTE Am,GT (GTE Pro/Am),127.707
Aston Martin Racing #98,22,2,Aston Martin Racing,Aston Martin Vantage V8,LMGTE Am,,Shanghai,6,2015,146,6:00:58.292,23 Laps,41.745,Michelin,Classified,129.0,2:08.176,153.1,Paul DALLA LANA,Pedro LAMY,Mathias LAUDA,2015_Shanghai,LMGTE Am,GT (GTE Pro/Am),128.176
SMP Racing #72,23,3,SMP Racing,Ferrari F458 Italia,LMGTE Am,,Shanghai,6,2015,145,6:00:10.923,24 Laps,1 Laps,Michelin,Classified,130.0,2:05.932,155.8,Victor SHAYTAR,Andrea BERTOLINI,Aleksey BASOV,2015_Shanghai,LMGTE Am,GT (GTE Pro/Am),125.932
Dempsey - Proton Racing #77,24,4,Dempsey - Proton Racing,Porsche 911 RSR,LMGTE Am,,Shanghai,6,2015,145,6:02:00.204,24 Laps,1'49.281,Michelin,Classified,118.0,2:07.036,154.5,Patrick DEMPSEY,Patrick LONG,Marco SEEFRIED,2015_Shanghai,LMGTE Am,GT (GTE Pro/Am),127.036
Larbre Competition #50,25,5,Larbre Competition,Chevrolet Corvette C7,LMGTE Am,,Shanghai,6,2015,144,6:00:14.434,25 Laps,1 Laps,Michelin,Classified,126.0,2:06.543,155.1,Gianluca RODA,Paolo RUBERTI,Nicolai SYLVEST,2015_Shanghai,LMGTE Am,GT (GTE Pro/Am),126.543
Strakka Racing #42,26,7,Strakka Racing,Gibson 015S - Nissan,LMP2,,Shanghai,6,2015,144,6:00:48.462,25 Laps,34.028,Dunlop,Classified,138.0,2:00.523,162.8,Nick LEVENTIS,Danny WATTS,Jonny KANE,2015_Shanghai,LMP2,LMP2,120.523
Aston Martin Racing #96,27,6,Aston Martin Racing,Aston Martin Vantage V8,LMGTE Am,,Shanghai,6,2015,139,6:00:27.208,30 Laps,5 Laps,Michelin,Classified,122.0,2:10.064,150.9,Francesco CASTELLACCI,Liam GRIFFIN,Stuart HALL,2015_Shanghai,LMGTE Am,GT (GTE Pro/Am),130.064
Abu Dhabi-Proton Racing #88,28,7,Abu Dhabi-Proton Racing,Porsche 911 RSR,LMGTE Am,,Shanghai,6,2015,139,6:01:47.865,30 Laps,1'20.657,Michelin,Classified,117.0,2:08.280,153.0,Christian RIED,Khaled AL QUBAISI,Klaus BACHLER,2015_Shanghai,LMGTE Am,GT (GTE Pro/Am),128.28
Rebellion Racing #13,29,9,Rebellion Racing,Rebellion R-One - AER,LMP1,,Shanghai,6,2015,153,5:55:25.984,16 Laps,-14 Laps,Michelin,Not classified,149.0,1:54.213,171.8,Alexandre IMPERATORI,Dominik KRAIHAMER,Mathéo TUSCHER,2015_Shanghai,LMP1,Top Class (LMP1/Hypercar),114.213
G-Drive Racing #28,30,8,G-Drive Racing,Ligier JS P2 - Nissan,LMP2,,Shanghai,6,2015,153,6:07:41.215,16 Laps,12'15.231,Dunlop,Not classified,137.0,1:58.195,166.0,Gustavo YACAMAN,Luis Felipe DERANI,Ricardo GONZALEZ,2015_Shanghai,LMP2,LMP2,118.195
Extreme Speed Motorsports #30,31,9,Extreme Speed Motorsports,Ligier JS P2 - HPD,LMP2,,Shanghai,6,2015,88,3:38:55.351,81 Laps,65 Laps,Dunlop,Not classified,22.0,2:10.267,150.6,Scott SHARP,Ryan DALZIEL,David HEINEMEIER HANSSON,2015_Shanghai,LMP2,LMP2,130.267
Porsche Team #2,1,1,Porsche Team,Porsche 919 Hybrid,LMP1,H,Silverstone,6,2016,194,6:01:53.028,,,Michelin,Classified,159.0,1:40.303,211.8,Romain DUMAS,Neel JANI,Marc LIEB,2016_Silverstone,LMP1,Top Class (LMP1/Hypercar),100.303
Toyota Gazoo Racing #6,2,2,Toyota Gazoo Racing,Toyota TS050 - Hybrid,LMP1,H,Silverstone,6,2016,193,6:01:07.616,1 Laps,1 Laps,Michelin,Classified,156.0,1:40.657,211.0,Stéphane SARRAZIN,Mike CONWAY,Kamui KOBAYASHI,2016_Silverstone,LMP1,Top Class (LMP1/Hypercar),100.657
Rebellion Racing #13,3,3,Rebellion Racing,Rebellion R-One - AER,LMP1,,Silverstone,6,2016,183,6:01:24.784,11 Laps,10 Laps,Dunlop,Classified,155.0,1:46.246,199.9,Mathéo TUSCHER,Dominik KRAIHAMER,Alexandre IMPERATORI,2016_Silverstone,LMP1,Top Class (LMP1/Hypercar),106.24600000000001
Rebellion Racing #12,4,4,Rebellion Racing,Rebellion R-One - AER,LMP1,,Silverstone,6,2016,181,6:01:13.867,13 Laps,2 Laps,Dunlop,Classified,141.0,1:46.235,200.0,Nicolas PROST,Nelson PIQUET JR,Nick HEIDFELD,2016_Silverstone,LMP1,Top Class (LMP1/Hypercar),106.235
RGR Sport by Morand #43,5,1,RGR Sport by Morand,LIGIER JS P2 - Nissan,LMP2,,Silverstone,6,2016,179,6:02:08.750,15 Laps,2 Laps,Dunlop,Classified,73.0,1:49.684,193.7,Ricardo GONZALEZ,Filipe ALBUQUERQUE,Bruno SENNA,2016_Silverstone,LMP2,LMP2,109.684
Extreme Speed Motorsports #31,6,2,Extreme Speed Motorsports,LIGIER JS P2 - Nissan,LMP2,,Silverstone,6,2016,179,6:02:40.804,15 Laps,32.054,Dunlop,Classified,2.0,1:48.909,195.1,Ryan DALZIEL,Luis Felipe DERANI,Christopher CUMMING,2016_Silverstone,LMP2,LMP2,108.90899999999999
G-Drive Racing #26,7,3,G-Drive Racing,Oreca 05 - Nissan,LMP2,,Silverstone,6,2016,179,6:02:50.668,15 Laps,9.864,Dunlop,Classified,135.0,1:49.506,194.0,Roman RUSINOV,Nathanaël BERTHON,René RAST,2016_Silverstone,LMP2,LMP2,109.506
Signatech Alpine #36,8,4,Signatech Alpine,Alpine A460 - Nissan,LMP2,,Silverstone,6,2016,178,6:02:00.231,16 Laps,1 Laps,Dunlop,Classified,138.0,1:49.860,193.4,Gustavo MENEZES,Nicolas LAPIERRE,Stéphane RICHELMI,2016_Silverstone,LMP2,LMP2,109.86
Strakka Racing #42,9,5,Strakka Racing,Gibson 015S - Nissan,LMP2,,Silverstone,6,2016,177,6:01:43.486,17 Laps,1 Laps,Dunlop,Classified,40.0,1:50.996,191.4,Nick LEVENTIS,Danny WATTS,Jonny KANE,2016_Silverstone,LMP2,LMP2,110.99600000000001
Manor #45,10,6,Manor,Oreca 05 - Nissan,LMP2,,Silverstone,6,2016,177,6:02:41.276,17 Laps,57.790,Dunlop,Classified,3.0,1:50.208,192.8,Matthew RAO,Richard BRADLEY,Roberto MERHI,2016_Silverstone,LMP2,LMP2,110.208
Baxi DC Racing Alpine #35,11,7,Baxi DC Racing Alpine,Alpine A460 - Nissan,LMP2,,Silverstone,6,2016,176,6:01:30.683,18 Laps,1 Laps,Dunlop,Classified,148.0,1:50.004,193.1,David CHENG,Ho-Pin TUNG,Nelson PANCIATICI,2016_Silverstone,LMP2,LMP2,110.00399999999999
SMP Racing #37,12,8,SMP Racing,BR01 - Nissan,LMP2,,Silverstone,6,2016,176,6:02:40.593,18 Laps,1'09.910,Dunlop,Classified,3.0,1:51.071,191.3,Vitaly PETROV,Kirill LADYGIN,Victor SHAYTAR,2016_Silverstone,LMP2,LMP2,111.071
Extreme Speed Motorsports #30,13,9,Extreme Speed Motorsports,LIGIER JS P2 - Nissan,LMP2,,Silverstone,6,2016,175,6:02:50.333,19 Laps,1 Laps,Dunlop,Classified,6.0,1:51.038,191.3,Scott SHARP,Ed BROWN,Johannes VAN OVERBEEK,2016_Silverstone,LMP2,LMP2,111.038
Bykolles Racing Team #4,14,5,Bykolles Racing Team,CLM P1/01 - AER,LMP1,,Silverstone,6,2016,172,6:01:41.323,22 Laps,3 Laps,Dunlop,Classified,3.0,1:47.057,198.4,Simon TRUMMER,Oliver WEBB,James ROSSITER,2016_Silverstone,LMP1,Top Class (LMP1/Hypercar),107.057
SMP Racing #27,15,10,SMP Racing,BR01 - Nissan,LMP2,,Silverstone,6,2016,171,6:02:39.011,23 Laps,1 Laps,Dunlop,Classified,132.0,1:51.182,191.1,Nicolas MINASSIAN,Maurizio MEDIANI,,2016_Silverstone,LMP2,LMP2,111.182
Toyota Gazoo Racing #5,16,6,Toyota Gazoo Racing,Toyota TS050 - Hybrid,LMP1,H,Silverstone,6,2016,170,6:01:27.956,24 Laps,1 Laps,Michelin,Classified,5.0,1:41.076,210.2,Anthony DAVIDSON,Sébastien BUEMI,Kazuki NAKAJIMA,2016_Silverstone,LMP1,Top Class (LMP1/Hypercar),101.076
AF Corse #71,17,1,AF Corse,Ferrari 488 GTE,LMGTE Pro,,Silverstone,6,2016,167,6:02:16.062,27 Laps,3 Laps,Michelin,Classified,2.0,1:59.753,177.4,Davide RIGON,Sam BIRD,,2016_Silverstone,LMGTE Pro,GT (GTE Pro/Am),119.753
AF Corse #51,18,2,AF Corse,Ferrari 488 GTE,LMGTE Pro,,Silverstone,6,2016,166,6:01:44.900,28 Laps,1 Laps,Michelin,Classified,124.0,1:58.885,178.7,Gianmaria BRUNI,James CALADO,,2016_Silverstone,LMGTE Pro,GT (GTE Pro/Am),118.88499999999999
Aston Martin Racing #95,19,3,Aston Martin Racing,Aston Martin Vantage V8,LMGTE Pro,,Silverstone,6,2016,166,6:02:18.684,28 Laps,33.784,Dunlop,Classified,27.0,2:00.535,176.2,Nicki THIIM,Marco SØRENSEN,Darren TURNER,2016_Silverstone,LMGTE Pro,GT (GTE Pro/Am),120.535
Ford Chip Ganassi Team UK #67,20,4,Ford Chip Ganassi Team UK,Ford GT,LMGTE Pro,,Silverstone,6,2016,165,6:02:50.140,29 Laps,1 Laps,Michelin,Classified,2.0,2:01.857,174.3,Marino FRANCHITTI,Andy PRIAULX,Harry TINCKNELL,2016_Silverstone,LMGTE Pro,GT (GTE Pro/Am),121.857
Ford Chip Ganassi Team UK #66,21,5,Ford Chip Ganassi Team UK,Ford GT,LMGTE Pro,,Silverstone,6,2016,165,6:02:51.255,29 Laps,1.115,Michelin,Classified,2.0,2:01.214,175.3,Billy JOHNSON,Stefan MÜCKE,Olivier PLA,2016_Silverstone,LMGTE Pro,GT (GTE Pro/Am),121.214
AF Corse #83,22,1,AF Corse,Ferrari F458 Italia,LMGTE Am,,Silverstone,6,2016,163,6:02:09.837,31 Laps,2 Laps,Michelin,Classified,146.0,2:02.529,173.4,François PERRODO,Emmanuel COLLARD,Rui AGUAS,2016_Silverstone,LMGTE Am,GT (GTE Pro/Am),122.529
Aston Martin Racing #98,23,2,Aston Martin Racing,Aston Martin Vantage V8,LMGTE Am,,Silverstone,6,2016,162,6:01:58.093,32 Laps,1 Laps,Dunlop,Classified,6.0,2:02.501,173.4,Paul DALLA LANA,Pedro LAMY,Mathias LAUDA,2016_Silverstone,LMGTE Am,GT (GTE Pro/Am),122.501
Larbre Competition #50,24,3,Larbre Competition,Chevrolet Corvette C7,LMGTE Am,,Silverstone,6,2016,161,6:02:47.302,33 Laps,1 Laps,Michelin,Classified,135.0,2:02.241,173.8,Yutaka YAMAGISHI,Pierre RAGUES,Paolo RUBERTI,2016_Silverstone,LMGTE Am,GT (GTE Pro/Am),122.241
Dempsey - Proton Racing #77,25,6,Dempsey - Proton Racing,Porsche 911 RSR (2016),LMGTE Pro,,Silverstone,6,2016,154,6:01:11.429,40 Laps,7 Laps,Michelin,Classified,60.0,2:01.005,175.6,Richard LIETZ,Michael CHRISTENSEN,,2016_Silverstone,LMGTE Pro,GT (GTE Pro/Am),121.005
KCMG #78,26,4,KCMG,Porsche 911 RSR,LMGTE Am,,Silverstone,6,2016,154,6:02:15.767,40 Laps,1'04.338,Michelin,Classified,93.0,2:01.704,174.6,Christian RIED,Wolf HENZLER,Joël CAMATHIAS,2016_Silverstone,LMGTE Am,GT (GTE Pro/Am),121.704
Abu Dhabi-Proton Racing #88,27,5,Abu Dhabi-Proton Racing,Porsche 911 RSR,LMGTE Am,,Silverstone,6,2016,153,6:01:24.595,41 Laps,1 Laps,Michelin,Classified,4.0,2:01.643,174.6,Khaled AL QUBAISI,David HEINEMEIER HANSSON,Klaus BACHLER,2016_Silverstone,LMGTE Am,GT (GTE Pro/Am),121.643
Aston Martin Racing #97,28,7,Aston Martin Racing,Aston Martin Vantage V8,LMGTE Pro,,Silverstone,6,2016,151,5:33:57.232,43 Laps,2 Laps,Dunlop,Not classified,48.0,2:00.778,175.9,Richie STANAWAY,Fernando REES,,2016_Silverstone,LMGTE Pro,GT (GTE Pro/Am),120.778
Manor #44,29,11,Manor,Oreca 05 - Nissan,LMP2,,Silverstone,6,2016,129,4:51:09.873,65 Laps,22 Laps,Dunlop,Not classified,3.0,1:50.717,191.9,Tor GRAVES,Will STEVENS,James JAKES,2016_Silverstone,LMP2,LMP2,110.717
Porsche Team #1,30,7,Porsche Team,Porsche 919 Hybrid,LMP1,H,Silverstone,6,2016,70,2:01:46.130,124 Laps,59 Laps,Michelin,Not classified,3.0,1:40.309,211.8,Timo BERNHARD,Mark WEBBER,Brendon HARTLEY,2016_Silverstone,LMP1,Top Class (LMP1/Hypercar),100.309
Audi Sport Team Joest #8,31,8,Audi Sport Team Joest,Audi R18,LMP1,H,Silverstone,6,2016,69,2:02:51.810,125 Laps,1 Laps,Michelin,Not classified,4.0,1:40.628,211.1,Lucas DI GRASSI,Loïc DUVAL,Oliver JARVIS,2016_Silverstone,LMP1,Top Class (LMP1/Hypercar),100.628
Gulf Racing #86,32,6,Gulf Racing,Porsche 911 RSR,LMGTE Am,,Silverstone,6,2016,56,2:01:43.215,138 Laps,13 Laps,Michelin,Not classified,2.0,2:02.617,173.3,Michael WAINWRIGHT,Adam CARROLL,Ben BARKER,2016_Silverstone,LMGTE Am,GT (GTE Pro/Am),122.617
Audi Sport Team Joest #7,33,9,Audi Sport Team Joest,Audi R18,LMP1,H,Silverstone,6,2016,194,6:01:06.963,,-138 Laps,Michelin,Excluded,3.0,1:40.461,211.5,Marcel FÄSSLER,André LOTTERER,Benoît TRÉLUYER,2016_Silverstone,LMP1,Top Class (LMP1/Hypercar),100.461
Audi Sport Team Joest #8,1,1,Audi Sport Team Joest,Audi R18,LMP1,H,Spa,6,2016,160,6:00:32.112,,,Michelin,Classified,2.0,1:59.952,210.2,Lucas DI GRASSI,Loïc DUVAL,Oliver JARVIS,2016_Spa,LMP1,Top Class (LMP1/Hypercar),119.952
Porsche Team #2,2,2,Porsche Team,Porsche 919 Hybrid,LMP1,H,Spa,6,2016,158,6:00:54.770,2 Laps,2 Laps,Michelin,Classified,2.0,1:59.140,211.6,Romain DUMAS,Neel JANI,Marc LIEB,2016_Spa,LMP1,Top Class (LMP1/Hypercar),119.14
Rebellion Racing #13,3,3,Rebellion Racing,Rebellion R-One - AER,LMP1,,Spa,6,2016,156,6:01:05.018,4 Laps,2 Laps,Dunlop,Classified,65.0,2:04.022,203.3,Mathéo TUSCHER,Dominik KRAIHAMER,Alexandre IMPERATORI,2016_Spa,LMP1,Top Class (LMP1/Hypercar),124.022
Rebellion Racing #12,4,4,Rebellion Racing,Rebellion R-One - AER,LMP1,,Spa,6,2016,155,6:01:31.523,5 Laps,1 Laps,Dunlop,Classified,7.0,2:04.398,202.7,Nicolas PROST,Nelson PIQUET JR,Nick HEIDFELD,2016_Spa,LMP1,Top Class (LMP1/Hypercar),124.398
Audi Sport Team Joest #7,5,5,Audi Sport Team Joest,Audi R18,LMP1,H,Spa,6,2016,155,6:01:37.733,5 Laps,6.210,Michelin,Classified,3.0,2:00.062,210.0,Marcel FÄSSLER,André LOTTERER,Benoît TRÉLUYER,2016_Spa,LMP1,Top Class (LMP1/Hypercar),120.062
Bykolles Racing Team #4,6,6,Bykolles Racing Team,CLM P1/01 - AER,LMP1,,Spa,6,2016,151,6:01:29.131,9 Laps,4 Laps,Dunlop,Classified,2.0,2:05.137,201.5,Simon TRUMMER,Oliver WEBB,James ROSSITER,2016_Spa,LMP1,Top Class (LMP1/Hypercar),125.137
Signatech Alpine #36,7,1,Signatech Alpine,Alpine A460 - Nissan,LMP2,,Spa,6,2016,151,6:02:07.889,9 Laps,38.758,Dunlop,Classified,5.0,2:09.849,194.2,Gustavo MENEZES,Nicolas LAPIERRE,Stéphane RICHELMI,2016_Spa,LMP2,LMP2,129.849
Extreme Speed Motorsports #31,8,2,Extreme Speed Motorsports,LIGIER JS P2 - Nissan,LMP2,,Spa,6,2016,151,6:02:11.468,9 Laps,3.579,Dunlop,Classified,4.0,2:10.678,192.9,Ryan DALZIEL,Luis Felipe DERANI,Christopher CUMMING,2016_Spa,LMP2,LMP2,130.678
Manor #45,9,3,Manor,Oreca 05 - Nissan,LMP2,,Spa,6,2016,151,6:02:12.958,9 Laps,1.490,Dunlop,Classified,10.0,2:10.154,193.7,Matthew RAO,Richard BRADLEY,Roberto MERHI,2016_Spa,LMP2,LMP2,130.154
RGR Sport by Morand #43,10,4,RGR Sport by Morand,LIGIER JS P2 - Nissan,LMP2,,Spa,6,2016,151,6:02:36.353,9 Laps,23.395,Dunlop,Classified,3.0,2:11.209,192.2,Ricardo GONZALEZ,Filipe ALBUQUERQUE,Bruno SENNA,2016_Spa,LMP2,LMP2,131.209
G-Drive Racing #26,11,5,G-Drive Racing,Oreca 05 - Nissan,LMP2,,Spa,6,2016,150,6:01:56.635,10 Laps,1 Laps,Dunlop,Classified,3.0,2:09.317,195.0,Roman RUSINOV,Nathanaël BERTHON,René RAST,2016_Spa,LMP2,LMP2,129.317
G-Drive Racing #38,12,6,G-Drive Racing,Gibson 015S - Nissan,LMP2,,Spa,6,2016,148,6:02:26.430,12 Laps,2 Laps,Dunlop,Classified,17.0,2:10.556,193.1,Simon DOLAN,Giedo VAN DER GARDE,Jake DENNIS,2016_Spa,LMP2,LMP2,130.556
Extreme Speed Motorsports #30,13,7,Extreme Speed Motorsports,LIGIER JS P2 - Nissan,LMP2,,Spa,6,2016,146,6:01:01.652,14 Laps,2 Laps,Dunlop,Classified,2.0,2:13.149,189.4,Scott SHARP,Ed BROWN,Johannes VAN OVERBEEK,2016_Spa,LMP2,LMP2,133.149
AF Corse #71,14,1,AF Corse,Ferrari 488 GTE,LMGTE Pro,,Spa,6,2016,145,6:02:44.667,15 Laps,1 Laps,Michelin,Classified,3.0,2:18.485,182.1,Davide RIGON,Sam BIRD,,2016_Spa,LMGTE Pro,GT (GTE Pro/Am),138.485
Manor #44,15,8,Manor,Oreca 05 - Nissan,LMP2,,Spa,6,2016,144,6:02:14.704,16 Laps,1 Laps,Dunlop,Classified,4.0,2:09.580,194.6,Tor GRAVES,Will STEVENS,James JAKES,2016_Spa,LMP2,LMP2,129.58
Ford Chip Ganassi Team UK #67,16,2,Ford Chip Ganassi Team UK,Ford GT,LMGTE Pro,,Spa,6,2016,144,6:02:45.331,16 Laps,30.627,Michelin,Classified,46.0,2:19.999,180.1,Marino FRANCHITTI,Andy PRIAULX,Harry TINCKNELL,2016_Spa,LMGTE Pro,GT (GTE Pro/Am),139.999
Aston Martin Racing #97,17,3,Aston Martin Racing,Aston Martin Vantage V8,LMGTE Pro,,Spa,6,2016,144,6:02:47.164,16 Laps,1.833,Dunlop,Classified,3.0,2:19.970,180.1,Richie STANAWAY,Fernando REES,Jonathan ADAM,2016_Spa,LMGTE Pro,GT (GTE Pro/Am),139.97
Dempsey - Proton Racing #77,18,4,Dempsey - Proton Racing,Porsche 911 RSR (2016),LMGTE Pro,,Spa,6,2016,142,6:01:08.585,18 Laps,2 Laps,Michelin,Classified,126.0,2:20.461,179.5,Richard LIETZ,Michael CHRISTENSEN,,2016_Spa,LMGTE Pro,GT (GTE Pro/Am),140.461
Aston Martin Racing #98,19,1,Aston Martin Racing,Aston Martin Vantage V8,LMGTE Am,,Spa,6,2016,140,6:00:52.343,20 Laps,2 Laps,Dunlop,Classified,5.0,2:20.763,179.1,Paul DALLA LANA,Pedro LAMY,Mathias LAUDA,2016_Spa,LMGTE Am,GT (GTE Pro/Am),140.763
AF Corse #83,20,2,AF Corse,Ferrari F458 Italia,LMGTE Am,,Spa,6,2016,139,6:00:34.035,21 Laps,1 Laps,Michelin,Classified,3.0,2:20.679,179.2,François PERRODO,Emmanuel COLLARD,Rui AGUAS,2016_Spa,LMGTE Am,GT (GTE Pro/Am),140.679
Larbre Competition #50,21,3,Larbre Competition,Chevrolet Corvette C7-Z06,LMGTE Am,,Spa,6,2016,139,6:01:07.670,21 Laps,33.635,Michelin,Classified,70.0,2:21.312,178.4,Yutaka YAMAGISHI,Pierre RAGUES,Paolo RUBERTI,2016_Spa,LMGTE Am,GT (GTE Pro/Am),141.312
KCMG #78,22,4,KCMG,Porsche 911 RSR,LMGTE Am,,Spa,6,2016,139,6:01:07.831,21 Laps,0.161,Michelin,Classified,3.0,2:22.027,177.5,Christian RIED,Wolf HENZLER,Joël CAMATHIAS,2016_Spa,LMGTE Am,GT (GTE Pro/Am),142.027
Gulf Racing #86,23,5,Gulf Racing,Porsche 911 RSR,LMGTE Am,,Spa,6,2016,138,6:02:10.095,22 Laps,1 Laps,Michelin,Classified,4.0,2:22.461,177.0,Michael WAINWRIGHT,Adam CARROLL,Ben BARKER,2016_Spa,LMGTE Am,GT (GTE Pro/Am),142.461
SMP Racing #37,24,9,SMP Racing,BR01 - Nissan,LMP2,,Spa,6,2016,136,6:00:57.083,24 Laps,2 Laps,Dunlop,Classified,75.0,2:11.550,191.7,Vitaly PETROV,Kirill LADYGIN,Victor SHAYTAR,2016_Spa,LMP2,LMP2,131.55
Abu Dhabi-Proton Racing #88,25,6,Abu Dhabi-Proton Racing,Porsche 911 RSR,LMGTE Am,,Spa,6,2016,136,6:01:28.729,24 Laps,31.646,Michelin,Classified,3.0,2:21.807,177.8,Khaled AL QUBAISI,David HEINEMEIER HANSSON,Patrick LONG,2016_Spa,LMGTE Am,GT (GTE Pro/Am),141.807
Porsche Team #1,26,7,Porsche Team,Porsche 919 Hybrid,LMP1,H,Spa,6,2016,112,6:00:57.448,48 Laps,24 Laps,Michelin,Classified,3.0,1:58.431,212.9,Timo BERNHARD,Mark WEBBER,Brendon HARTLEY,2016_Spa,LMP1,Top Class (LMP1/Hypercar),118.431
Toyota Gazoo Racing #5,27,8,Toyota Gazoo Racing,Toyota TS050 - Hybrid,LMP1,H,Spa,6,2016,110,6:06:21.258,50 Laps,2 Laps,Michelin,Classified,22.0,1:59.740,210.6,Anthony DAVIDSON,Sébastien BUEMI,Kazuki NAKAJIMA,2016_Spa,LMP1,Top Class (LMP1/Hypercar),119.74000000000001
Baxi DC Racing Alpine #35,28,10,Baxi DC Racing Alpine,Alpine A460 - Nissan,LMP2,,Spa,6,2016,143,5:46:41.380,17 Laps,-33 Laps,Dunlop,Not classified,4.0,2:10.461,193.3,David CHENG,Ho-Pin TUNG,Nelson PANCIATICI,2016_Spa,LMP2,LMP2,130.461
AF Corse #51,29,5,AF Corse,Ferrari 488 GTE,LMGTE Pro,,Spa,6,2016,140,5:51:06.508,20 Laps,3 Laps,Michelin,Not classified,4.0,2:18.619,181.9,Gianmaria BRUNI,James CALADO,,2016_Spa,LMGTE Pro,GT (GTE Pro/Am),138.619
SMP Racing #27,30,11,SMP Racing,BR01 - Nissan,LMP2,,Spa,6,2016,123,4:54:17.337,37 Laps,17 Laps,Dunlop,Not classified,3.0,2:10.862,192.7,Nicolas MINASSIAN,Maurizio MEDIANI,Devi MARKOZOV,2016_Spa,LMP2,LMP2,130.862
Ford Chip Ganassi Team UK #66,31,6,Ford Chip Ganassi Team UK,Ford GT,LMGTE Pro,,Spa,6,2016,100,4:50:51.661,60 Laps,23 Laps,Michelin,Not classified,3.0,2:20.230,179.8,Billy JOHNSON,Stefan MÜCKE,Olivier PLA,2016_Spa,LMGTE Pro,GT (GTE Pro/Am),140.23
Toyota Gazoo Racing #6,32,9,Toyota Gazoo Racing,Toyota TS050 - Hybrid,LMP1,H,Spa,6,2016,87,3:23:08.845,73 Laps,13 Laps,Michelin,Not classified,17.0,2:00.177,209.8,Stéphane SARRAZIN,Mike CONWAY,Kamui KOBAYASHI,2016_Spa,LMP1,Top Class (LMP1/Hypercar),120.177
Strakka Racing #42,33,12,Strakka Racing,Gibson 015S - Nissan,LMP2,,Spa,6,2016,78,3:08:35.677,82 Laps,9 Laps,Dunlop,Not classified,5.0,2:11.581,191.6,Nick LEVENTIS,Danny WATTS,Jonny KANE,2016_Spa,LMP2,LMP2,131.581
Aston Martin Racing #95,34,7,Aston Martin Racing,Aston Martin Vantage V8,LMGTE Pro,,Spa,6,2016,40,1:36:17.650,120 Laps,38 Laps,Dunlop,Not classified,27.0,2:19.687,180.5,Nicki THIIM,Marco SØRENSEN,Darren TURNER,2016_Spa,LMGTE Pro,GT (GTE Pro/Am),139.687
Audi Sport Team Joest #8,1,1,Audi Sport Team Joest,Audi R18,LMP1,H,Bahrain,6,2016,201,6:00:12.387,,,Michelin,Classified,106.0,1:41.511,191.9,Lucas DI GRASSI,Loïc DUVAL,Oliver JARVIS,2016_Bahrain,LMP1,Top Class (LMP1/Hypercar),101.511
Audi Sport Team Joest #7,2,2,Audi Sport Team Joest,Audi R18,LMP1,H,Bahrain,6,2016,201,6:00:28.806,16.419,16.419,Michelin,Classified,130.0,1:42.634,189.8,Marcel FÄSSLER,André LOTTERER,Benoît TRÉLUYER,2016_Bahrain,LMP1,Top Class (LMP1/Hypercar),102.634
Porsche Team #1,3,3,Porsche Team,Porsche 919 Hybrid,LMP1,H,Bahrain,6,2016,201,6:01:29.388,1'17.001,1'00.582,Michelin,Classified,152.0,1:42.401,190.3,Timo BERNHARD,Mark WEBBER,Brendon HARTLEY,2016_Bahrain,LMP1,Top Class (LMP1/Hypercar),102.40100000000001
Toyota Gazoo Racing #5,4,4,Toyota Gazoo Racing,Toyota TS050 - Hybrid,LMP1,H,Bahrain,6,2016,200,6:00:36.576,1 Laps,1 Laps,Michelin,Classified,185.0,1:42.867,189.4,Anthony DAVIDSON,Sébastien BUEMI,Kazuki NAKAJIMA,2016_Bahrain,LMP1,Top Class (LMP1/Hypercar),102.86699999999999
Toyota Gazoo Racing #6,5,5,Toyota Gazoo Racing,Toyota TS050 - Hybrid,LMP1,H,Bahrain,6,2016,200,6:01:12.261,1 Laps,35.685,Michelin,Classified,5.0,1:43.096,189.0,Stéphane SARRAZIN,Mike CONWAY,Kamui KOBAYASHI,2016_Bahrain,LMP1,Top Class (LMP1/Hypercar),103.096
Porsche Team #2,6,6,Porsche Team,Porsche 919 Hybrid,LMP1,H,Bahrain,6,2016,198,6:01:09.829,3 Laps,2 Laps,Michelin,Classified,3.0,1:42.756,189.6,Romain DUMAS,Neel JANI,Marc LIEB,2016_Bahrain,LMP1,Top Class (LMP1/Hypercar),102.756
Rebellion Racing #13,7,7,Rebellion Racing,Rebellion R-One - AER,LMP1,,Bahrain,6,2016,191,6:01:17.598,10 Laps,7 Laps,Dunlop,Classified,7.0,1:47.387,181.4,Mathéo TUSCHER,Dominik KRAIHAMER,Alexandre IMPERATORI,2016_Bahrain,LMP1,Top Class (LMP1/Hypercar),107.387
Bykolles Racing Team #4,8,8,Bykolles Racing Team,CLM P1/01 - AER,LMP1,,Bahrain,6,2016,187,6:01:25.283,14 Laps,4 Laps,Dunlop,Classified,137.0,1:48.975,178.8,Simon TRUMMER,Oliver WEBB,Pierre KAFFER,2016_Bahrain,LMP1,Top Class (LMP1/Hypercar),108.975
G-Drive Racing #26,9,1,G-Drive Racing,Oreca 05 - Nissan,LMP2,,Bahrain,6,2016,184,6:01:51.104,17 Laps,3 Laps,Dunlop,Classified,139.0,1:51.824,174.2,Roman RUSINOV,René RAST,Alex BRUNDLE,2016_Bahrain,LMP2,LMP2,111.824
RGR Sport by Morand #43,10,2,RGR Sport by Morand,LIGIER JS P2 - Nissan,LMP2,,Bahrain,6,2016,184,6:01:57.944,17 Laps,6.840,Dunlop,Classified,4.0,1:51.975,174.0,Ricardo GONZALEZ,Filipe ALBUQUERQUE,Bruno SENNA,2016_Bahrain,LMP2,LMP2,111.975
Signatech Alpine #36,11,3,Signatech Alpine,Alpine A460 - Nissan,LMP2,,Bahrain,6,2016,183,6:00:22.525,18 Laps,1 Laps,Dunlop,Classified,3.0,1:51.768,174.3,Gustavo MENEZES,Nicolas LAPIERRE,Stéphane RICHELMI,2016_Bahrain,LMP2,LMP2,111.768
Extreme Speed Motorsports #31,12,4,Extreme Speed Motorsports,LIGIER JS P2 - Nissan,LMP2,,Bahrain,6,2016,183,6:00:49.361,18 Laps,26.836,Dunlop,Classified,5.0,1:52.424,173.3,Ryan DALZIEL,Luis Felipe DERANI,Christopher CUMMING,2016_Bahrain,LMP2,LMP2,112.424
Extreme Speed Motorsports #30,13,5,Extreme Speed Motorsports,LIGIER JS P2 - Nissan,LMP2,,Bahrain,6,2016,183,6:01:31.689,18 Laps,42.328,Dunlop,Classified,4.0,1:52.287,173.5,Tom DILLMANN,Giedo VAN DER GARDE,Sean GELAEL,2016_Bahrain,LMP2,LMP2,112.287
Baxi DC Racing Alpine #35,14,6,Baxi DC Racing Alpine,Alpine A460 - Nissan,LMP2,,Bahrain,6,2016,182,6:00:33.711,19 Laps,1 Laps,Dunlop,Classified,29.0,1:53.180,172.1,David CHENG,Ho-Pin TUNG,Paul Loup CHATIN,2016_Bahrain,LMP2,LMP2,113.18
Manor #45,15,7,Manor,Oreca 05 - Nissan,LMP2,,Bahrain,6,2016,182,6:01:44.723,19 Laps,1'11.012,Dunlop,Classified,3.0,1:52.787,172.7,Julien CANAL,Roberto GONZALEZ,Roberto MERHI,2016_Bahrain,LMP2,LMP2,112.787
SMP Racing #37,16,8,SMP Racing,BR01 - Nissan,LMP2,,Bahrain,6,2016,179,6:00:23.780,22 Laps,3 Laps,Dunlop,Classified,2.0,1:54.098,170.8,Vitaly PETROV,Kirill LADYGIN,Victor SHAITAR,2016_Bahrain,LMP2,LMP2,114.098
SMP Racing #27,17,9,SMP Racing,BR01 - Nissan,LMP2,,Bahrain,6,2016,176,6:01:44.470,25 Laps,3 Laps,Dunlop,Classified,3.0,1:53.922,171.0,Nicolas MINASSIAN,Maurizio MEDIANI,Mikhail ALESHIN,2016_Bahrain,LMP2,LMP2,113.922
Manor #44,18,10,Manor,Oreca 05 - Nissan,LMP2,,Bahrain,6,2016,175,6:01:14.377,26 Laps,1 Laps,Dunlop,Classified,155.0,1:52.336,173.4,Matthew RAO,Richard BRADLEY,Alex LYNN,2016_Bahrain,LMP2,LMP2,112.336
Aston Martin Racing #95,19,1,Aston Martin Racing,Aston Martin Vantage V8,LMGTE Pro,,Bahrain,6,2016,174,6:00:54.283,27 Laps,1 Laps,Dunlop,Classified,3.0,1:59.230,163.4,Nicki THIIM,Marco SØRENSEN,,2016_Bahrain,LMGTE Pro,GT (GTE Pro/Am),119.22999999999999
AF Corse #51,20,2,AF Corse,Ferrari 488 GTE,LMGTE Pro,,Bahrain,6,2016,174,6:01:06.978,27 Laps,12.695,Michelin,Classified,148.0,1:58.995,163.7,Gianmaria BRUNI,James CALADO,,2016_Bahrain,LMGTE Pro,GT (GTE Pro/Am),118.995
AF Corse #71,21,3,AF Corse,Ferrari 488 GTE,LMGTE Pro,,Bahrain,6,2016,173,6:00:28.390,28 Laps,1 Laps,Michelin,Classified,147.0,1:59.522,163.0,Davide RIGON,Sam BIRD,,2016_Bahrain,LMGTE Pro,GT (GTE Pro/Am),119.52199999999999
Ford Chip Ganassi Team UK #67,22,4,Ford Chip Ganassi Team UK,Ford GT,LMGTE Pro,,Bahrain,6,2016,173,6:01:03.804,28 Laps,35.414,Michelin,Classified,2.0,1:59.468,163.1,Andy PRIAULX,Harry TINCKNELL,,2016_Bahrain,LMGTE Pro,GT (GTE Pro/Am),119.468
Aston Martin Racing #97,23,5,Aston Martin Racing,Aston Martin Vantage V8,LMGTE Pro,,Bahrain,6,2016,173,6:01:51.995,28 Laps,48.191,Dunlop,Classified,61.0,1:59.321,163.3,Jonathan ADAM,Darren TURNER,,2016_Bahrain,LMGTE Pro,GT (GTE Pro/Am),119.321
Ford Chip Ganassi Team UK #66,24,6,Ford Chip Ganassi Team UK,Ford GT,LMGTE Pro,,Bahrain,6,2016,172,6:00:15.681,29 Laps,1 Laps,Michelin,Classified,91.0,1:59.615,162.9,Stefan MÜCKE,Olivier PLA,,2016_Bahrain,LMGTE Pro,GT (GTE Pro/Am),119.61500000000001
Dempsey - Proton Racing #77,25,7,Dempsey - Proton Racing,Porsche 911 RSR (2016),LMGTE Pro,,Bahrain,6,2016,172,6:00:49.129,29 Laps,33.448,Michelin,Classified,3.0,2:00.360,161.9,Richard LIETZ,Michael CHRISTENSEN,,2016_Bahrain,LMGTE Pro,GT (GTE Pro/Am),120.36
Abu Dhabi-Proton Racing #88,26,1,Abu Dhabi-Proton Racing,Porsche 911 RSR,LMGTE Am,,Bahrain,6,2016,171,6:02:14.439,30 Laps,1 Laps,Michelin,Classified,30.0,2:01.870,159.9,Khaled AL QUBAISI,David HEINEMEIER HANSSON,Patrick LONG,2016_Bahrain,LMGTE Am,GT (GTE Pro/Am),121.87
KCMG #78,27,2,KCMG,Porsche 911 RSR,LMGTE Am,,Bahrain,6,2016,170,6:00:25.184,31 Laps,1 Laps,Michelin,Classified,149.0,2:01.489,160.4,Christian RIED,Wolf HENZLER,Joël CAMATHIAS,2016_Bahrain,LMGTE Am,GT (GTE Pro/Am),121.489
AF Corse #83,28,3,AF Corse,Ferrari F458 Italia,LMGTE Am,,Bahrain,6,2016,169,6:00:58.009,32 Laps,1 Laps,Michelin,Classified,2.0,2:01.844,159.9,François PERRODO,Emmanuel COLLARD,Rui AGUAS,2016_Bahrain,LMGTE Am,GT (GTE Pro/Am),121.844
Gulf Racing #86,29,4,Gulf Racing,Porsche 911 RSR,LMGTE Am,,Bahrain,6,2016,168,6:00:49.906,33 Laps,1 Laps,Michelin,Classified,3.0,2:01.847,159.9,Michael WAINWRIGHT,Adam CARROLL,Ben BARKER,2016_Bahrain,LMGTE Am,GT (GTE Pro/Am),121.847
Larbre Competition #50,30,5,Larbre Competition,Chevrolet Corvette C7-Z06,LMGTE Am,,Bahrain,6,2016,164,6:00:45.774,37 Laps,4 Laps,Michelin,Classified,3.0,2:01.184,160.8,Pierre RAGUES,Ricky TAYLOR,Romain BRANDELA,2016_Bahrain,LMGTE Am,GT (GTE Pro/Am),121.184
Aston Martin Racing #98,31,6,Aston Martin Racing,Aston Martin Vantage V8,LMGTE Am,,Bahrain,6,2016,84,2:57:37.850,117 Laps,80 Laps,Michelin,Not classified,2.0,2:01.778,160.0,Paul DALLA LANA,Pedro LAMY,Mathias LAUDA,2016_Bahrain,LMGTE Am,GT (GTE Pro/Am),121.778
Porsche Team #1,1,1,Porsche Team,Porsche 919 Hybrid,LMP1,H,Cota,6,2016,186,6:01:30.181,,,Michelin,Classified,146.0,1:48.218,183.5,Timo BERNHARD,Mark WEBBER,Brendon HARTLEY,2016_Cota,LMP1,Top Class (LMP1/Hypercar),108.218
Audi Sport Team Joest #8,2,2,Audi Sport Team Joest,Audi R18,LMP1,H,Cota,6,2016,186,6:01:53.822,23.641,23.641,Michelin,Classified,4.0,1:47.052,185.5,Lucas DI GRASSI,Loïc DUVAL,Oliver JARVIS,2016_Cota,LMP1,Top Class (LMP1/Hypercar),107.05199999999999
Toyota Gazoo Racing #6,3,3,Toyota Gazoo Racing,Toyota TS050 - Hybrid,LMP1,H,Cota,6,2016,186,6:01:56.277,26.096,2.455,Michelin,Classified,107.0,1:48.544,182.9,Stéphane SARRAZIN,Mike CONWAY,Kamui KOBAYASHI,2016_Cota,LMP1,Top Class (LMP1/Hypercar),108.544
Porsche Team #2,4,4,Porsche Team,Porsche 919 Hybrid,LMP1,H,Cota,6,2016,185,6:02:39.670,1 Laps,1 Laps,Michelin,Classified,184.0,1:48.636,182.8,Romain DUMAS,Neel JANI,Marc LIEB,2016_Cota,LMP1,Top Class (LMP1/Hypercar),108.636
Toyota Gazoo Racing #5,5,5,Toyota Gazoo Racing,Toyota TS050 - Hybrid,LMP1,H,Cota,6,2016,184,6:02:38.997,2 Laps,1 Laps,Michelin,Classified,5.0,1:48.482,183.0,Anthony DAVIDSON,Sébastien BUEMI,Kazuki NAKAJIMA,2016_Cota,LMP1,Top Class (LMP1/Hypercar),108.482
Audi Sport Team Joest #7,6,6,Audi Sport Team Joest,Audi R18,LMP1,H,Cota,6,2016,180,6:02:49.828,6 Laps,4 Laps,Michelin,Classified,4.0,1:47.158,185.3,Marcel FÄSSLER,André LOTTERER,Benoît TRÉLUYER,2016_Cota,LMP1,Top Class (LMP1/Hypercar),107.158
Rebellion Racing #13,7,7,Rebellion Racing,Rebellion R-One - AER,LMP1,,Cota,6,2016,174,6:03:01.558,12 Laps,6 Laps,Dunlop,Classified,136.0,1:54.918,172.8,Mathéo TUSCHER,Dominik KRAIHAMER,Alexandre IMPERATORI,2016_Cota,LMP1,Top Class (LMP1/Hypercar),114.918
Signatech Alpine #36,8,1,Signatech Alpine,Alpine A460 - Nissan,LMP2,,Cota,6,2016,172,6:01:53.339,14 Laps,2 Laps,Dunlop,Classified,121.0,1:57.251,169.4,Gustavo MENEZES,Nicolas LAPIERRE,Stéphane RICHELMI,2016_Cota,LMP2,LMP2,117.251
RGR Sport by Morand #43,9,2,RGR Sport by Morand,LIGIER JS P2 - Nissan,LMP2,,Cota,6,2016,171,6:01:35.787,15 Laps,1 Laps,Dunlop,Classified,144.0,1:57.454,169.1,Ricardo GONZALEZ,Filipe ALBUQUERQUE,Bruno SENNA,2016_Cota,LMP2,LMP2,117.45400000000001
G-Drive Racing #26,10,3,G-Drive Racing,Oreca 05 - Nissan,LMP2,,Cota,6,2016,171,6:01:50.702,15 Laps,14.915,Dunlop,Classified,127.0,1:57.035,169.7,Roman RUSINOV,René RAST,Alex BRUNDLE,2016_Cota,LMP2,LMP2,117.035
Bykolles Racing Team #4,11,8,Bykolles Racing Team,CLM P1/01 - AER,LMP1,,Cota,6,2016,170,6:03:29.782,16 Laps,1 Laps,Dunlop,Classified,3.0,1:55.889,171.4,Simon TRUMMER,Oliver WEBB,,2016_Cota,LMP1,Top Class (LMP1/Hypercar),115.88900000000001
SMP Racing #27,12,4,SMP Racing,BR01 - Nissan,LMP2,,Cota,6,2016,168,6:02:08.108,18 Laps,2 Laps,Dunlop,Classified,6.0,1:59.634,166.0,Nicolas MINASSIAN,Maurizio MEDIANI,,2016_Cota,LMP2,LMP2,119.634
Extreme Speed Motorsports #31,13,5,Extreme Speed Motorsports,LIGIER JS P2 - Nissan,LMP2,,Cota,6,2016,168,6:02:13.881,18 Laps,5.773,Michelin,Classified,93.0,1:58.914,167.0,Ryan DALZIEL,Luis Felipe DERANI,Christopher CUMMING,2016_Cota,LMP2,LMP2,118.914
SMP Racing #37,14,6,SMP Racing,BR01 - Nissan,LMP2,,Cota,6,2016,167,6:02:11.226,19 Laps,1 Laps,Dunlop,Classified,74.0,1:59.920,165.6,Vitaly PETROV,Kirill LADYGIN,Victor SHAITAR,2016_Cota,LMP2,LMP2,119.92
Extreme Speed Motorsports #30,15,7,Extreme Speed Motorsports,LIGIER JS P2 - Nissan,LMP2,,Cota,6,2016,166,6:03:22.171,20 Laps,1 Laps,Michelin,Classified,63.0,1:59.316,166.4,Scott SHARP,Ed BROWN,Johannes VAN OVERBEEK,2016_Cota,LMP2,LMP2,119.316
Aston Martin Racing #95,16,1,Aston Martin Racing,Aston Martin Vantage V8,LMGTE Pro,,Cota,6,2016,163,6:03:16.546,23 Laps,3 Laps,Dunlop,Classified,85.0,2:05.405,158.3,Nicki THIIM,Marco SØRENSEN,,2016_Cota,LMGTE Pro,GT (GTE Pro/Am),125.405
AF Corse #51,17,2,AF Corse,Ferrari 488 GTE,LMGTE Pro,,Cota,6,2016,163,6:03:28.032,23 Laps,11.486,Michelin,Classified,143.0,2:05.652,158.0,Gianmaria BRUNI,James CALADO,,2016_Cota,LMGTE Pro,GT (GTE Pro/Am),125.652
AF Corse #71,18,3,AF Corse,Ferrari 488 GTE,LMGTE Pro,,Cota,6,2016,162,6:02:11.514,24 Laps,1 Laps,Michelin,Classified,139.0,2:06.058,157.5,Davide RIGON,Sam BIRD,,2016_Cota,LMGTE Pro,GT (GTE Pro/Am),126.05799999999999
Ford Chip Ganassi Team UK #67,19,4,Ford Chip Ganassi Team UK,Ford GT,LMGTE Pro,,Cota,6,2016,162,6:02:24.890,24 Laps,13.376,Michelin,Classified,85.0,2:06.276,157.3,Marino FRANCHITTI,Andy PRIAULX,Harry TINCKNELL,2016_Cota,LMGTE Pro,GT (GTE Pro/Am),126.276
Aston Martin Racing #97,20,5,Aston Martin Racing,Aston Martin Vantage V8,LMGTE Pro,,Cota,6,2016,162,6:02:29.927,24 Laps,5.037,Dunlop,Classified,143.0,2:05.286,158.5,Darren TURNER,Fernando REES,,2016_Cota,LMGTE Pro,GT (GTE Pro/Am),125.286
Dempsey - Proton Racing #77,21,6,Dempsey - Proton Racing,Porsche 911 RSR (2016),LMGTE Pro,,Cota,6,2016,161,6:02:48.564,25 Laps,1 Laps,Michelin,Classified,143.0,2:06.671,156.8,Richard LIETZ,Michael CHRISTENSEN,,2016_Cota,LMGTE Pro,GT (GTE Pro/Am),126.671
Aston Martin Racing #98,22,1,Aston Martin Racing,Aston Martin Vantage V8,LMGTE Am,,Cota,6,2016,158,6:01:33.911,28 Laps,3 Laps,Michelin,Classified,87.0,2:08.340,154.7,Paul DALLA LANA,Pedro LAMY,Mathias LAUDA,2016_Cota,LMGTE Am,GT (GTE Pro/Am),128.34
KCMG #78,23,2,KCMG,Porsche 911 RSR,LMGTE Am,,Cota,6,2016,158,6:02:36.749,28 Laps,1'02.838,Michelin,Classified,136.0,2:07.527,155.7,Christian RIED,Wolf HENZLER,Joël CAMATHIAS,2016_Cota,LMGTE Am,GT (GTE Pro/Am),127.527
Larbre Competition #50,24,3,Larbre Competition,Chevrolet Corvette C7-Z06,LMGTE Am,,Cota,6,2016,157,6:03:19.189,29 Laps,1 Laps,Michelin,Classified,93.0,2:08.626,154.4,Lars VILJOEN,Pierre RAGUES,Ricky TAYLOR,2016_Cota,LMGTE Am,GT (GTE Pro/Am),128.626
Gulf Racing #86,25,4,Gulf Racing,Porsche 911 RSR,LMGTE Am,,Cota,6,2016,153,6:01:42.914,33 Laps,4 Laps,Michelin,Classified,132.0,2:08.267,154.8,Michael WAINWRIGHT,Adam CARROLL,Ben BARKER,2016_Cota,LMGTE Am,GT (GTE Pro/Am),128.267
Baxi DC Racing Alpine #35,26,8,Baxi DC Racing Alpine,Alpine A460 - Nissan,LMP2,,Cota,6,2016,153,6:02:59.944,33 Laps,1'17.030,Dunlop,Classified,103.0,1:58.194,168.0,David CHENG,Ho-Pin TUNG,Nelson PANCIATICI,2016_Cota,LMP2,LMP2,118.194
Abu Dhabi-Proton Racing #88,27,5,Abu Dhabi-Proton Racing,Porsche 911 RSR,LMGTE Am,,Cota,6,2016,153,6:03:00.111,33 Laps,0.167,Michelin,Classified,129.0,2:07.790,155.4,Khaled AL QUBAISI,David HEINEMEIER HANSSON,Kevin ESTRE,2016_Cota,LMGTE Am,GT (GTE Pro/Am),127.79
AF Corse #83,28,6,AF Corse,Ferrari F458 Italia,LMGTE Am,,Cota,6,2016,147,6:02:31.207,39 Laps,6 Laps,Michelin,Classified,78.0,2:09.705,153.1,François PERRODO,Emmanuel COLLARD,Rui AGUAS,2016_Cota,LMGTE Am,GT (GTE Pro/Am),129.705
Ford Chip Ganassi Team UK #66,29,7,Ford Chip Ganassi Team UK,Ford GT,LMGTE Pro,,Cota,6,2016,144,6:02:41.075,42 Laps,3 Laps,Michelin,Classified,105.0,2:05.244,158.6,Stefan MÜCKE,Olivier PLA,,2016_Cota,LMGTE Pro,GT (GTE Pro/Am),125.244
Manor #44,30,9,Manor,Oreca 05 - Nissan,LMP2,,Cota,6,2016,157,5:39:23.349,29 Laps,-13 Laps,Dunlop,Not classified,72.0,1:57.816,168.5,Matthew RAO,Richard BRADLEY,Roberto MERHI,2016_Cota,LMP2,LMP2,117.816
Strakka Racing #42,31,10,Strakka Racing,Gibson 015S - Nissan,LMP2,,Cota,6,2016,58,3:47:37.329,128 Laps,99 Laps,Dunlop,Not classified,56.0,1:58.198,168.0,Nick LEVENTIS,Lewis WILLIAMSON,Jonny KANE,2016_Cota,LMP2,LMP2,118.19800000000001
Toyota Gazoo Racing #6,1,1,Toyota Gazoo Racing,Toyota TS050 - Hybrid,LMP1,H,Fuji,6,2016,244,6:00:37.284,,,Michelin,Classified,3.0,1:25.320,192.5,Stéphane SARRAZIN,Mike CONWAY,Kamui KOBAYASHI,2016_Fuji,LMP1,Top Class (LMP1/Hypercar),85.32
Audi Sport Team Joest #8,2,2,Audi Sport Team Joest,Audi R18,LMP1,H,Fuji,6,2016,244,6:00:38.723,1.439,1.439,Michelin,Classified,212.0,1:24.645,194.1,Lucas DI GRASSI,Loïc DUVAL,Oliver JARVIS,2016_Fuji,LMP1,Top Class (LMP1/Hypercar),84.645
Porsche Team #1,3,3,Porsche Team,Porsche 919 Hybrid,LMP1,H,Fuji,6,2016,244,6:00:54.623,17.339,15.900,Michelin,Classified,6.0,1:25.311,192.6,Timo BERNHARD,Mark WEBBER,Brendon HARTLEY,2016_Fuji,LMP1,Top Class (LMP1/Hypercar),85.311
Toyota Gazoo Racing #5,4,4,Toyota Gazoo Racing,Toyota TS050 - Hybrid,LMP1,H,Fuji,6,2016,244,6:01:31.063,53.779,36.440,Michelin,Classified,4.0,1:25.377,192.4,Anthony DAVIDSON,Sébastien BUEMI,Kazuki NAKAJIMA,2016_Fuji,LMP1,Top Class (LMP1/Hypercar),85.377
Porsche Team #2,5,5,Porsche Team,Porsche 919 Hybrid,LMP1,H,Fuji,6,2016,243,6:00:47.939,1 Laps,1 Laps,Michelin,Classified,204.0,1:25.473,192.2,Romain DUMAS,Neel JANI,Marc LIEB,2016_Fuji,LMP1,Top Class (LMP1/Hypercar),85.473
Rebellion Racing #13,6,6,Rebellion Racing,Rebellion R-One - AER,LMP1,,Fuji,6,2016,229,6:00:51.150,15 Laps,14 Laps,Dunlop,Classified,111.0,1:29.901,182.7,Mathéo TUSCHER,Dominik KRAIHAMER,Alexandre IMPERATORI,2016_Fuji,LMP1,Top Class (LMP1/Hypercar),89.901
G-Drive Racing #26,7,1,G-Drive Racing,Oreca 05 - Nissan,LMP2,,Fuji,6,2016,223,6:00:54.127,21 Laps,6 Laps,Dunlop,Classified,4.0,1:33.011,176.6,Roman RUSINOV,Alex BRUNDLE,Will STEVENS,2016_Fuji,LMP2,LMP2,93.011
RGR Sport by Morand #43,8,2,RGR Sport by Morand,LIGIER JS P2 - Nissan,LMP2,,Fuji,6,2016,223,6:00:55.525,21 Laps,1.398,Dunlop,Classified,5.0,1:32.968,176.7,Ricardo GONZALEZ,Filipe ALBUQUERQUE,Bruno SENNA,2016_Fuji,LMP2,LMP2,92.968
Signatech Alpine #36,9,3,Signatech Alpine,Alpine A460 - Nissan,LMP2,,Fuji,6,2016,223,6:01:21.750,21 Laps,26.225,Dunlop,Classified,3.0,1:33.361,175.9,Gustavo MENEZES,Nicolas LAPIERRE,Stéphane RICHELMI,2016_Fuji,LMP2,LMP2,93.36099999999999
Extreme Speed Motorsports #30,10,4,Extreme Speed Motorsports,LIGIER JS P2 - Nissan,LMP2,,Fuji,6,2016,223,6:01:45.443,21 Laps,23.693,Dunlop,Classified,10.0,1:33.245,176.2,Antonio GIOVINAZZI,Giedo VAN DER GARDE,Sean GELAEL,2016_Fuji,LMP2,LMP2,93.245
Extreme Speed Motorsports #31,11,5,Extreme Speed Motorsports,LIGIER JS P2 - Nissan,LMP2,,Fuji,6,2016,222,6:00:38.760,22 Laps,1 Laps,Dunlop,Classified,194.0,1:33.354,176.0,Ryan DALZIEL,Luis Felipe DERANI,Christopher CUMMING,2016_Fuji,LMP2,LMP2,93.354
Strakka Racing #42,12,6,Strakka Racing,Gibson 015S - Nissan,LMP2,,Fuji,6,2016,222,6:00:45.600,22 Laps,6.840,Dunlop,Classified,9.0,1:33.910,174.9,Jonny KANE,Lewis WILLIAMSON,,2016_Fuji,LMP2,LMP2,93.91
Manor #44,13,7,Manor,Oreca 05 - Nissan,LMP2,,Fuji,6,2016,222,6:01:05.157,22 Laps,19.557,Dunlop,Classified,135.0,1:33.450,175.8,Matthew RAO,Richard BRADLEY,Roberto MERHI,2016_Fuji,LMP2,LMP2,93.45
SMP Racing #27,14,8,SMP Racing,BR01 - Nissan,LMP2,,Fuji,6,2016,222,6:01:45.418,22 Laps,40.261,Dunlop,Classified,8.0,1:34.159,174.5,Nicolas MINASSIAN,Maurizio MEDIANI,Mikhail ALESHIN,2016_Fuji,LMP2,LMP2,94.15899999999999
Baxi DC Racing Alpine #35,15,9,Baxi DC Racing Alpine,Alpine A460 - Nissan,LMP2,,Fuji,6,2016,221,6:01:58.848,23 Laps,1 Laps,Dunlop,Classified,214.0,1:33.214,176.2,David CHENG,Ho-Pin TUNG,Paul Loup CHATIN,2016_Fuji,LMP2,LMP2,93.214
SMP Racing #37,16,10,SMP Racing,BR01 - Nissan,LMP2,,Fuji,6,2016,220,6:01:33.739,24 Laps,1 Laps,Dunlop,Classified,8.0,1:34.002,174.7,Vitaly PETROV,Kirill LADYGIN,Victor SHAITAR,2016_Fuji,LMP2,LMP2,94.00200000000001
Ford Chip Ganassi Team UK #67,17,1,Ford Chip Ganassi Team UK,Ford GT,LMGTE Pro,,Fuji,6,2016,212,6:00:54.068,32 Laps,8 Laps,Michelin,Classified,5.0,1:38.575,166.6,Andy PRIAULX,Harry TINCKNELL,,2016_Fuji,LMGTE Pro,GT (GTE Pro/Am),98.575
Ford Chip Ganassi Team UK #66,18,2,Ford Chip Ganassi Team UK,Ford GT,LMGTE Pro,,Fuji,6,2016,212,6:01:09.574,32 Laps,15.506,Michelin,Classified,6.0,1:38.712,166.4,Stefan MÜCKE,Olivier PLA,,2016_Fuji,LMGTE Pro,GT (GTE Pro/Am),98.712
AF Corse #51,19,3,AF Corse,Ferrari 488 GTE,LMGTE Pro,,Fuji,6,2016,212,6:01:35.208,32 Laps,25.634,Michelin,Classified,5.0,1:39.096,165.8,Gianmaria BRUNI,James CALADO,,2016_Fuji,LMGTE Pro,GT (GTE Pro/Am),99.096
AF Corse #71,20,4,AF Corse,Ferrari 488 GTE,LMGTE Pro,,Fuji,6,2016,212,6:01:43.343,32 Laps,8.135,Michelin,Classified,192.0,1:38.994,165.9,Davide RIGON,Sam BIRD,,2016_Fuji,LMGTE Pro,GT (GTE Pro/Am),98.994
Aston Martin Racing #95,21,5,Aston Martin Racing,Aston Martin Vantage V8,LMGTE Pro,,Fuji,6,2016,211,6:00:40.553,33 Laps,1 Laps,Dunlop,Classified,5.0,1:39.169,165.6,Nicki THIIM,Marco SØRENSEN,,2016_Fuji,LMGTE Pro,GT (GTE Pro/Am),99.169
Aston Martin Racing #97,22,6,Aston Martin Racing,Aston Martin Vantage V8,LMGTE Pro,,Fuji,6,2016,211,6:01:42.967,33 Laps,1'02.414,Dunlop,Classified,188.0,1:39.463,165.2,Richie STANAWAY,Darren TURNER,,2016_Fuji,LMGTE Pro,GT (GTE Pro/Am),99.463
Dempsey - Proton Racing #77,23,7,Dempsey - Proton Racing,Porsche 911 RSR (2016),LMGTE Pro,,Fuji,6,2016,210,6:00:39.697,34 Laps,1 Laps,Michelin,Classified,4.0,1:39.672,164.8,Richard LIETZ,Michael CHRISTENSEN,,2016_Fuji,LMGTE Pro,GT (GTE Pro/Am),99.672
Aston Martin Racing #98,24,1,Aston Martin Racing,Aston Martin Vantage V8,LMGTE Am,,Fuji,6,2016,208,6:00:52.206,36 Laps,2 Laps,Michelin,Classified,5.0,1:40.052,164.2,Paul DALLA LANA,Pedro LAMY,Mathias LAUDA,2016_Fuji,LMGTE Am,GT (GTE Pro/Am),100.05199999999999
AF Corse #83,25,2,AF Corse,Ferrari F458 Italia,LMGTE Am,,Fuji,6,2016,207,6:01:15.242,37 Laps,1 Laps,Michelin,Classified,5.0,1:40.427,163.6,François PERRODO,Emmanuel COLLARD,Rui AGUAS,2016_Fuji,LMGTE Am,GT (GTE Pro/Am),100.42699999999999
KCMG #78,26,3,KCMG,Porsche 911 RSR,LMGTE Am,,Fuji,6,2016,206,6:01:02.238,38 Laps,1 Laps,Michelin,Classified,175.0,1:40.910,162.8,Christian RIED,Wolf HENZLER,Joël CAMATHIAS,2016_Fuji,LMGTE Am,GT (GTE Pro/Am),100.91
Gulf Racing #86,27,4,Gulf Racing,Porsche 911 RSR,LMGTE Am,,Fuji,6,2016,205,6:01:08.259,39 Laps,1 Laps,Michelin,Classified,3.0,1:40.722,163.1,Michael WAINWRIGHT,Adam CARROLL,Ben BARKER,2016_Fuji,LMGTE Am,GT (GTE Pro/Am),100.72200000000001
Abu Dhabi-Proton Racing #88,28,5,Abu Dhabi-Proton Racing,Porsche 911 RSR,LMGTE Am,,Fuji,6,2016,200,6:02:08.554,44 Laps,5 Laps,Michelin,Classified,169.0,1:41.589,161.7,Khaled AL QUBAISI,David HEINEMEIER HANSSON,Patrick LONG,2016_Fuji,LMGTE Am,GT (GTE Pro/Am),101.589
Manor #45,29,11,Manor,Oreca 05 - Nissan,LMP2,,Fuji,6,2016,190,6:00:56.348,54 Laps,10 Laps,Dunlop,Classified,164.0,1:32.948,176.7,Tor GRAVES,Alex LYNN,Shinji NAKANO,2016_Fuji,LMP2,LMP2,92.94800000000001
Larbre Competition #50,30,6,Larbre Competition,Chevrolet Corvette C7-Z06,LMGTE Am,,Fuji,6,2016,147,6:01:58.170,97 Laps,43 Laps,Michelin,Classified,4.0,1:40.340,163.7,Yutaka YAMAGISHI,Pierre RAGUES,Ricky TAYLOR,2016_Fuji,LMGTE Am,GT (GTE Pro/Am),100.34
Bykolles Racing Team #4,31,7,Bykolles Racing Team,CLM P1/01 - AER,LMP1,,Fuji,6,2016,79,2:06:47.385,165 Laps,68 Laps,Dunlop,Not classified,3.0,1:30.658,181.2,Simon TRUMMER,Oliver WEBB,Pierre KAFFER,2016_Fuji,LMP1,Top Class (LMP1/Hypercar),90.658
Audi Sport Team Joest #7,32,8,Audi Sport Team Joest,Audi R18,LMP1,H,Fuji,6,2016,36,2:14:59.874,208 Laps,43 Laps,Michelin,Not classified,4.0,1:25.476,192.2,Marcel FÄSSLER,André LOTTERER,Benoît TRÉLUYER,2016_Fuji,LMP1,Top Class (LMP1/Hypercar),85.476
Porsche Team #1,1,1,Porsche Team,Porsche 919 Hybrid,LMP1,H,Nurburgring,6,2016,194,6:01:16.183,,,Michelin,Classified,4.0,1:40.609,183.8,Timo BERNHARD,Mark WEBBER,Brendon HARTLEY,2016_Nurburgring,LMP1,Top Class (LMP1/Hypercar),100.60900000000001
Audi Sport Team Joest #8,2,2,Audi Sport Team Joest,Audi R18,LMP1,H,Nurburgring,6,2016,194,6:02:09.970,53.787,53.787,Michelin,Classified,4.0,1:40.779,183.5,Lucas DI GRASSI,Loïc DUVAL,Oliver JARVIS,2016_Nurburgring,LMP1,Top Class (LMP1/Hypercar),100.779
Audi Sport Team Joest #7,3,3,Audi Sport Team Joest,Audi R18,LMP1,H,Nurburgring,6,2016,194,6:02:10.666,54.483,0.696,Michelin,Classified,5.0,1:40.325,184.3,Marcel FÄSSLER,André LOTTERER,,2016_Nurburgring,LMP1,Top Class (LMP1/Hypercar),100.325
Porsche Team #2,4,4,Porsche Team,Porsche 919 Hybrid,LMP1,H,Nurburgring,6,2016,194,6:02:53.507,1'37.324,42.841,Michelin,Classified,4.0,1:40.844,183.4,Romain DUMAS,Neel JANI,Marc LIEB,2016_Nurburgring,LMP1,Top Class (LMP1/Hypercar),100.844
Toyota Gazoo Racing #5,5,5,Toyota Gazoo Racing,Toyota TS050 - Hybrid,LMP1,H,Nurburgring,6,2016,193,6:02:12.111,1 Laps,1 Laps,Michelin,Classified,5.0,1:41.277,182.6,Anthony DAVIDSON,Sébastien BUEMI,Kazuki NAKAJIMA,2016_Nurburgring,LMP1,Top Class (LMP1/Hypercar),101.277
Toyota Gazoo Racing #6,6,6,Toyota Gazoo Racing,Toyota TS050 - Hybrid,LMP1,H,Nurburgring,6,2016,190,6:02:11.041,4 Laps,3 Laps,Michelin,Classified,5.0,1:41.472,182.2,Stéphane SARRAZIN,Mike CONWAY,Kamui KOBAYASHI,2016_Nurburgring,LMP1,Top Class (LMP1/Hypercar),101.47200000000001
Rebellion Racing #13,7,7,Rebellion Racing,Rebellion R-One - AER,LMP1,,Nurburgring,6,2016,178,6:01:27.849,16 Laps,12 Laps,Dunlop,Classified,134.0,1:47.335,172.3,Mathéo TUSCHER,Dominik KRAIHAMER,Alexandre IMPERATORI,2016_Nurburgring,LMP1,Top Class (LMP1/Hypercar),107.33500000000001
Signatech Alpine #36,8,1,Signatech Alpine,Alpine A460 - Nissan,LMP2,,Nurburgring,6,2016,178,6:02:04.105,16 Laps,36.256,Dunlop,Classified,3.0,1:50.852,166.8,Gustavo MENEZES,Nicolas LAPIERRE,Stéphane RICHELMI,2016_Nurburgring,LMP2,LMP2,110.852
RGR Sport by Morand #43,9,2,RGR Sport by Morand,LIGIER JS P2 - Nissan,LMP2,,Nurburgring,6,2016,178,6:02:20.583,16 Laps,16.478,Dunlop,Classified,125.0,1:51.124,166.4,Ricardo GONZALEZ,Filipe ALBUQUERQUE,Bruno SENNA,2016_Nurburgring,LMP2,LMP2,111.124
Extreme Speed Motorsports #31,10,3,Extreme Speed Motorsports,LIGIER JS P2 - Nissan,LMP2,,Nurburgring,6,2016,176,6:01:51.645,18 Laps,2 Laps,Michelin,Classified,131.0,1:51.277,166.2,Ryan DALZIEL,Luis Felipe DERANI,Christopher CUMMING,2016_Nurburgring,LMP2,LMP2,111.277
Strakka Racing #42,11,4,Strakka Racing,Gibson 015S - Nissan,LMP2,,Nurburgring,6,2016,176,6:01:51.716,18 Laps,0.071,Dunlop,Classified,5.0,1:51.005,166.6,Nick LEVENTIS,Jonny KANE,Lewis WILLIAMSON,2016_Nurburgring,LMP2,LMP2,111.005
Manor #44,12,5,Manor,Oreca 05 - Nissan,LMP2,,Nurburgring,6,2016,176,6:02:09.481,18 Laps,17.765,Dunlop,Classified,108.0,1:51.016,166.6,Tor GRAVES,Antonio PIZZONIA,Matthew HOWSON,2016_Nurburgring,LMP2,LMP2,111.01599999999999
SMP Racing #37,13,6,SMP Racing,BR01 - Nissan,LMP2,,Nurburgring,6,2016,175,6:01:26.267,19 Laps,1 Laps,Dunlop,Classified,57.0,1:52.459,164.4,Vitaly PETROV,Kirill LADYGIN,Victor SHAITAR,2016_Nurburgring,LMP2,LMP2,112.459
Baxi DC Racing Alpine #35,14,7,Baxi DC Racing Alpine,Alpine A460 - Nissan,LMP2,,Nurburgring,6,2016,175,6:01:55.109,19 Laps,28.842,Dunlop,Classified,78.0,1:51.938,165.2,David CHENG,Ho-Pin TUNG,Nelson PANCIATICI,2016_Nurburgring,LMP2,LMP2,111.938
SMP Racing #27,15,8,SMP Racing,BR01 - Nissan,LMP2,,Nurburgring,6,2016,175,6:02:32.755,19 Laps,37.646,Dunlop,Classified,4.0,1:51.872,165.3,Nicolas MINASSIAN,Maurizio MEDIANI,,2016_Nurburgring,LMP2,LMP2,111.872
Extreme Speed Motorsports #30,16,9,Extreme Speed Motorsports,LIGIER JS P2 - Nissan,LMP2,,Nurburgring,6,2016,172,6:01:37.069,22 Laps,3 Laps,Michelin,Classified,151.0,1:52.473,164.4,Scott SHARP,Ed BROWN,Johannes VAN OVERBEEK,2016_Nurburgring,LMP2,LMP2,112.473
Rebellion Racing #12,17,8,Rebellion Racing,Rebellion R-One - AER,LMP1,,Nurburgring,6,2016,171,6:01:41.647,23 Laps,1 Laps,Dunlop,Classified,4.0,1:47.925,171.4,Nicolas PROST,Nick HEIDFELD,Mathias BECHE,2016_Nurburgring,LMP1,Top Class (LMP1/Hypercar),107.925
AF Corse #51,18,1,AF Corse,Ferrari 488 GTE,LMGTE Pro,,Nurburgring,6,2016,170,6:02:26.320,24 Laps,1 Laps,Michelin,Classified,149.0,1:57.728,157.1,Gianmaria BRUNI,James CALADO,,2016_Nurburgring,LMGTE Pro,GT (GTE Pro/Am),117.72800000000001
AF Corse #71,19,2,AF Corse,Ferrari 488 GTE,LMGTE Pro,,Nurburgring,6,2016,170,6:02:56.050,24 Laps,29.730,Michelin,Classified,149.0,1:57.936,156.8,Davide RIGON,Sam BIRD,,2016_Nurburgring,LMGTE Pro,GT (GTE Pro/Am),117.936
Aston Martin Racing #95,20,3,Aston Martin Racing,Aston Martin Vantage V8,LMGTE Pro,,Nurburgring,6,2016,170,6:03:13.714,24 Laps,17.664,Dunlop,Classified,3.0,1:57.293,157.7,Nicki THIIM,Marco SØRENSEN,,2016_Nurburgring,LMGTE Pro,GT (GTE Pro/Am),117.293
Ford Chip Ganassi Team UK #66,21,4,Ford Chip Ganassi Team UK,Ford GT,LMGTE Pro,,Nurburgring,6,2016,169,6:01:36.583,25 Laps,1 Laps,Michelin,Classified,147.0,1:57.890,156.9,Stefan MÜCKE,Olivier PLA,,2016_Nurburgring,LMGTE Pro,GT (GTE Pro/Am),117.89
Aston Martin Racing #97,22,5,Aston Martin Racing,Aston Martin Vantage V8,LMGTE Pro,,Nurburgring,6,2016,169,6:02:20.586,25 Laps,44.003,Dunlop,Classified,3.0,1:58.068,156.6,Richie STANAWAY,Darren TURNER,,2016_Nurburgring,LMGTE Pro,GT (GTE Pro/Am),118.068
Dempsey - Proton Racing #77,23,6,Dempsey - Proton Racing,Porsche 911 RSR (2016),LMGTE Pro,,Nurburgring,6,2016,169,6:02:47.886,25 Laps,27.300,Michelin,Classified,149.0,1:58.307,156.3,Richard LIETZ,Michael CHRISTENSEN,,2016_Nurburgring,LMGTE Pro,GT (GTE Pro/Am),118.307
Aston Martin Racing #98,24,1,Aston Martin Racing,Aston Martin Vantage V8,LMGTE Am,,Nurburgring,6,2016,166,6:02:03.608,28 Laps,3 Laps,Dunlop,Classified,3.0,1:59.894,154.2,Paul DALLA LANA,Pedro LAMY,Mathias LAUDA,2016_Nurburgring,LMGTE Am,GT (GTE Pro/Am),119.894
AF Corse #83,25,2,AF Corse,Ferrari F458 Italia,LMGTE Am,,Nurburgring,6,2016,166,6:03:05.809,28 Laps,1'02.201,Michelin,Classified,124.0,1:59.658,154.6,François PERRODO,Emmanuel COLLARD,Rui AGUAS,2016_Nurburgring,LMGTE Am,GT (GTE Pro/Am),119.658
Larbre Competition #50,26,3,Larbre Competition,Chevrolet Corvette C7-Z06,LMGTE Am,,Nurburgring,6,2016,165,6:01:25.033,29 Laps,1 Laps,Michelin,Classified,139.0,1:59.203,155.1,Yutaka YAMAGISHI,Pierre RAGUES,Paolo RUBERTI,2016_Nurburgring,LMGTE Am,GT (GTE Pro/Am),119.203
Abu Dhabi-Proton Racing #88,27,4,Abu Dhabi-Proton Racing,Porsche 911 RSR,LMGTE Am,,Nurburgring,6,2016,164,6:01:38.864,30 Laps,1 Laps,Michelin,Classified,143.0,1:59.408,154.9,Khaled AL QUBAISI,David HEINEMEIER HANSSON,Patrick LONG,2016_Nurburgring,LMGTE Am,GT (GTE Pro/Am),119.408
Gulf Racing #86,28,5,Gulf Racing,Porsche 911 RSR,LMGTE Am,,Nurburgring,6,2016,164,6:02:55.362,30 Laps,1'16.498,Michelin,Classified,123.0,2:00.073,154.0,Michael WAINWRIGHT,Adam CARROLL,Ben BARKER,2016_Nurburgring,LMGTE Am,GT (GTE Pro/Am),120.073
Ford Chip Ganassi Team UK #67,29,7,Ford Chip Ganassi Team UK,Ford GT,LMGTE Pro,,Nurburgring,6,2016,155,6:03:04.876,39 Laps,9 Laps,Michelin,Classified,133.0,1:57.297,157.7,Marino FRANCHITTI,Andy PRIAULX,Harry TINCKNELL,2016_Nurburgring,LMGTE Pro,GT (GTE Pro/Am),117.297
Manor #45,30,10,Manor,Oreca 05 - Nissan,LMP2,,Nurburgring,6,2016,149,5:03:58.056,45 Laps,6 Laps,Dunlop,Not classified,4.0,1:51.381,166.0,Matthew RAO,Richard BRADLEY,Roberto MERHI,2016_Nurburgring,LMP2,LMP2,111.381
Bykolles Racing Team #4,31,9,Bykolles Racing Team,CLM P1/01 - AER,LMP1,,Nurburgring,6,2016,98,3:12:07.342,96 Laps,51 Laps,Dunlop,Not classified,6.0,1:47.806,171.5,Simon TRUMMER,Oliver WEBB,Pierre KAFFER,2016_Nurburgring,LMP1,Top Class (LMP1/Hypercar),107.806
G-Drive Racing #26,32,11,G-Drive Racing,Oreca 05 - Nissan,LMP2,,Nurburgring,6,2016,74,2:26:40.040,120 Laps,24 Laps,Dunlop,Not classified,4.0,1:49.864,168.3,Roman RUSINOV,René RAST,Alex BRUNDLE,2016_Nurburgring,LMP2,LMP2,109.864
KCMG #78,33,6,KCMG,Porsche 911 RSR,LMGTE Am,,Nurburgring,6,2016,166,6:02:32.787,28 Laps,-92 Laps,Michelin,Excluded,3.0,1:59.893,154.2,Christian RIED,Wolf HENZLER,Joël CAMATHIAS,2016_Nurburgring,LMGTE Am,GT (GTE Pro/Am),119.893
Porsche Team #2,1,1,Porsche Team,Porsche 919 Hybrid,LMP1,H,LeMans,24,2016,384,24:00:38.449,,,Michelin,Classified,92.0,3:21.756,243.2,Romain DUMAS,Neel JANI,Marc LIEB,2016_LeMans,LMP1,Top Class (LMP1/Hypercar),201.756
Toyota Gazoo Racing #6,2,2,Toyota Gazoo Racing,Toyota TS050 - Hybrid,LMP1,H,LeMans,24,2016,381,24:03:32.958,3 Laps,3 Laps,Michelin,Classified,81.0,3:21.445,243.6,Stéphane SARRAZIN,Mike CONWAY,Kamui KOBAYASHI,2016_LeMans,LMP1,Top Class (LMP1/Hypercar),201.445
Audi Sport Team Joest #8,3,3,Audi Sport Team Joest,Audi R18,LMP1,H,LeMans,24,2016,372,24:03:30.210,12 Laps,9 Laps,Michelin,Classified,358.0,3:22.206,242.6,Lucas DI GRASSI,Loïc DUVAL,Oliver JARVIS,2016_LeMans,LMP1,Top Class (LMP1/Hypercar),202.206
Audi Sport Team Joest #7,4,4,Audi Sport Team Joest,Audi R18,LMP1,H,LeMans,24,2016,367,24:02:28.842,17 Laps,5 Laps,Michelin,Classified,211.0,3:23.043,241.6,Marcel FÄSSLER,André LOTTERER,Benoît TRÉLUYER,2016_LeMans,LMP1,Top Class (LMP1/Hypercar),203.043
Signatech Alpine #36,5,1,Signatech Alpine,Alpine A460 - Nissan,LMP2,,LeMans,24,2016,357,24:00:39.911,27 Laps,10 Laps,Dunlop,Classified,117.0,3:37.195,225.9,Gustavo MENEZES,Nicolas LAPIERRE,Stéphane RICHELMI,2016_LeMans,LMP2,LMP2,217.195
G-Drive Racing #26,6,2,G-Drive Racing,Oreca 05 - Nissan,LMP2,,LeMans,24,2016,357,24:03:20.551,27 Laps,2'40.640,Dunlop,Classified,345.0,3:36.558,226.6,Roman RUSINOV,Will STEVENS,René RAST,2016_LeMans,LMP2,LMP2,216.558
SMP Racing #37,7,3,SMP Racing,BR01 - Nissan,LMP2,,LeMans,24,2016,353,24:03:16.118,31 Laps,4 Laps,Dunlop,Classified,297.0,3:40.065,223.0,Vitaly PETROV,Victor SHAITAR,Kirill LADYGIN,2016_LeMans,LMP2,LMP2,220.065
Strakka Racing #42,8,4,Strakka Racing,Gibson 015S - Nissan,LMP2,,LeMans,24,2016,351,24:01:54.016,33 Laps,2 Laps,Dunlop,Classified,265.0,3:38.795,224.2,Nick LEVENTIS,Danny WATTS,Jonny KANE,2016_LeMans,LMP2,LMP2,218.79500000000002
Eurasia Motorsport #33,9,5,Eurasia Motorsport,Oreca 05 - Nissan,LMP2,,LeMans,24,2016,348,24:03:02.532,36 Laps,3 Laps,Dunlop,Classified,251.0,3:38.605,224.4,Junjin PU,Tristan GOMMENDY,Nico Pieter DE BRUIJN,2016_LeMans,LMP2,LMP2,218.605
Greaves Motorsport #41,10,6,Greaves Motorsport,Ligier JS P2 - Nissan,LMP2,,LeMans,24,2016,348,24:03:55.150,36 Laps,52.618,Dunlop,Classified,198.0,3:41.806,221.2,Memo ROJAS,Julien CANAL,Nathanaël BERTHON,2016_LeMans,LMP2,LMP2,221.80599999999998
SMP Racing #27,11,7,SMP Racing,BR01 - Nissan,LMP2,,LeMans,24,2016,347,24:01:29.276,37 Laps,1 Laps,Dunlop,Classified,315.0,3:39.445,223.6,Nicolas MINASSIAN,Maurizio MEDIANI,Mikhail ALESHIN,2016_LeMans,LMP2,LMP2,219.445
Panis Barthez Competition #23,12,8,Panis Barthez Competition,Ligier JS P2 - Nissan,LMP2,,LeMans,24,2016,347,24:03:19.601,37 Laps,1'50.325,Michelin,Classified,238.0,3:39.629,223.4,Fabien BARTHEZ,Paul Loup CHATIN,Timothé BURET,2016_LeMans,LMP2,LMP2,219.629
Porsche Team #1,13,5,Porsche Team,Porsche 919 Hybrid,LMP1,H,LeMans,24,2016,346,24:01:42.207,38 Laps,1 Laps,Michelin,Classified,74.0,3:21.816,243.1,Timo BERNHARD,Mark WEBBER,Brendon HARTLEY,2016_LeMans,LMP1,Top Class (LMP1/Hypercar),201.816
Michael Shank Racing #49,14,9,Michael Shank Racing,Ligier JS P2 - Honda,LMP2,,LeMans,24,2016,345,24:01:00.289,39 Laps,1 Laps,Dunlop,Classified,276.0,3:37.339,225.8,John PEW,Oswaldo NEGRI JR,Laurens VANTHOOR,2016_LeMans,LMP2,LMP2,217.339
RGR Sport by Morand #43,15,10,RGR Sport by Morand,Ligier JS P2 - Nissan,LMP2,,LeMans,24,2016,344,24:03:05.467,40 Laps,1 Laps,Dunlop,Classified,239.0,3:38.734,224.3,Ricardo GONZALEZ,Bruno SENNA,Filipe ALBUQUERQUE,2016_LeMans,LMP2,LMP2,218.734
Extreme Speed Motorsports #30,16,11,Extreme Speed Motorsports,Ligier JS P2 - Nissan,LMP2,,LeMans,24,2016,341,24:02:25.019,43 Laps,3 Laps,Dunlop,Classified,284.0,3:42.146,220.9,Scott SHARP,Ed BROWN,Johannes VAN OVERBEEK,2016_LeMans,LMP2,LMP2,222.14600000000002
Algarve Pro Racing #25,17,12,Algarve Pro Racing,Ligier JS P2 - Nissan,LMP2,,LeMans,24,2016,341,24:02:34.836,43 Laps,9.817,Dunlop,Classified,244.0,3:40.450,222.6,Michael MUNEMANN,Christopher HOY,Andrea PIZZITOLA,2016_LeMans,LMP2,LMP2,220.45
Ford Chip Ganassi Team USA #68,18,1,Ford Chip Ganassi Team USA,Ford GT,LMGTE Pro,,LeMans,24,2016,340,24:01:51.591,44 Laps,1 Laps,Michelin,Classified,311.0,3:51.840,211.6,Joey HAND,Dirk MÜLLER,Sébastien BOURDAIS,2016_LeMans,LMGTE Pro,GT (GTE Pro/Am),231.84
Risi Competizione #82,19,2,Risi Competizione,Ferrari 488 GTE,LMGTE Pro,,LeMans,24,2016,340,24:02:01.791,44 Laps,10.200,Michelin,Classified,194.0,3:52.269,211.2,Giancarlo FISICHELLA,Toni VILANDER,Matteo MALUCELLI,2016_LeMans,LMGTE Pro,GT (GTE Pro/Am),232.269
Ford Chip Ganassi Team USA #69,20,3,Ford Chip Ganassi Team USA,Ford GT,LMGTE Pro,,LeMans,24,2016,340,24:02:06.385,44 Laps,4.594,Michelin,Classified,329.0,3:51.514,211.9,Ryan BRISCOE,Richard WESTBROOK,Scott DIXON,2016_LeMans,LMGTE Pro,GT (GTE Pro/Am),231.514
Ford Chip Ganassi Team UK #66,21,4,Ford Chip Ganassi Team UK,Ford GT,LMGTE Pro,,LeMans,24,2016,339,24:03:54.438,45 Laps,1 Laps,Michelin,Classified,282.0,3:51.582,211.9,Olivier PLA,Stefan MÜCKE,Billy JOHNSON,2016_LeMans,LMGTE Pro,GT (GTE Pro/Am),231.582
Krohn Racing #40,22,13,Krohn Racing,Ligier JS P2 - Nissan,LMP2,,LeMans,24,2016,338,24:01:46.760,46 Laps,1 Laps,Michelin,Classified,326.0,3:39.988,223.0,Tracy KROHN,Niclas JÖNSSON,João BARBOSA,2016_LeMans,LMP2,LMP2,219.988
Aston Martin Racing #95,23,5,Aston Martin Racing,Aston Martin Vantage,LMGTE Pro,,LeMans,24,2016,338,24:03:29.867,46 Laps,1'43.107,Dunlop,Classified,219.0,3:53.293,210.3,Nicki THIIM,Marco SØRENSEN,Darren TURNER,2016_LeMans,LMGTE Pro,GT (GTE Pro/Am),233.293
Aston Martin Racing #97,24,6,Aston Martin Racing,Aston Martin Vantage,LMGTE Pro,,LeMans,24,2016,337,24:03:04.755,47 Laps,1 Laps,Dunlop,Classified,291.0,3:53.809,209.8,Richie STANAWAY,Fernando REES,Jonathan ADAM,2016_LeMans,LMGTE Pro,GT (GTE Pro/Am),233.809
Corvette Racing - GM #63,25,7,Corvette Racing - GM,Chevrolet Corvette C7.R,LMGTE Pro,,LeMans,24,2016,336,24:03:42.578,48 Laps,1 Laps,Michelin,Classified,271.0,3:53.398,210.2,Jan MAGNUSSEN,Antonio GARCIA,Ricky TAYLOR,2016_LeMans,LMGTE Pro,GT (GTE Pro/Am),233.398
Scuderia Corsa #62,26,1,Scuderia Corsa,Ferrari 458 Italia,LMGTE Am,,LeMans,24,2016,331,24:01:02.654,53 Laps,5 Laps,Michelin,Classified,80.0,3:56.671,207.3,William SWEEDLER,Townsend BELL,Jeffrey SEGAL,2016_LeMans,LMGTE Am,GT (GTE Pro/Am),236.671
AF Corse #83,27,2,AF Corse,Ferrari F458 Italia,LMGTE Am,,LeMans,24,2016,331,24:03:57.551,53 Laps,2'54.897,Michelin,Classified,270.0,3:56.639,207.3,François PERRODO,Emmanuel COLLARD,Rui AGUAS,2016_LeMans,LMGTE Am,GT (GTE Pro/Am),236.639
Abu Dhabi-Proton Racing #88,28,3,Abu Dhabi-Proton Racing,Porsche 911 RSR,LMGTE Am,,LeMans,24,2016,330,24:01:51.085,54 Laps,1 Laps,Michelin,Classified,278.0,3:57.989,206.2,Khaled AL QUBAISI,David HEINEMEIER HANSSON,Patrick LONG,2016_LeMans,LMGTE Am,GT (GTE Pro/Am),237.989
Rebellion Racing #12,29,6,Rebellion Racing,Rebellion R-One - AER,LMP1,,LeMans,24,2016,330,24:02:18.466,54 Laps,27.381,Dunlop,Classified,89.0,3:26.838,237.2,Nicolas PROST,Nick HEIDFELD,Nelson PIQUET JR,2016_LeMans,LMP1,Top Class (LMP1/Hypercar),206.838
Clearwater Racing #61,30,4,Clearwater Racing,Ferrari 458 Italia,LMGTE Am,,LeMans,24,2016,329,24:03:10.252,55 Laps,1 Laps,Michelin,Classified,232.0,3:57.339,206.7,Weng MOK,Keita SAWA,Robert BELL,2016_LeMans,LMGTE Am,GT (GTE Pro/Am),237.339
Dempsey - Proton Racing #77,31,8,Dempsey - Proton Racing,Porsche 911 RSR (2016),LMGTE Pro,,LeMans,24,2016,329,24:04:12.246,55 Laps,1'01.994,Michelin,Classified,91.0,3:54.377,209.3,Richard LIETZ,Michael CHRISTENSEN,Philipp ENG,2016_LeMans,LMGTE Pro,GT (GTE Pro/Am),234.377
SO24 ! By Lombard Racing #22,32,14,SO24 ! By Lombard Racing,Ligier JS P2 - Judd,LMP2,,LeMans,24,2016,328,24:01:21.362,56 Laps,1 Laps,Dunlop,Classified,276.0,3:43.769,219.3,Vincent CAPILLAIRE,Erik MARIS,Jonathan COLEMAN,2016_LeMans,LMP2,LMP2,223.769
Gulf Racing #86,33,5,Gulf Racing,Porsche 911 RSR,LMGTE Am,,LeMans,24,2016,328,24:03:27.834,56 Laps,2'06.472,Michelin,Classified,138.0,3:58.004,206.1,Michael WAINWRIGHT,Adam CARROLL,Ben BARKER,2016_LeMans,LMGTE Am,GT (GTE Pro/Am),238.004
Murphy Prototypes #48,34,15,Murphy Prototypes,Oreca 03R - Nissan,LMP2,,LeMans,24,2016,323,24:00:48.536,61 Laps,5 Laps,Dunlop,Classified,280.0,3:41.582,221.4,Ben KEATING,Jeroen BLEEKEMOLEN,Marc GOOSSENS,2016_LeMans,LMP2,LMP2,221.582
Formula Racing #60,35,6,Formula Racing,Ferrari 458 Italia,LMGTE Am,,LeMans,24,2016,319,24:03:00.107,65 Laps,4 Laps,Michelin,Classified,109.0,3:57.218,206.8,Johnny LAURSEN,Mikkel MAC,Christina NIELSEN,2016_LeMans,LMGTE Am,GT (GTE Pro/Am),237.21800000000002
Aston Martin Racing #99,36,7,Aston Martin Racing,Aston Martin V8 Vantage,LMGTE Am,,LeMans,24,2016,318,24:04:40.265,66 Laps,1 Laps,Dunlop,Classified,288.0,3:58.503,205.7,Andrew HOWARD,Liam GRIFFIN,Gary HIRSCH,2016_LeMans,LMGTE Am,GT (GTE Pro/Am),238.503
Larbre Competition #50,37,8,Larbre Competition,Chevrolet Corvette C7-Z06,LMGTE Am,,LeMans,24,2016,316,24:02:55.234,68 Laps,2 Laps,Michelin,Classified,212.0,3:57.739,206.4,Yutaka YAMAGISHI,Pierre RAGUES,Jean-Philippe BELLOC,2016_LeMans,LMGTE Am,GT (GTE Pro/Am),237.739
SRT41 By OAK Racing #84,38,1,SRT41 By OAK Racing,Morgan LMP2 - Nissan,CDNT,,LeMans,24,2016,315,24:04:21.786,69 Laps,1 Laps,Michelin,Classified,199.0,3:46.131,217.0,Frédéric SAUSSET,Christophe TINSEAU,Jean Bernard BOUVET,2016_LeMans,Experimental,Experimental,226.131
Team AAI #57,39,9,Team AAI,Chevrolet Corvette C7-Z06,LMGTE Am,,LeMans,24,2016,306,24:01:05.718,78 Laps,9 Laps,Michelin,Classified,193.0,3:57.939,206.2,Johnny O'CONNEL,Oliver BRYANT,Mark PATTERSON,2016_LeMans,LMGTE Am,GT (GTE Pro/Am),237.939
Ford Chip Ganassi Team UK #67,40,9,Ford Chip Ganassi Team UK,Ford GT,LMGTE Pro,,LeMans,24,2016,306,24:03:54.471,78 Laps,2'48.753,Michelin,Classified,216.0,3:52.453,211.1,Marino FRANCHITTI,Andy PRIAULX,Harry TINCKNELL,2016_LeMans,LMGTE Pro,GT (GTE Pro/Am),232.453
KCMG #78,41,10,KCMG,Porsche 911 RSR,LMGTE Am,,LeMans,24,2016,300,24:02:46.481,84 Laps,6 Laps,Michelin,Classified,206.0,3:58.417,205.8,Christian RIED,Wolf HENZLER,Joël CAMATHIAS,2016_LeMans,LMGTE Am,GT (GTE Pro/Am),238.417
Extreme Speed Motorsports #31,42,16,Extreme Speed Motorsports,Ligier JS P2 - Nissan,LMP2,,LeMans,24,2016,297,24:02:25.007,87 Laps,3 Laps,Dunlop,Classified,205.0,3:39.156,223.9,Ryan DALZIEL,Luis Felipe DERANI,Chris CUMMING,2016_LeMans,LMP2,LMP2,219.156
AF Corse #55,43,11,AF Corse,Ferrari 458 Italia,LMGTE Am,,LeMans,24,2016,289,24:02:13.322,95 Laps,8 Laps,Michelin,Classified,206.0,3:56.634,207.3,Duncan CAMERON,Matt GRIFFIN,Aaron SCOTT,2016_LeMans,LMGTE Am,GT (GTE Pro/Am),236.63400000000001
Race Performance #34,44,17,Race Performance,Oreca 03R - Judd,LMP2,,LeMans,24,2016,289,24:04:39.781,95 Laps,2'26.459,Dunlop,Classified,198.0,3:43.647,219.4,Nicolas LEUTWILER,Shinji NAKANO,James WINSLOW,2016_LeMans,LMP2,LMP2,223.647
Toyota Gazoo Racing #5,45,7,Toyota Gazoo Racing,Toyota TS050 - Hybrid,LMP1,H,LeMans,24,2016,384,24:08:26.824,7'48.375,-95 Laps,Michelin,Not classified,275.0,3:22.495,242.3,Anthony DAVIDSON,Sébastien BUEMI,Kazuki NAKAJIMA,2016_LeMans,LMP1,Top Class (LMP1/Hypercar),202.495
Pegasus Racing #28,46,18,Pegasus Racing,Morgan - Nissan,LMP2,,LeMans,24,2016,292,22:31:32.877,92 Laps,92 Laps,Michelin,Not classified,186.0,3:41.670,221.3,Inès TAITTINGER,Rémy STRIEBIG,Léo ROUSSEL,2016_LeMans,LMP2,LMP2,221.67000000000002
Aston Martin Racing #98,47,12,Aston Martin Racing,Aston Martin V8 Vantage,LMGTE Am,,LeMans,24,2016,281,20:59:19.527,103 Laps,11 Laps,Dunlop,Not classified,84.0,3:57.718,206.4,Paul DALLA LANA,Pedro LAMY,Mathias LAUDA,2016_LeMans,LMGTE Am,GT (GTE Pro/Am),237.71800000000002
G-Drive Racing #38,48,19,G-Drive Racing,Gibson 015S - Nissan,LMP2,,LeMans,24,2016,222,15:19:54.766,162 Laps,59 Laps,Dunlop,Not classified,150.0,3:40.274,222.7,Simon DOLAN,Jake DENNIS,Giedo VAN DER GARDE,2016_LeMans,LMP2,LMP2,220.274
Rebellion Racing #13,49,8,Rebellion Racing,Rebellion R-One - AER,LMP1,,LeMans,24,2016,200,13:26:30.853,184 Laps,22 Laps,Dunlop,Not classified,66.0,3:26.957,237.1,Mathéo TUSCHER,Alexandre IMPERATORI,Dominik KRAIHAMER,2016_LeMans,LMP1,Top Class (LMP1/Hypercar),206.957
Manor #44,50,20,Manor,Oreca 05 - Nissan,LMP2,,LeMans,24,2016,283,20:21:43.277,101 Laps,-83 Laps,Dunlop,Retired,257.0,3:36.259,226.9,Tor GRAVES,Matthew RAO,Roberto MERHI,2016_LeMans,LMP2,LMP2,216.25900000000001
Thiriet By Tds Racing #46,51,21,Thiriet By Tds Racing,Oreca 05 - Nissan,LMP2,,LeMans,24,2016,241,16:32:51.162,143 Laps,42 Laps,Dunlop,Retired,104.0,3:37.957,225.1,Pierre THIRIET,Mathias BECHE,Ryo HIRAKAWA,2016_LeMans,LMP2,LMP2,217.957
Baxi DC Racing Alpine #35,52,22,Baxi DC Racing Alpine,Alpine A460 - Nissan,LMP2,,LeMans,24,2016,234,16:04:45.068,150 Laps,7 Laps,Dunlop,Retired,216.0,3:37.444,225.6,David CHENG,Ho-Pin TUNG,Nelson PANCIATICI,2016_LeMans,LMP2,LMP2,217.44400000000002
Corvette Racing - GM #64,53,10,Corvette Racing - GM,Chevrolet Corvette C7.R,LMGTE Pro,,LeMans,24,2016,219,15:46:31.096,165 Laps,15 Laps,Michelin,Retired,198.0,3:54.359,209.4,Oliver GAVIN,Tommy MILNER,Jordan TAYLOR,2016_LeMans,LMGTE Pro,GT (GTE Pro/Am),234.359
Bykolles Racing Team #4,54,9,Bykolles Racing Team,CLM P1/01 - AER,LMP1,,LeMans,24,2016,206,16:11:39.684,178 Laps,13 Laps,Dunlop,Retired,61.0,3:36.288,226.8,Simon TRUMMER,Oliver WEBB,Pierre KAFFER,2016_LeMans,LMP1,Top Class (LMP1/Hypercar),216.288
AF Corse #51,55,11,AF Corse,Ferrari 488 GTE,LMGTE Pro,,LeMans,24,2016,179,13:45:16.177,205 Laps,27 Laps,Michelin,Retired,67.0,3:52.541,211.0,Gianmaria BRUNI,James CALADO,Alessandro PIER GUIDI,2016_LeMans,LMGTE Pro,GT (GTE Pro/Am),232.541
AF Corse #71,56,12,AF Corse,Ferrari 488 GTE,LMGTE Pro,,LeMans,24,2016,143,10:35:29.729,241 Laps,36 Laps,Michelin,Retired,98.0,3:53.434,210.2,Davide RIGON,Sam BIRD,Andrea BERTOLINI,2016_LeMans,LMGTE Pro,GT (GTE Pro/Am),233.434
Porsche Motorsport #92,57,13,Porsche Motorsport,Porsche 911 RSR (2016),LMGTE Pro,,LeMans,24,2016,140,11:32:34.506,244 Laps,3 Laps,Michelin,Retired,107.0,3:53.500,210.1,Frédéric MAKOWIECKI,Earl BAMBER,Jörg BERGMEISTER,2016_LeMans,LMGTE Pro,GT (GTE Pro/Am),233.5
Porsche Motorsport #91,58,14,Porsche Motorsport,Porsche 911 RSR (2016),LMGTE Pro,,LeMans,24,2016,135,9:52:00.744,249 Laps,5 Laps,Michelin,Retired,63.0,3:53.754,209.9,Patrick PILET,Kevin ESTRE,Nick TANDY,2016_LeMans,LMGTE Pro,GT (GTE Pro/Am),233.754
KCMG #47,59,23,KCMG,Oreca 05 - Nissan,LMP2,,LeMans,24,2016,116,9:27:09.828,268 Laps,19 Laps,Dunlop,Retired,37.0,3:39.650,223.4,Tsugio MATSUDA,Matthew HOWSON,Richard BRADLEY,2016_LeMans,LMP2,LMP2,219.65
Proton Competition #89,60,13,Proton Competition,Porsche 911 RSR,LMGTE Am,,LeMans,24,2016,50,3:53:49.528,334 Laps,66 Laps,Michelin,Retired,33.0,4:01.419,203.2,Cooper MACNEIL,Lehman KEEN,Marc MILLER,2016_LeMans,LMGTE Am,GT (GTE Pro/Am),241.419
Porsche Team #1,1,1,Porsche Team,Porsche 919 Hybrid,LMP1,H,Shanghai,6,2016,195,6:00:27.901,,,Michelin,Classified,7.0,1:45.935,185.2,Timo BERNHARD,Mark WEBBER,Brendon HARTLEY,2016_Shanghai,LMP1,Top Class (LMP1/Hypercar),105.935
Toyota Gazoo Racing #6,2,2,Toyota Gazoo Racing,Toyota TS050 - Hybrid,LMP1,H,Shanghai,6,2016,195,6:01:27.686,59.785,59.785,Michelin,Classified,6.0,1:46.822,183.7,Stéphane SARRAZIN,Mike CONWAY,Kamui KOBAYASHI,2016_Shanghai,LMP1,Top Class (LMP1/Hypercar),106.822
Toyota Gazoo Racing #5,3,3,Toyota Gazoo Racing,Toyota TS050 - Hybrid,LMP1,H,Shanghai,6,2016,195,6:01:33.939,1'06.038,6.253,Michelin,Classified,7.0,1:46.791,183.8,Anthony DAVIDSON,Sébastien BUEMI,Kazuki NAKAJIMA,2016_Shanghai,LMP1,Top Class (LMP1/Hypercar),106.791
Porsche Team #2,4,4,Porsche Team,Porsche 919 Hybrid,LMP1,H,Shanghai,6,2016,195,6:02:08.756,1'40.855,34.817,Michelin,Classified,7.0,1:46.847,183.7,Romain DUMAS,Neel JANI,Marc LIEB,2016_Shanghai,LMP1,Top Class (LMP1/Hypercar),106.84700000000001
Audi Sport Team Joest #8,5,5,Audi Sport Team Joest,Audi R18,LMP1,H,Shanghai,6,2016,192,6:00:53.327,3 Laps,3 Laps,Michelin,Classified,7.0,1:46.185,184.8,Lucas DI GRASSI,Loïc DUVAL,Oliver JARVIS,2016_Shanghai,LMP1,Top Class (LMP1/Hypercar),106.185
Audi Sport Team Joest #7,6,6,Audi Sport Team Joest,Audi R18,LMP1,H,Shanghai,6,2016,181,6:01:31.997,14 Laps,11 Laps,Michelin,Classified,91.0,1:46.857,183.6,Marcel FÄSSLER,André LOTTERER,Benoît TRÉLUYER,2016_Shanghai,LMP1,Top Class (LMP1/Hypercar),106.857
Bykolles Racing Team #4,7,7,Bykolles Racing Team,CLM P1/01 - AER,LMP1,,Shanghai,6,2016,181,6:01:41.377,14 Laps,9.380,Dunlop,Classified,5.0,1:53.065,173.6,Simon TRUMMER,Oliver WEBB,Pierre KAFFER,2016_Shanghai,LMP1,Top Class (LMP1/Hypercar),113.065
G-Drive Racing #26,8,1,G-Drive Racing,Oreca 05 - Nissan,LMP2,,Shanghai,6,2016,180,6:02:05.593,15 Laps,1 Laps,Dunlop,Classified,157.0,1:55.763,169.5,Roman RUSINOV,Will STEVENS,Alex BRUNDLE,2016_Shanghai,LMP2,LMP2,115.763
Extreme Speed Motorsports #30,9,2,Extreme Speed Motorsports,LIGIER JS P2 - Nissan,LMP2,,Shanghai,6,2016,179,6:01:25.266,16 Laps,1 Laps,Dunlop,Classified,8.0,1:56.324,168.7,Antonio GIOVINAZZI,Tom BLOMQVIST,Sean GELAEL,2016_Shanghai,LMP2,LMP2,116.324
RGR Sport by Morand #43,10,3,RGR Sport by Morand,LIGIER JS P2 - Nissan,LMP2,,Shanghai,6,2016,179,6:01:51.424,16 Laps,26.158,Dunlop,Classified,84.0,1:55.739,169.6,Ricardo GONZALEZ,Filipe ALBUQUERQUE,Bruno SENNA,2016_Shanghai,LMP2,LMP2,115.739
Signatech Alpine #36,11,4,Signatech Alpine,Alpine A460 - Nissan,LMP2,,Shanghai,6,2016,179,6:01:51.933,16 Laps,0.509,Dunlop,Classified,6.0,1:56.375,168.6,Gustavo MENEZES,Nicolas LAPIERRE,Stéphane RICHELMI,2016_Shanghai,LMP2,LMP2,116.375
Extreme Speed Motorsports #31,12,5,Extreme Speed Motorsports,LIGIER JS P2 - Nissan,LMP2,,Shanghai,6,2016,179,6:02:23.055,16 Laps,31.122,Dunlop,Classified,122.0,1:56.224,168.8,Ryan DALZIEL,Luis Felipe DERANI,Christopher CUMMING,2016_Shanghai,LMP2,LMP2,116.22399999999999
SMP Racing #27,13,6,SMP Racing,BR01 - Nissan,LMP2,,Shanghai,6,2016,177,6:01:19.094,18 Laps,2 Laps,Dunlop,Classified,7.0,1:57.036,167.7,Nicolas MINASSIAN,Maurizio MEDIANI,Mikhail ALESHIN,2016_Shanghai,LMP2,LMP2,117.036
SMP Racing #37,14,7,SMP Racing,BR01 - Nissan,LMP2,,Shanghai,6,2016,177,6:02:01.807,18 Laps,42.713,Dunlop,Classified,9.0,1:57.419,167.1,Vitaly PETROV,Kirill LADYGIN,Victor SHAITAR,2016_Shanghai,LMP2,LMP2,117.419
Baxi DC Racing Alpine #35,15,8,Baxi DC Racing Alpine,Alpine A460 - Nissan,LMP2,,Shanghai,6,2016,176,6:00:52.108,19 Laps,1 Laps,Dunlop,Classified,9.0,1:57.211,167.4,David CHENG,Ho-Pin TUNG,Paul Loup CHATIN,2016_Shanghai,LMP2,LMP2,117.211
Manor #44,16,9,Manor,Oreca 05 - Nissan,LMP2,,Shanghai,6,2016,174,6:01:46.943,21 Laps,2 Laps,Dunlop,Classified,132.0,1:55.490,169.9,Matthew RAO,Richard BRADLEY,Alex LYNN,2016_Shanghai,LMP2,LMP2,115.49000000000001
Ford Chip Ganassi Team UK #67,17,1,Ford Chip Ganassi Team UK,Ford GT,LMGTE Pro,,Shanghai,6,2016,170,6:00:54.799,25 Laps,4 Laps,Michelin,Classified,5.0,2:02.217,160.6,Andy PRIAULX,Harry TINCKNELL,,2016_Shanghai,LMGTE Pro,GT (GTE Pro/Am),122.217
Ford Chip Ganassi Team UK #66,18,2,Ford Chip Ganassi Team UK,Ford GT,LMGTE Pro,,Shanghai,6,2016,170,6:01:45.451,25 Laps,50.652,Michelin,Classified,4.0,2:02.759,159.9,Stefan MÜCKE,Olivier PLA,,2016_Shanghai,LMGTE Pro,GT (GTE Pro/Am),122.759
AF Corse #51,19,3,AF Corse,Ferrari 488 GTE,LMGTE Pro,,Shanghai,6,2016,170,6:02:08.166,25 Laps,22.715,Michelin,Classified,5.0,2:02.764,159.8,Gianmaria BRUNI,James CALADO,,2016_Shanghai,LMGTE Pro,GT (GTE Pro/Am),122.764
Aston Martin Racing #95,20,4,Aston Martin Racing,Aston Martin Vantage V8,LMGTE Pro,,Shanghai,6,2016,170,6:02:33.649,25 Laps,25.483,Dunlop,Classified,31.0,2:03.510,158.9,Nicki THIIM,Marco SØRENSEN,,2016_Shanghai,LMGTE Pro,GT (GTE Pro/Am),123.51
AF Corse #71,21,5,AF Corse,Ferrari 488 GTE,LMGTE Pro,,Shanghai,6,2016,168,6:01:02.117,27 Laps,2 Laps,Michelin,Classified,4.0,2:03.563,158.8,Davide RIGON,Sam BIRD,,2016_Shanghai,LMGTE Pro,GT (GTE Pro/Am),123.563
Dempsey - Proton Racing #77,22,6,Dempsey - Proton Racing,Porsche 911 RSR (2016),LMGTE Pro,,Shanghai,6,2016,168,6:01:18.158,27 Laps,16.041,Michelin,Classified,4.0,2:04.098,158.1,Richard LIETZ,Michael CHRISTENSEN,,2016_Shanghai,LMGTE Pro,GT (GTE Pro/Am),124.098
Aston Martin Racing #98,23,1,Aston Martin Racing,Aston Martin Vantage V8,LMGTE Am,,Shanghai,6,2016,166,6:01:09.426,29 Laps,2 Laps,Michelin,Classified,4.0,2:04.734,157.3,Paul DALLA LANA,Pedro LAMY,Mathias LAUDA,2016_Shanghai,LMGTE Am,GT (GTE Pro/Am),124.734
Rebellion Racing #13,24,8,Rebellion Racing,Rebellion R-One - AER,LMP1,,Shanghai,6,2016,166,6:01:50.096,29 Laps,40.670,Dunlop,Classified,6.0,1:50.973,176.8,Mathéo TUSCHER,Dominik KRAIHAMER,Alexandre IMPERATORI,2016_Shanghai,LMP1,Top Class (LMP1/Hypercar),110.973
AF Corse #83,25,2,AF Corse,Ferrari F458 Italia,LMGTE Am,,Shanghai,6,2016,166,6:02:03.449,29 Laps,13.353,Michelin,Classified,5.0,2:04.953,157.0,François PERRODO,Emmanuel COLLARD,Rui AGUAS,2016_Shanghai,LMGTE Am,GT (GTE Pro/Am),124.953
KCMG #78,26,3,KCMG,Porsche 911 RSR,LMGTE Am,,Shanghai,6,2016,166,6:02:11.263,29 Laps,7.814,Michelin,Classified,5.0,2:05.251,156.7,Christian RIED,Wolf HENZLER,Joël CAMATHIAS,2016_Shanghai,LMGTE Am,GT (GTE Pro/Am),125.251
Abu Dhabi-Proton Racing #88,27,4,Abu Dhabi-Proton Racing,Porsche 911 RSR,LMGTE Am,,Shanghai,6,2016,166,6:02:22.849,29 Laps,11.586,Michelin,Classified,6.0,2:05.247,156.7,Khaled AL QUBAISI,David HEINEMEIER HANSSON,Patrick LONG,2016_Shanghai,LMGTE Am,GT (GTE Pro/Am),125.247
Larbre Competition #50,28,5,Larbre Competition,Chevrolet Corvette C7-Z06,LMGTE Am,,Shanghai,6,2016,164,6:01:45.312,31 Laps,2 Laps,Michelin,Classified,5.0,2:05.732,156.1,Pierre RAGUES,Ricky TAYLOR,Romain BRANDELA,2016_Shanghai,LMGTE Am,GT (GTE Pro/Am),125.732
Gulf Racing #86,29,6,Gulf Racing,Porsche 911 RSR,LMGTE Am,,Shanghai,6,2016,164,6:02:29.774,31 Laps,44.462,Michelin,Classified,4.0,2:05.555,156.3,Michael WAINWRIGHT,Adam CARROLL,Ben BARKER,2016_Shanghai,LMGTE Am,GT (GTE Pro/Am),125.555
Aston Martin Racing #97,30,7,Aston Martin Racing,Aston Martin Vantage V8,LMGTE Pro,,Shanghai,6,2016,1,3:37.142,194 Laps,163 Laps,Dunlop,Not classified,,,,Richie STANAWAY,Darren TURNER,,2016_Shanghai,LMGTE Pro,GT (GTE Pro/Am),
Manor #45,31,10,Manor,Oreca 05 - Nissan,LMP2,,Shanghai,6,2016,0,,195 Laps,1 Laps,Dunlop,Not classified,,,,Tor GRAVES,Roberto GONZALEZ,Mathias BECHE,2016_Shanghai,LMP2,LMP2,
Porsche Team #1,1,1,Porsche Team,Porsche 919 Hybrid,LMP1,H,Mexico,6,2016,230,6:00:43.702,,,Michelin,Classified,114.0,1:25.880,180.4,Timo BERNHARD,Mark WEBBER,Brendon HARTLEY,2016_Mexico,LMP1,Top Class (LMP1/Hypercar),85.88
Audi Sport Team Joest #7,2,2,Audi Sport Team Joest,Audi R18,LMP1,H,Mexico,6,2016,230,6:01:45.144,1'01.442,1'01.442,Michelin,Classified,57.0,1:26.083,180.0,Marcel FÄSSLER,André LOTTERER,,2016_Mexico,LMP1,Top Class (LMP1/Hypercar),86.083
Toyota Gazoo Racing #6,3,3,Toyota Gazoo Racing,Toyota TS050 - Hybrid,LMP1,H,Mexico,6,2016,230,6:01:53.411,1'09.709,8.267,Michelin,Classified,182.0,1:26.567,179.0,Stéphane SARRAZIN,Mike CONWAY,Kamui KOBAYASHI,2016_Mexico,LMP1,Top Class (LMP1/Hypercar),86.56700000000001
Porsche Team #2,4,4,Porsche Team,Porsche 919 Hybrid,LMP1,H,Mexico,6,2016,230,6:02:13.706,1'30.004,20.295,Michelin,Classified,63.0,1:26.531,179.1,Romain DUMAS,Neel JANI,Marc LIEB,2016_Mexico,LMP1,Top Class (LMP1/Hypercar),86.531
Rebellion Racing #13,5,5,Rebellion Racing,Rebellion R-One - AER,LMP1,,Mexico,6,2016,218,6:01:44.598,12 Laps,12 Laps,Dunlop,Classified,183.0,1:30.710,170.8,Mathéo TUSCHER,Dominik KRAIHAMER,Alexandre IMPERATORI,2016_Mexico,LMP1,Top Class (LMP1/Hypercar),90.71000000000001
RGR Sport by Morand #43,6,1,RGR Sport by Morand,LIGIER JS P2 - Nissan,LMP2,,Mexico,6,2016,210,6:01:12.588,20 Laps,8 Laps,Dunlop,Classified,28.0,1:35.702,161.9,Ricardo GONZALEZ,Filipe ALBUQUERQUE,Bruno SENNA,2016_Mexico,LMP2,LMP2,95.702
Signatech Alpine #36,7,2,Signatech Alpine,Alpine A460 - Nissan,LMP2,,Mexico,6,2016,210,6:01:14.573,20 Laps,1.985,Dunlop,Classified,173.0,1:36.026,161.4,Gustavo MENEZES,Nicolas LAPIERRE,Stéphane RICHELMI,2016_Mexico,LMP2,LMP2,96.02600000000001
Extreme Speed Motorsports #31,8,3,Extreme Speed Motorsports,LIGIER JS P2 - Nissan,LMP2,,Mexico,6,2016,207,6:01:19.980,23 Laps,3 Laps,Michelin,Classified,172.0,1:36.335,160.8,Ryan DALZIEL,Luis Felipe DERANI,Christopher CUMMING,2016_Mexico,LMP2,LMP2,96.33500000000001
Strakka Racing #42,9,4,Strakka Racing,Gibson 015S - Nissan,LMP2,,Mexico,6,2016,207,6:02:06.005,23 Laps,46.025,Dunlop,Classified,175.0,1:36.995,159.7,Nick LEVENTIS,Lewis WILLIAMSON,Jonny KANE,2016_Mexico,LMP2,LMP2,96.995
Greaves Motorsport #41,10,5,Greaves Motorsport,Gibson 015S - Nissan,LMP2,,Mexico,6,2016,207,6:02:38.532,23 Laps,32.527,Dunlop,Classified,176.0,1:37.027,159.7,Roberto GONZALEZ,Bruno JUNQUEIRA,Luis DIAZ,2016_Mexico,LMP2,LMP2,97.027
Baxi DC Racing Alpine #35,11,6,Baxi DC Racing Alpine,Alpine A460 - Nissan,LMP2,,Mexico,6,2016,206,6:01:19.643,24 Laps,1 Laps,Dunlop,Classified,64.0,1:36.248,161.0,David CHENG,Ho-Pin TUNG,Nelson PANCIATICI,2016_Mexico,LMP2,LMP2,96.24799999999999
SMP Racing #27,12,7,SMP Racing,BR01 - Nissan,LMP2,,Mexico,6,2016,206,6:01:22.453,24 Laps,2.810,Dunlop,Classified,167.0,1:37.372,159.1,Nicolas MINASSIAN,Maurizio MEDIANI,,2016_Mexico,LMP2,LMP2,97.372
G-Drive Racing #26,13,8,G-Drive Racing,Oreca 05 - Nissan,LMP2,,Mexico,6,2016,205,6:01:25.864,25 Laps,1 Laps,Dunlop,Classified,24.0,1:35.925,161.5,Roman RUSINOV,René RAST,Alex BRUNDLE,2016_Mexico,LMP2,LMP2,95.925
Extreme Speed Motorsports #30,14,9,Extreme Speed Motorsports,LIGIER JS P2 - Nissan,LMP2,,Mexico,6,2016,204,6:00:54.134,26 Laps,1 Laps,Michelin,Classified,80.0,1:37.813,158.4,Scott SHARP,Ed BROWN,Johannes VAN OVERBEEK,2016_Mexico,LMP2,LMP2,97.813
Aston Martin Racing #97,15,1,Aston Martin Racing,Aston Martin Vantage V8,LMGTE Pro,,Mexico,6,2016,202,6:01:30.739,28 Laps,2 Laps,Dunlop,Classified,78.0,1:40.633,154.0,Richie STANAWAY,Darren TURNER,,2016_Mexico,LMGTE Pro,GT (GTE Pro/Am),100.63300000000001
AF Corse #51,16,2,AF Corse,Ferrari 488 GTE,LMGTE Pro,,Mexico,6,2016,202,6:01:40.176,28 Laps,9.437,Michelin,Classified,148.0,1:41.025,153.4,Gianmaria BRUNI,James CALADO,,2016_Mexico,LMGTE Pro,GT (GTE Pro/Am),101.025
Aston Martin Racing #95,17,3,Aston Martin Racing,Aston Martin Vantage V8,LMGTE Pro,,Mexico,6,2016,202,6:01:48.981,28 Laps,8.805,Dunlop,Classified,77.0,1:40.478,154.2,Nicki THIIM,Marco SØRENSEN,,2016_Mexico,LMGTE Pro,GT (GTE Pro/Am),100.47800000000001
AF Corse #71,18,4,AF Corse,Ferrari 488 GTE,LMGTE Pro,,Mexico,6,2016,201,6:00:44.919,29 Laps,1 Laps,Michelin,Classified,180.0,1:41.487,152.7,Davide RIGON,Sam BIRD,,2016_Mexico,LMGTE Pro,GT (GTE Pro/Am),101.487
Ford Chip Ganassi Team UK #67,19,5,Ford Chip Ganassi Team UK,Ford GT,LMGTE Pro,,Mexico,6,2016,201,6:01:45.701,29 Laps,1'00.782,Michelin,Classified,166.0,1:41.234,153.1,Marino FRANCHITTI,Andy PRIAULX,Harry TINCKNELL,2016_Mexico,LMGTE Pro,GT (GTE Pro/Am),101.23400000000001
Dempsey - Proton Racing #77,20,6,Dempsey - Proton Racing,Porsche 911 RSR (2016),LMGTE Pro,,Mexico,6,2016,201,6:02:05.757,29 Laps,20.056,Michelin,Classified,171.0,1:41.661,152.4,Richard LIETZ,Michael CHRISTENSEN,,2016_Mexico,LMGTE Pro,GT (GTE Pro/Am),101.661
Bykolles Racing Team #4,21,6,Bykolles Racing Team,CLM P1/01 - AER,LMP1,,Mexico,6,2016,199,6:01:06.959,31 Laps,2 Laps,Dunlop,Classified,2.0,1:32.118,168.2,Simon TRUMMER,Oliver WEBB,Pierre KAFFER,2016_Mexico,LMP1,Top Class (LMP1/Hypercar),92.118
Abu Dhabi-Proton Racing #88,22,1,Abu Dhabi-Proton Racing,Porsche 911 RSR,LMGTE Am,,Mexico,6,2016,197,6:01:39.852,33 Laps,2 Laps,Michelin,Classified,178.0,1:42.328,151.4,Khaled AL QUBAISI,David HEINEMEIER HANSSON,Patrick LONG,2016_Mexico,LMGTE Am,GT (GTE Pro/Am),102.328
AF Corse #83,23,2,AF Corse,Ferrari F458 Italia,LMGTE Am,,Mexico,6,2016,196,6:00:52.159,34 Laps,1 Laps,Michelin,Classified,175.0,1:42.795,150.7,François PERRODO,Emmanuel COLLARD,Rui AGUAS,2016_Mexico,LMGTE Am,GT (GTE Pro/Am),102.795
KCMG #78,24,3,KCMG,Porsche 911 RSR,LMGTE Am,,Mexico,6,2016,196,6:01:09.914,34 Laps,17.755,Michelin,Classified,105.0,1:42.474,151.2,Christian RIED,Wolf HENZLER,Joël CAMATHIAS,2016_Mexico,LMGTE Am,GT (GTE Pro/Am),102.47399999999999
Gulf Racing #86,25,4,Gulf Racing,Porsche 911 RSR,LMGTE Am,,Mexico,6,2016,196,6:01:43.768,34 Laps,33.854,Michelin,Classified,3.0,1:42.204,151.6,Michael WAINWRIGHT,Adam CARROLL,Ben BARKER,2016_Mexico,LMGTE Am,GT (GTE Pro/Am),102.20400000000001
Ford Chip Ganassi Team UK #66,26,7,Ford Chip Ganassi Team UK,Ford GT,LMGTE Pro,,Mexico,6,2016,181,6:00:45.547,49 Laps,15 Laps,Michelin,Classified,114.0,1:41.598,152.5,Stefan MÜCKE,Olivier PLA,,2016_Mexico,LMGTE Pro,GT (GTE Pro/Am),101.598
Audi Sport Team Joest #8,27,7,Audi Sport Team Joest,Audi R18,LMP1,H,Mexico,6,2016,167,6:04:22.532,63 Laps,14 Laps,Michelin,Classified,41.0,1:25.954,180.3,Lucas DI GRASSI,Loïc DUVAL,Oliver JARVIS,2016_Mexico,LMP1,Top Class (LMP1/Hypercar),85.95400000000001
Aston Martin Racing #98,28,5,Aston Martin Racing,Aston Martin Vantage V8,LMGTE Am,,Mexico,6,2016,192,6:00:54.881,38 Laps,-25 Laps,Michelin,Not classified,65.0,1:42.301,151.5,Paul DALLA LANA,Pedro LAMY,Mathias LAUDA,2016_Mexico,LMGTE Am,GT (GTE Pro/Am),102.301
Larbre Competition #50,29,6,Larbre Competition,Chevrolet Corvette C7-Z06,LMGTE Am,,Mexico,6,2016,184,5:51:11.518,46 Laps,8 Laps,Michelin,Not classified,64.0,1:43.308,150.0,Yutaka YAMAGISHI,Pierre RAGUES,Ricky TAYLOR,2016_Mexico,LMGTE Am,GT (GTE Pro/Am),103.30799999999999
Manor #44,30,10,Manor,Oreca 05 - Nissan,LMP2,,Mexico,6,2016,179,5:36:24.354,51 Laps,5 Laps,Dunlop,Not classified,149.0,1:36.141,161.2,Matthew RAO,Richard BRADLEY,Alfonso Diaz GUERRA,2016_Mexico,LMP2,LMP2,96.14099999999999
Toyota Gazoo Racing #5,31,8,Toyota Gazoo Racing,Toyota TS050 - Hybrid,LMP1,H,Mexico,6,2016,62,1:37:13.023,168 Laps,117 Laps,Michelin,Not classified,33.0,1:26.767,178.6,Sébastien BUEMI,Kazuki NAKAJIMA,,2016_Mexico,LMP1,Top Class (LMP1/Hypercar),86.767
SMP Racing #37,32,11,SMP Racing,BR01 - Nissan,LMP2,,Mexico,6,2016,29,47:49.011,201 Laps,33 Laps,Dunlop,Not classified,23.0,1:37.603,158.7,Vitaly PETROV,Kirill LADYGIN,Victor SHAITAR,2016_Mexico,LMP2,LMP2,97.60300000000001
Toyota Gazoo Racing #8,1,1,Toyota Gazoo Racing,Toyota TS050 - Hybrid,LMP1,H,Silverstone,6,2017,197,6:00:33.211,,,Michelin,Classified,3.0,1:39.804,212.9,Sébastien BUEMI,Anthony DAVIDSON,Kazuki NAKAJIMA,2017_Silverstone,LMP1,Top Class (LMP1/Hypercar),99.804
Porsche LMP Team #2,2,2,Porsche LMP Team,Porsche 919 Hybrid,LMP1,H,Silverstone,6,2017,197,6:00:39.384,6.173,6.173,Michelin,Classified,5.0,1:40.705,210.9,Timo BERNHARD,Earl BAMBER,Brendon HARTLEY,2017_Silverstone,LMP1,Top Class (LMP1/Hypercar),100.705
Porsche LMP Team #1,3,3,Porsche LMP Team,Porsche 919 Hybrid,LMP1,H,Silverstone,6,2017,197,6:01:20.167,46.956,40.783,Michelin,Classified,143.0,1:40.676,211.0,Neel JANI,André LOTTERER,Nick TANDY,2017_Silverstone,LMP1,Top Class (LMP1/Hypercar),100.676
Jackie Chan DC Racing #38,4,1,Jackie Chan DC Racing,Oreca 07 - Gibson,LMP2,,Silverstone,6,2017,184,6:01:34.465,13 Laps,13 Laps,Dunlop,Classified,153.0,1:46.256,199.9,Ho-Pin TUNG,Oliver JARVIS,Thomas LAURENT,2017_Silverstone,LMP2,LMP2,106.256
Vaillante Rebellion #31,5,2,Vaillante Rebellion,Oreca 07 - Gibson,LMP2,,Silverstone,6,2017,184,6:01:53.841,13 Laps,19.376,Dunlop,Classified,5.0,1:47.536,197.5,Julien CANAL,Nicolas PROST,Bruno SENNA,2017_Silverstone,LMP2,LMP2,107.536
TDS Racing #28,6,3,TDS Racing,Oreca 07 - Gibson,LMP2,,Silverstone,6,2017,184,6:01:55.733,13 Laps,1.892,Dunlop,Classified,182.0,1:46.658,199.2,François PERRODO,Matthieu VAXIVIERE,Emmanuel COLLARD,2017_Silverstone,LMP2,LMP2,106.658
Signatech Alpine Matmut #36,7,4,Signatech Alpine Matmut,Alpine A470 - Gibson,LMP2,,Silverstone,6,2017,183,6:00:58.224,14 Laps,1 Laps,Dunlop,Classified,160.0,1:47.126,198.3,Nicolas LAPIERRE,Gustavo MENEZES,Matthew RAO,2017_Silverstone,LMP2,LMP2,107.126
G-Drive Racing #26,8,5,G-Drive Racing,Oreca 07 - Gibson,LMP2,,Silverstone,6,2017,183,6:01:30.471,14 Laps,32.247,Dunlop,Classified,139.0,1:47.241,198.1,Roman RUSINOV,Pierre THIRIET,Alex LYNN,2017_Silverstone,LMP2,LMP2,107.241
CEFC Manor TRS Racing #24,9,6,CEFC Manor TRS Racing,Oreca 07 - Gibson,LMP2,,Silverstone,6,2017,183,6:02:06.299,14 Laps,35.828,Dunlop,Classified,181.0,1:46.872,198.8,Tor GRAVES,Jonathan HIRSCHI,Jean-Eric VERGNE,2017_Silverstone,LMP2,LMP2,106.872
CEFC Manor TRS Racing #25,10,7,CEFC Manor TRS Racing,Oreca 07 - Gibson,LMP2,,Silverstone,6,2017,182,6:01:08.160,15 Laps,1 Laps,Dunlop,Classified,143.0,1:48.090,196.5,Roberto GONZALEZ,Simon TRUMMER,Vitaly PETROV,2017_Silverstone,LMP2,LMP2,108.09
Jackie Chan DC Racing #37,11,8,Jackie Chan DC Racing,Oreca 07 - Gibson,LMP2,,Silverstone,6,2017,182,6:01:19.950,15 Laps,11.790,Dunlop,Classified,149.0,1:46.697,199.1,David CHENG,Alex BRUNDLE,Tristan GOMMENDY,2017_Silverstone,LMP2,LMP2,106.697
Vaillante Rebellion #13,12,9,Vaillante Rebellion,Oreca 07 - Gibson,LMP2,,Silverstone,6,2017,172,6:00:45.562,25 Laps,10 Laps,Dunlop,Classified,145.0,1:46.712,199.1,Mathias BECHE,David HEINEMEIER HANSSON,Nelson PIQUET JR,2017_Silverstone,LMP2,LMP2,106.712
Ford Chip Ganassi Team UK #67,13,1,Ford Chip Ganassi Team UK,Ford GT,LMGTE Pro,,Silverstone,6,2017,171,6:01:28.070,26 Laps,1 Laps,Michelin,Classified,2.0,1:57.416,180.9,Andy PRIAULX,Harry TINCKNELL,Luis Felipe DERANI,2017_Silverstone,LMGTE Pro,GT (GTE Pro/Am),117.416
AF Corse #51,14,2,AF Corse,Ferrari 488 GTE,LMGTE Pro,,Silverstone,6,2017,171,6:01:43.674,26 Laps,15.604,Michelin,Classified,113.0,1:59.035,178.5,James CALADO,Alessandro PIER GUIDI,,2017_Silverstone,LMGTE Pro,GT (GTE Pro/Am),119.035
Porsche GT Team #91,15,3,Porsche GT Team,Porsche 911 RSR,LMGTE Pro,,Silverstone,6,2017,171,6:01:54.655,26 Laps,10.981,Michelin,Classified,111.0,1:58.193,179.7,Richard LIETZ,Frédéric MAKOWIECKI,,2017_Silverstone,LMGTE Pro,GT (GTE Pro/Am),118.193
Ford Chip Ganassi Team UK #66,16,4,Ford Chip Ganassi Team UK,Ford GT,LMGTE Pro,,Silverstone,6,2017,171,6:01:55.561,26 Laps,0.906,Michelin,Classified,3.0,1:57.856,180.3,Stefan MÜCKE,Olivier PLA,Billy JOHNSON,2017_Silverstone,LMGTE Pro,GT (GTE Pro/Am),117.856
AF Corse #71,17,5,AF Corse,Ferrari 488 GTE,LMGTE Pro,,Silverstone,6,2017,170,6:00:41.094,27 Laps,1 Laps,Michelin,Classified,61.0,1:58.687,179.0,Davide RIGON,Sam BIRD,,2017_Silverstone,LMGTE Pro,GT (GTE Pro/Am),118.687
Aston Martin Racing #95,18,6,Aston Martin Racing,Aston Martin VANTAGE,LMGTE Pro,,Silverstone,6,2017,170,6:01:24.847,27 Laps,43.753,Dunlop,Classified,2.0,1:59.297,178.1,Nicki THIIM,Marco SØRENSEN,Richie STANAWAY,2017_Silverstone,LMGTE Pro,GT (GTE Pro/Am),119.297
Aston Martin Racing #97,19,7,Aston Martin Racing,Aston Martin VANTAGE,LMGTE Pro,,Silverstone,6,2017,168,6:01:26.459,29 Laps,2 Laps,Dunlop,Classified,135.0,1:59.483,177.8,Darren TURNER,Jonathan ADAM,Daniel SERRA,2017_Silverstone,LMGTE Pro,GT (GTE Pro/Am),119.483
Clearwater Racing #61,20,1,Clearwater Racing,Ferrari 488 GTE,LMGTE Am,,Silverstone,6,2017,166,6:01:40.106,31 Laps,2 Laps,Michelin,Classified,137.0,1:59.927,177.1,Weng Sun MOK,Keita SAWA,Matt GRIFFIN,2017_Silverstone,LMGTE Am,GT (GTE Pro/Am),119.92699999999999
Aston Martin Racing #98,21,2,Aston Martin Racing,Aston Martin V8 Vantage,LMGTE Am,,Silverstone,6,2017,166,6:01:41.874,31 Laps,1.768,Dunlop,Classified,138.0,2:00.295,176.6,Paul DALLA LANA,Pedro LAMY,Mathias LAUDA,2017_Silverstone,LMGTE Am,GT (GTE Pro/Am),120.295
Dempsey-Proton Racing #77,22,3,Dempsey-Proton Racing,Porsche 911 RSR (991),LMGTE Am,,Silverstone,6,2017,166,6:02:05.421,31 Laps,23.547,Dunlop,Classified,139.0,2:01.283,175.2,Christian RIED,Matteo CAIROLI,Marvin DIENST,2017_Silverstone,LMGTE Am,GT (GTE Pro/Am),121.283
Toyota Gazoo Racing #7,23,4,Toyota Gazoo Racing,Toyota TS050 - Hybrid,LMP1,H,Silverstone,6,2017,159,6:01:21.629,38 Laps,7 Laps,Michelin,Classified,4.0,1:39.656,213.2,Mike CONWAY,Kamui KOBAYASHI,Jose Maria LOPEZ,2017_Silverstone,LMP1,Top Class (LMP1/Hypercar),99.656
Gulf Racing UK #86,24,4,Gulf Racing UK,Porsche 911 RSR (991),LMGTE Am,,Silverstone,6,2017,143,6:00:38.856,54 Laps,16 Laps,Dunlop,Classified,3.0,2:00.528,176.3,Michael WAINWRIGHT,Benjamin BARKER,Nicholas FOSTER,2017_Silverstone,LMGTE Am,GT (GTE Pro/Am),120.528
Spirit of Race #54,25,5,Spirit of Race,Ferrari 488 GTE,LMGTE Am,,Silverstone,6,2017,165,5:59:33.535,32 Laps,-22 Laps,Michelin,Not classified,139.0,1:59.567,177.7,Thomas FLOHR,Francesco CASTELLACCI,Miguel MOLINA,2017_Silverstone,LMGTE Am,GT (GTE Pro/Am),119.56700000000001
Bykolles Racing Team #4,26,5,Bykolles Racing Team,ENSO CLM P1/01 - Nismo,LMP1,,Silverstone,6,2017,155,5:13:51.672,42 Laps,10 Laps,Michelin,Not classified,11.0,1:47.298,198.0,Oliver WEBB,Dominik KRAIHAMER,James ROSSITER,2017_Silverstone,LMP1,Top Class (LMP1/Hypercar),107.298
Porsche GT Team #92,27,8,Porsche GT Team,Porsche 911 RSR,LMGTE Pro,,Silverstone,6,2017,95,3:15:25.888,102 Laps,60 Laps,Michelin,Not classified,64.0,1:59.117,178.3,Michael CHRISTENSEN,Kevin ESTRE,,2017_Silverstone,LMGTE Pro,GT (GTE Pro/Am),119.11699999999999
Toyota Gazoo Racing #8,1,1,Toyota Gazoo Racing,Toyota TS050 - Hybrid,LMP1,H,Spa,6,2017,173,6:00:11.490,,,Michelin,Classified,3.0,1:58.039,213.6,Sébastien BUEMI,Anthony DAVIDSON,Kazuki NAKAJIMA,2017_Spa,LMP1,Top Class (LMP1/Hypercar),118.039
Toyota Gazoo Racing #7,2,2,Toyota Gazoo Racing,Toyota TS050 - Hybrid,LMP1,H,Spa,6,2017,173,6:00:13.482,1.992,1.992,Michelin,Classified,98.0,1:57.722,214.2,Mike CONWAY,Kamui KOBAYASHI,,2017_Spa,LMP1,Top Class (LMP1/Hypercar),117.72200000000001
Porsche LMP Team #2,3,3,Porsche LMP Team,Porsche 919 Hybrid,LMP1,H,Spa,6,2017,173,6:00:46.773,35.283,33.291,Michelin,Classified,122.0,1:57.638,214.3,Timo BERNHARD,Earl BAMBER,Brendon HARTLEY,2017_Spa,LMP1,Top Class (LMP1/Hypercar),117.638
Porsche LMP Team #1,4,4,Porsche LMP Team,Porsche 919 Hybrid,LMP1,H,Spa,6,2017,173,6:01:36.928,1'25.438,50.155,Michelin,Classified,121.0,1:58.046,213.6,Neel JANI,André LOTTERER,Nick TANDY,2017_Spa,LMP1,Top Class (LMP1/Hypercar),118.04599999999999
Toyota Gazoo Racing #9,5,5,Toyota Gazoo Racing,Toyota TS050 - Hybrid,LMP1,H,Spa,6,2017,171,6:00:34.406,2 Laps,2 Laps,Michelin,Classified,2.0,1:58.020,213.6,Stéphane SARRAZIN,Yuji KUNIMOTO,Nicolas LAPIERRE,2017_Spa,LMP1,Top Class (LMP1/Hypercar),118.02000000000001
Bykolles Racing Team #4,6,6,Bykolles Racing Team,Enso CLM P1/01 - Nismo,LMP1,,Spa,6,2017,161,6:02:00.467,12 Laps,10 Laps,Michelin,Classified,2.0,2:05.801,200.4,Oliver WEBB,Dominik KRAIHAMER,James ROSSITER,2017_Spa,LMP1,Top Class (LMP1/Hypercar),125.801
G-Drive Racing #26,7,1,G-Drive Racing,Oreca 07 - Gibson,LMP2,,Spa,6,2017,160,6:00:20.772,13 Laps,1 Laps,Dunlop,Classified,3.0,2:06.073,200.0,Roman RUSINOV,Pierre THIRIET,Alex LYNN,2017_Spa,LMP2,LMP2,126.07300000000001
Vaillante Rebellion #31,8,2,Vaillante Rebellion,Oreca 07 - Gibson,LMP2,,Spa,6,2017,160,6:01:14.053,13 Laps,53.281,Dunlop,Classified,81.0,2:06.869,198.7,Julien CANAL,Nicolas PROST,Bruno SENNA,2017_Spa,LMP2,LMP2,126.869
Jackie Chan DC Racing #38,9,3,Jackie Chan DC Racing,Oreca 07 - Gibson,LMP2,,Spa,6,2017,160,6:01:35.040,13 Laps,20.987,Dunlop,Classified,108.0,2:06.458,199.4,Ho-Pin TUNG,Oliver JARVIS,Thomas LAURENT,2017_Spa,LMP2,LMP2,126.458
Vaillante Rebellion #13,10,4,Vaillante Rebellion,Oreca 07 - Gibson,LMP2,,Spa,6,2017,159,6:00:18.787,14 Laps,1 Laps,Dunlop,Classified,69.0,2:05.950,200.2,Mathias BECHE,David HEINEMEIER HANSSON,Nelson PIQUET JR,2017_Spa,LMP2,LMP2,125.95
Signatech Alpine Matmut #36,11,5,Signatech Alpine Matmut,Alpine A470 - Gibson,LMP2,,Spa,6,2017,159,6:01:07.690,14 Laps,48.903,Dunlop,Classified,3.0,2:06.447,199.4,Romain DUMAS,Gustavo MENEZES,Matthew RAO,2017_Spa,LMP2,LMP2,126.447
Signatech Alpine Matmut #35,12,6,Signatech Alpine Matmut,Alpine A470 - Gibson,LMP2,,Spa,6,2017,158,6:00:56.527,15 Laps,1 Laps,Dunlop,Classified,117.0,2:06.094,200.0,Pierre RAGUES,André NEGRÃO,Nelson PANCIATICI,2017_Spa,LMP2,LMP2,126.094
CEFC Manor TRS Racing #24,13,7,CEFC Manor TRS Racing,Oreca 07 - Gibson,LMP2,,Spa,6,2017,158,6:01:01.863,15 Laps,5.336,Dunlop,Classified,3.0,2:06.286,199.7,Tor GRAVES,Jonathan HIRSCHI,Jean-Eric VERGNE,2017_Spa,LMP2,LMP2,126.286
CEFC Manor TRS Racing #25,14,8,CEFC Manor TRS Racing,Oreca 07 - Gibson,LMP2,,Spa,6,2017,158,6:01:06.462,15 Laps,4.599,Dunlop,Classified,3.0,2:07.996,197.0,Roberto GONZALEZ,Simon TRUMMER,Vitaly PETROV,2017_Spa,LMP2,LMP2,127.996
TDS Racing #28,15,9,TDS Racing,Oreca 07 - Gibson,LMP2,,Spa,6,2017,158,6:02:07.159,15 Laps,1'00.697,Dunlop,Classified,125.0,2:06.295,199.6,François PERRODO,Ben HANLEY,Emmanuel COLLARD,2017_Spa,LMP2,LMP2,126.295
Jackie Chan DC Racing #37,16,10,Jackie Chan DC Racing,Oreca 07 - Gibson,LMP2,,Spa,6,2017,156,6:01:53.613,17 Laps,2 Laps,Dunlop,Classified,113.0,2:06.481,199.4,David CHENG,Alex BRUNDLE,Tristan GOMMENDY,2017_Spa,LMP2,LMP2,126.481
AF Corse #71,17,1,AF Corse,Ferrari 488 GTE,LMGTE Pro,,Spa,6,2017,151,6:02:19.002,22 Laps,5 Laps,Michelin,Classified,4.0,2:17.370,183.5,Davide RIGON,Sam BIRD,,2017_Spa,LMGTE Pro,GT (GTE Pro/Am),137.37
AF Corse #51,18,2,AF Corse,Ferrari 488 GTE,LMGTE Pro,,Spa,6,2017,150,6:00:44.349,23 Laps,1 Laps,Michelin,Classified,3.0,2:17.503,183.4,James CALADO,Alessandro PIER GUIDI,,2017_Spa,LMGTE Pro,GT (GTE Pro/Am),137.503
Ford Chip Ganassi Team UK #66,19,3,Ford Chip Ganassi Team UK,Ford GT,LMGTE Pro,,Spa,6,2017,150,6:01:14.870,23 Laps,30.521,Michelin,Classified,3.0,2:17.447,183.4,Stefan MÜCKE,Olivier PLA,Billy JOHNSON,2017_Spa,LMGTE Pro,GT (GTE Pro/Am),137.447
Ford Chip Ganassi Team UK #67,20,4,Ford Chip Ganassi Team UK,Ford GT,LMGTE Pro,,Spa,6,2017,150,6:01:56.833,23 Laps,41.963,Michelin,Classified,3.0,2:17.555,183.3,Andy PRIAULX,Harry TINCKNELL,Luis Felipe DERANI,2017_Spa,LMGTE Pro,GT (GTE Pro/Am),137.555
Porsche GT Team #91,21,5,Porsche GT Team,Porsche 911 RSR,LMGTE Pro,,Spa,6,2017,149,6:00:36.503,24 Laps,1 Laps,Michelin,Classified,3.0,2:17.989,182.7,Richard LIETZ,Frédéric MAKOWIECKI,,2017_Spa,LMGTE Pro,GT (GTE Pro/Am),137.989
Porsche GT Team #92,22,6,Porsche GT Team,Porsche 911 RSR,LMGTE Pro,,Spa,6,2017,149,6:01:28.596,24 Laps,52.093,Michelin,Classified,3.0,2:17.045,184.0,Michael CHRISTENSEN,Kevin ESTRE,,2017_Spa,LMGTE Pro,GT (GTE Pro/Am),137.04500000000002
Aston Martin Racing #97,23,7,Aston Martin Racing,Aston Martin VANTAGE,LMGTE Pro,,Spa,6,2017,148,6:00:47.244,25 Laps,1 Laps,Dunlop,Classified,104.0,2:19.135,181.2,Darren TURNER,Jonathan ADAM,Daniel SERRA,2017_Spa,LMGTE Pro,GT (GTE Pro/Am),139.135
Aston Martin Racing #95,24,8,Aston Martin Racing,Aston Martin VANTAGE,LMGTE Pro,,Spa,6,2017,148,6:01:31.505,25 Laps,44.261,Dunlop,Classified,2.0,2:18.411,182.2,Nicki THIIM,Marco SØRENSEN,Richie STANAWAY,2017_Spa,LMGTE Pro,GT (GTE Pro/Am),138.411
Aston Martin Racing #98,25,1,Aston Martin Racing,Aston Martin V8 Vantage,LMGTE Am,,Spa,6,2017,146,6:01:23.995,27 Laps,2 Laps,Dunlop,Classified,4.0,2:19.413,180.9,Paul DALLA LANA,Pedro LAMY,Mathias LAUDA,2017_Spa,LMGTE Am,GT (GTE Pro/Am),139.413
Dempsey-Proton Racing #77,26,2,Dempsey-Proton Racing,Porsche 911 RSR (991),LMGTE Am,,Spa,6,2017,146,6:01:55.105,27 Laps,31.110,Dunlop,Classified,126.0,2:19.074,181.3,Christian RIED,Matteo CAIROLI,Marvin DIENST,2017_Spa,LMGTE Am,GT (GTE Pro/Am),139.074
Clearwater Racing #61,27,3,Clearwater Racing,Ferrari 488 GTE,LMGTE Am,,Spa,6,2017,145,6:00:49.337,28 Laps,1 Laps,Michelin,Classified,125.0,2:19.390,180.9,Weng Sun MOK,Keita SAWA,Matt GRIFFIN,2017_Spa,LMGTE Am,GT (GTE Pro/Am),139.39
Spirit of Race #54,28,4,Spirit of Race,Ferrari 488 GTE,LMGTE Am,,Spa,6,2017,144,6:00:21.977,29 Laps,1 Laps,Michelin,Classified,131.0,2:19.632,180.6,Thomas FLOHR,Francesco CASTELLACCI,Miguel MOLINA,2017_Spa,LMGTE Am,GT (GTE Pro/Am),139.632
Tockwith Motorsports #34,29,11,Tockwith Motorsports,Ligier JSP217 - Gibson,LMP2,,Spa,6,2017,151,5:50:48.333,22 Laps,-7 Laps,Dunlop,Not classified,3.0,2:08.354,196.4,Nigel MOORE,Philip HANSON,Karun CHANDHOK,2017_Spa,LMP2,LMP2,128.35399999999998
Gulf Racing UK #86,30,5,Gulf Racing UK,Porsche 911 RSR (991),LMGTE Am,,Spa,6,2017,76,3:09:43.548,97 Laps,75 Laps,Dunlop,Not classified,26.0,2:20.479,179.5,Michael WAINWRIGHT,Benjamin BARKER,Nicholas FOSTER,2017_Spa,LMGTE Am,GT (GTE Pro/Am),140.47899999999998
Toyota Gazoo Racing #8,1,1,Toyota Gazoo Racing,Toyota TS050 - Hybrid,LMP1,H,Bahrain,6,2017,199,6:01:26.294,,,Michelin,Classified,171.0,1:42.997,189.2,Sébastien BUEMI,Anthony DAVIDSON,Kazuki NAKAJIMA,2017_Bahrain,LMP1,Top Class (LMP1/Hypercar),102.997
Porsche LMP Team #2,2,2,Porsche LMP Team,Porsche 919 Hybrid,LMP1,H,Bahrain,6,2017,198,6:01:37.156,1 Laps,1 Laps,Michelin,Classified,99.0,1:43.306,188.6,Timo BERNHARD,Earl BAMBER,Brendon HARTLEY,2017_Bahrain,LMP1,Top Class (LMP1/Hypercar),103.306
Porsche LMP Team #1,3,3,Porsche LMP Team,Porsche 919 Hybrid,LMP1,H,Bahrain,6,2017,198,6:02:23.797,1 Laps,46.641,Michelin,Classified,163.0,1:42.862,189.4,Neel JANI,André LOTTERER,Nick TANDY,2017_Bahrain,LMP1,Top Class (LMP1/Hypercar),102.862
Toyota Gazoo Racing #7,4,4,Toyota Gazoo Racing,Toyota TS050 - Hybrid,LMP1,H,Bahrain,6,2017,196,6:02:43.059,3 Laps,2 Laps,Michelin,Classified,2.0,1:43.299,188.6,Mike CONWAY,Kamui KOBAYASHI,Jose Maria LOPEZ,2017_Bahrain,LMP1,Top Class (LMP1/Hypercar),103.299
Vaillante Rebellion #31,5,1,Vaillante Rebellion,Oreca 07 - Gibson,LMP2,,Bahrain,6,2017,186,6:02:56.901,13 Laps,10 Laps,Dunlop,Classified,88.0,1:50.045,177.0,Julien CANAL,Nicolas PROST,Bruno SENNA,2017_Bahrain,LMP2,LMP2,110.045
Jackie Chan DC Racing #38,6,2,Jackie Chan DC Racing,Oreca 07 - Gibson,LMP2,,Bahrain,6,2017,186,6:03:07.597,13 Laps,10.696,Dunlop,Classified,93.0,1:49.858,177.3,Ho-Pin TUNG,Oliver JARVIS,Thomas LAURENT,2017_Bahrain,LMP2,LMP2,109.858
Vaillante Rebellion #13,7,3,Vaillante Rebellion,Oreca 07 - Gibson,LMP2,,Bahrain,6,2017,185,6:01:33.528,14 Laps,1 Laps,Dunlop,Classified,95.0,1:50.508,176.3,Mathias BECHE,David HEINEMEIER HANSSON,Nelson PIQUET JR,2017_Bahrain,LMP2,LMP2,110.50800000000001
Signatech Alpine Matmut #36,8,4,Signatech Alpine Matmut,Alpine A470 - Gibson,LMP2,,Bahrain,6,2017,185,6:02:04.892,14 Laps,31.364,Dunlop,Classified,150.0,1:50.316,176.6,Nicolas LAPIERRE,Gustavo MENEZES,André NEGRÃO,2017_Bahrain,LMP2,LMP2,110.316
CEFC Manor TRS Racing #25,9,5,CEFC Manor TRS Racing,Oreca 07 - Gibson,LMP2,,Bahrain,6,2017,185,6:02:52.059,14 Laps,47.167,Dunlop,Classified,6.0,1:50.173,176.8,Roberto GONZALEZ,Simon TRUMMER,Vitaly PETROV,2017_Bahrain,LMP2,LMP2,110.173
CEFC Manor TRS Racing #24,10,6,CEFC Manor TRS Racing,Oreca 07 - Gibson,LMP2,,Bahrain,6,2017,185,6:02:57.850,14 Laps,5.791,Dunlop,Classified,126.0,1:50.597,176.2,Matthew RAO,Ben HANLEY,Jean-Eric VERGNE,2017_Bahrain,LMP2,LMP2,110.59700000000001
G-Drive Racing #26,11,7,G-Drive Racing,Oreca 07 - Gibson,LMP2,,Bahrain,6,2017,184,6:01:54.896,15 Laps,1 Laps,Dunlop,Classified,126.0,1:49.708,177.6,Roman RUSINOV,Léo ROUSSEL,Loïc DUVAL,2017_Bahrain,LMP2,LMP2,109.708
Jackie Chan DC Racing #37,12,8,Jackie Chan DC Racing,Oreca 07 - Gibson,LMP2,,Bahrain,6,2017,183,6:01:55.471,16 Laps,1 Laps,Dunlop,Classified,99.0,1:49.425,178.1,David CHENG,Alex BRUNDLE,Tristan GOMMENDY,2017_Bahrain,LMP2,LMP2,109.425
TDS Racing #28,13,9,TDS Racing,Oreca 07 - Gibson,LMP2,,Bahrain,6,2017,182,6:01:27.590,17 Laps,1 Laps,Dunlop,Classified,128.0,1:50.268,176.7,François PERRODO,Matthieu VAXIVIERE,Emmanuel COLLARD,2017_Bahrain,LMP2,LMP2,110.268
AF Corse #71,14,1,AF Corse,Ferrari 488 GTE,LMGTE Pro,,Bahrain,6,2017,175,6:02:45.075,24 Laps,7 Laps,Michelin,Classified,2.0,1:58.519,164.4,Davide RIGON,Sam BIRD,,2017_Bahrain,LMGTE Pro,GT (GTE Pro/Am),118.519
AF Corse #51,15,2,AF Corse,Ferrari 488 GTE,LMGTE Pro,,Bahrain,6,2017,175,6:02:45.249,24 Laps,0.174,Michelin,Classified,118.0,1:58.456,164.5,James CALADO,Alessandro PIER GUIDI,,2017_Bahrain,LMGTE Pro,GT (GTE Pro/Am),118.456
Ford Chip Ganassi Team UK #67,16,3,Ford Chip Ganassi Team UK,Ford GT,LMGTE Pro,,Bahrain,6,2017,174,6:01:41.056,25 Laps,1 Laps,Michelin,Classified,119.0,1:58.781,164.0,Andy PRIAULX,Harry TINCKNELL,,2017_Bahrain,LMGTE Pro,GT (GTE Pro/Am),118.781
Porsche GT Team #91,17,4,Porsche GT Team,Porsche 911 RSR,LMGTE Pro,,Bahrain,6,2017,174,6:02:13.291,25 Laps,32.235,Michelin,Classified,118.0,1:58.460,164.5,Richard LIETZ,Frédéric MAKOWIECKI,,2017_Bahrain,LMGTE Pro,GT (GTE Pro/Am),118.46000000000001
Ford Chip Ganassi Team UK #66,18,5,Ford Chip Ganassi Team UK,Ford GT,LMGTE Pro,,Bahrain,6,2017,174,6:02:42.629,25 Laps,29.338,Michelin,Classified,119.0,1:58.719,164.1,Stefan MÜCKE,Olivier PLA,,2017_Bahrain,LMGTE Pro,GT (GTE Pro/Am),118.719
Aston Martin Racing #97,19,6,Aston Martin Racing,Aston Martin VANTAGE,LMGTE Pro,,Bahrain,6,2017,174,6:02:54.143,25 Laps,11.514,Dunlop,Classified,2.0,1:59.002,163.7,Darren TURNER,Jonathan ADAM,,2017_Bahrain,LMGTE Pro,GT (GTE Pro/Am),119.00200000000001
Aston Martin Racing #95,20,7,Aston Martin Racing,Aston Martin VANTAGE,LMGTE Pro,,Bahrain,6,2017,173,6:02:53.661,26 Laps,1 Laps,Dunlop,Classified,130.0,1:59.591,162.9,Nicki THIIM,Marco SØRENSEN,,2017_Bahrain,LMGTE Pro,GT (GTE Pro/Am),119.59100000000001
Aston Martin Racing #98,21,1,Aston Martin Racing,Aston Martin V8 Vantage,LMGTE Am,,Bahrain,6,2017,170,6:01:36.959,29 Laps,3 Laps,Dunlop,Classified,85.0,2:00.560,161.6,Paul DALLA LANA,Pedro LAMY,Mathias LAUDA,2017_Bahrain,LMGTE Am,GT (GTE Pro/Am),120.56
Clearwater Racing #61,22,2,Clearwater Racing,Ferrari 488 GTE,LMGTE Am,,Bahrain,6,2017,170,6:02:54.493,29 Laps,1'17.534,Michelin,Classified,63.0,2:01.310,160.6,Weng Sun MOK,Keita SAWA,Matt GRIFFIN,2017_Bahrain,LMGTE Am,GT (GTE Pro/Am),121.31
Spirit of Race #54,23,3,Spirit of Race,Ferrari 488 GTE,LMGTE Am,,Bahrain,6,2017,169,6:02:03.973,30 Laps,1 Laps,Michelin,Classified,143.0,1:59.900,162.5,Thomas FLOHR,Francesco CASTELLACCI,Miguel MOLINA,2017_Bahrain,LMGTE Am,GT (GTE Pro/Am),119.9
Dempsey - Proton Racing #77,24,4,Dempsey - Proton Racing,Porsche 911 RSR (991),LMGTE Am,,Bahrain,6,2017,169,6:03:12.506,30 Laps,1'08.533,Dunlop,Classified,63.0,2:00.809,161.3,Christian RIED,Matteo CAIROLI,Marvin DIENST,2017_Bahrain,LMGTE Am,GT (GTE Pro/Am),120.809
Gulf Racing UK #86,25,5,Gulf Racing UK,Porsche 911 RSR (991),LMGTE Am,,Bahrain,6,2017,163,6:01:35.745,36 Laps,6 Laps,Dunlop,Classified,143.0,2:01.605,160.2,Michael WAINWRIGHT,Benjamin BARKER,Nicholas FOSTER,2017_Bahrain,LMGTE Am,GT (GTE Pro/Am),121.605
Porsche GT Team #92,26,8,Porsche GT Team,Porsche 911 RSR,LMGTE Pro,,Bahrain,6,2017,84,2:52:50.237,115 Laps,79 Laps,Michelin,Not classified,34.0,1:58.633,164.2,Michael CHRISTENSEN,Kevin ESTRE,,2017_Bahrain,LMGTE Pro,GT (GTE Pro/Am),118.63300000000001
Porsche LMP Team #2,1,1,Porsche LMP Team,Porsche 919 Hybrid,LMP1,H,Cota,6,2017,192,6:00:52.444,,,Michelin,Classified,21.0,1:47.302,185.1,Timo BERNHARD,Earl BAMBER,Brendon HARTLEY,2017_Cota,LMP1,Top Class (LMP1/Hypercar),107.30199999999999
Porsche LMP Team #1,2,2,Porsche LMP Team,Porsche 919 Hybrid,LMP1,H,Cota,6,2017,192,6:00:52.720,0.276,0.276,Michelin,Classified,9.0,1:47.149,185.3,Neel JANI,André LOTTERER,Nick TANDY,2017_Cota,LMP1,Top Class (LMP1/Hypercar),107.149
Toyota Gazoo Racing #8,3,3,Toyota Gazoo Racing,Toyota TS050 - Hybrid,LMP1,H,Cota,6,2017,192,6:01:14.400,21.956,21.680,Michelin,Classified,3.0,1:47.556,184.6,Sébastien BUEMI,Stéphane SARRAZIN,Kazuki NAKAJIMA,2017_Cota,LMP1,Top Class (LMP1/Hypercar),107.556
Toyota Gazoo Racing #7,4,4,Toyota Gazoo Racing,Toyota TS050 - Hybrid,LMP1,H,Cota,6,2017,192,6:01:37.470,45.026,23.070,Michelin,Classified,4.0,1:47.391,184.9,Mike CONWAY,Kamui KOBAYASHI,Jose Maria LOPEZ,2017_Cota,LMP1,Top Class (LMP1/Hypercar),107.39099999999999
Signatech Alpine Matmut #36,5,1,Signatech Alpine Matmut,Alpine A470 - Gibson,LMP2,,Cota,6,2017,177,6:02:30.300,15 Laps,15 Laps,Dunlop,Classified,6.0,1:55.427,172.0,Nicolas LAPIERRE,Gustavo MENEZES,André NEGRÃO,2017_Cota,LMP2,LMP2,115.42699999999999
Vaillante Rebellion #13,6,2,Vaillante Rebellion,Oreca 07 - Gibson,LMP2,,Cota,6,2017,176,6:01:00.811,16 Laps,1 Laps,Dunlop,Classified,5.0,1:55.616,171.8,Mathias BECHE,David HEINEMEIER HANSSON,Nelson PIQUET JR,2017_Cota,LMP2,LMP2,115.616
Vaillante Rebellion #31,7,3,Vaillante Rebellion,Oreca 07 - Gibson,LMP2,,Cota,6,2017,176,6:01:04.586,16 Laps,3.775,Dunlop,Classified,5.0,1:55.695,171.6,Julien CANAL,Nicolas PROST,Bruno SENNA,2017_Cota,LMP2,LMP2,115.695
Jackie Chan DC Racing #38,8,4,Jackie Chan DC Racing,Oreca 07 - Gibson,LMP2,,Cota,6,2017,176,6:01:06.571,16 Laps,1.985,Dunlop,Classified,5.0,1:56.094,171.0,Ho-Pin TUNG,Oliver JARVIS,Thomas LAURENT,2017_Cota,LMP2,LMP2,116.094
Jackie Chan DC Racing #37,9,5,Jackie Chan DC Racing,Oreca 07 - Gibson,LMP2,,Cota,6,2017,175,6:01:13.924,17 Laps,1 Laps,Dunlop,Classified,26.0,1:55.434,172.0,David CHENG,Alex BRUNDLE,Tristan GOMMENDY,2017_Cota,LMP2,LMP2,115.434
CEFC Manor TRS Racing #24,10,6,CEFC Manor TRS Racing,Oreca 07 - Gibson,LMP2,,Cota,6,2017,175,6:01:39.068,17 Laps,25.144,Dunlop,Classified,101.0,1:56.489,170.5,Matthew RAO,Ben HANLEY,Jean-Eric VERGNE,2017_Cota,LMP2,LMP2,116.489
TDS Racing #28,11,7,TDS Racing,Oreca 07 - Gibson,LMP2,,Cota,6,2017,174,6:01:58.758,18 Laps,1 Laps,Dunlop,Classified,5.0,1:55.911,171.3,François PERRODO,Matthieu VAXIVIERE,Emmanuel COLLARD,2017_Cota,LMP2,LMP2,115.911
G-Drive Racing #26,12,8,G-Drive Racing,Oreca 07 - Gibson,LMP2,,Cota,6,2017,168,6:01:44.773,24 Laps,6 Laps,Dunlop,Classified,6.0,1:55.895,171.3,Roman RUSINOV,Pierre THIRIET,Alex LYNN,2017_Cota,LMP2,LMP2,115.89500000000001
AF Corse #51,13,1,AF Corse,Ferrari 488 GTE,LMGTE Pro,,Cota,6,2017,167,6:01:04.459,25 Laps,1 Laps,Michelin,Classified,3.0,2:04.874,159.0,James CALADO,Alessandro PIER GUIDI,,2017_Cota,LMGTE Pro,GT (GTE Pro/Am),124.874
Porsche GT Team #92,14,2,Porsche GT Team,Porsche 911 RSR,LMGTE Pro,,Cota,6,2017,167,6:01:30.122,25 Laps,25.663,Michelin,Classified,2.0,2:05.436,158.3,Michael CHRISTENSEN,Kevin ESTRE,,2017_Cota,LMGTE Pro,GT (GTE Pro/Am),125.436
AF Corse #71,15,3,AF Corse,Ferrari 488 GTE,LMGTE Pro,,Cota,6,2017,167,6:01:35.653,25 Laps,5.531,Michelin,Classified,3.0,2:04.801,159.1,Davide RIGON,Sam BIRD,,2017_Cota,LMGTE Pro,GT (GTE Pro/Am),124.801
Aston Martin Racing #95,16,4,Aston Martin Racing,Aston Martin VANTAGE,LMGTE Pro,,Cota,6,2017,167,6:01:39.337,25 Laps,3.684,Dunlop,Classified,3.0,2:04.789,159.1,Nicki THIIM,Marco SØRENSEN,,2017_Cota,LMGTE Pro,GT (GTE Pro/Am),124.789
Aston Martin Racing #97,17,5,Aston Martin Racing,Aston Martin VANTAGE,LMGTE Pro,,Cota,6,2017,167,6:02:55.290,25 Laps,1'15.953,Dunlop,Classified,4.0,2:05.972,157.6,Darren TURNER,Jonathan ADAM,Daniel SERRA,2017_Cota,LMGTE Pro,GT (GTE Pro/Am),125.972
Porsche GT Team #91,18,6,Porsche GT Team,Porsche 911 RSR,LMGTE Pro,,Cota,6,2017,166,6:01:14.301,26 Laps,1 Laps,Michelin,Classified,4.0,2:05.230,158.6,Richard LIETZ,Frédéric MAKOWIECKI,,2017_Cota,LMGTE Pro,GT (GTE Pro/Am),125.23
Ford Chip Ganassi Team UK #67,19,7,Ford Chip Ganassi Team UK,Ford GT,LMGTE Pro,,Cota,6,2017,166,6:02:25.411,26 Laps,1'11.110,Michelin,Classified,5.0,2:05.604,158.1,Andy PRIAULX,Harry TINCKNELL,,2017_Cota,LMGTE Pro,GT (GTE Pro/Am),125.604
Ford Chip Ganassi Team UK #66,20,8,Ford Chip Ganassi Team UK,Ford GT,LMGTE Pro,,Cota,6,2017,166,6:02:54.536,26 Laps,29.125,Michelin,Classified,4.0,2:05.780,157.9,Stefan MÜCKE,Olivier PLA,,2017_Cota,LMGTE Pro,GT (GTE Pro/Am),125.78
Aston Martin Racing #98,21,1,Aston Martin Racing,Aston Martin V8 Vantage,LMGTE Am,,Cota,6,2017,162,6:01:37.610,30 Laps,4 Laps,Dunlop,Classified,118.0,2:07.575,155.7,Paul DALLA LANA,Pedro LAMY,Mathias LAUDA,2017_Cota,LMGTE Am,GT (GTE Pro/Am),127.575
Clearwater Racing #61,22,2,Clearwater Racing,Ferrari 488 GTE,LMGTE Am,,Cota,6,2017,162,6:02:27.669,30 Laps,50.059,Michelin,Classified,138.0,2:07.599,155.6,Weng Sun MOK,Keita SAWA,Matt GRIFFIN,2017_Cota,LMGTE Am,GT (GTE Pro/Am),127.599
Spirit of Race #54,23,3,Spirit of Race,Ferrari 488 GTE,LMGTE Am,,Cota,6,2017,159,6:00:54.613,33 Laps,3 Laps,Michelin,Classified,4.0,2:07.081,156.3,Thomas FLOHR,Francesco CASTELLACCI,Miguel MOLINA,2017_Cota,LMGTE Am,GT (GTE Pro/Am),127.081
Dempsey - Proton Racing #77,24,4,Dempsey - Proton Racing,Porsche 911 RSR (991),LMGTE Am,,Cota,6,2017,148,6:04:44.200,44 Laps,11 Laps,Dunlop,Classified,64.0,2:08.897,154.1,Christian RIED,Matteo CAIROLI,Marvin DIENST,2017_Cota,LMGTE Am,GT (GTE Pro/Am),128.897
Gulf Racing UK #86,25,5,Gulf Racing UK,Porsche 911 RSR (991),LMGTE Am,,Cota,6,2017,92,4:18:38.349,100 Laps,56 Laps,Dunlop,Retired,32.0,2:08.909,154.0,Michael WAINWRIGHT,Benjamin BARKER,Nicholas FOSTER,2017_Cota,LMGTE Am,GT (GTE Pro/Am),128.909
CEFC Manor TRS Racing #25,26,9,CEFC Manor TRS Racing,Oreca 07 - Gibson,LMP2,,Cota,6,2017,51,1:45:11.902,141 Laps,41 Laps,Dunlop,Retired,46.0,1:57.646,168.8,Roberto GONZALEZ,Simon TRUMMER,Vitaly PETROV,2017_Cota,LMP2,LMP2,117.646
Toyota Gazoo Racing #8,1,1,Toyota Gazoo Racing,Toyota TS050 - Hybrid,LMP1,H,Fuji,6,2017,113,4:24:50.950,,,Michelin,Classified,10.0,1:38.070,167.5,Sébastien BUEMI,Anthony DAVIDSON,Kazuki NAKAJIMA,2017_Fuji,LMP1,Top Class (LMP1/Hypercar),98.07
Toyota Gazoo Racing #7,2,2,Toyota Gazoo Racing,Toyota TS050 - Hybrid,LMP1,H,Fuji,6,2017,113,4:24:52.448,1.498,1.498,Michelin,Classified,9.0,1:38.747,166.4,Mike CONWAY,Kamui KOBAYASHI,Jose Maria LOPEZ,2017_Fuji,LMP1,Top Class (LMP1/Hypercar),98.747
Porsche LMP Team #1,3,3,Porsche LMP Team,Porsche 919 Hybrid,LMP1,H,Fuji,6,2017,113,4:24:53.222,2.272,0.774,Michelin,Classified,23.0,1:38.444,166.9,Neel JANI,André LOTTERER,Nick TANDY,2017_Fuji,LMP1,Top Class (LMP1/Hypercar),98.444
Porsche LMP Team #2,4,4,Porsche LMP Team,Porsche 919 Hybrid,LMP1,H,Fuji,6,2017,112,4:24:51.827,1 Laps,1 Laps,Michelin,Classified,19.0,1:37.702,168.1,Timo BERNHARD,Earl BAMBER,Brendon HARTLEY,2017_Fuji,LMP1,Top Class (LMP1/Hypercar),97.702
Vaillante Rebellion #31,5,1,Vaillante Rebellion,Oreca 07 - Gibson,LMP2,,Fuji,6,2017,110,4:24:54.321,3 Laps,2 Laps,Dunlop,Classified,8.0,1:45.981,155.0,Julien CANAL,Nicolas PROST,Bruno SENNA,2017_Fuji,LMP2,LMP2,105.981
Signatech Alpine Matmut #36,6,2,Signatech Alpine Matmut,Alpine A470 - Gibson,LMP2,,Fuji,6,2017,110,4:24:55.710,3 Laps,1.389,Dunlop,Classified,12.0,1:45.588,155.6,Nicolas LAPIERRE,Gustavo MENEZES,André NEGRÃO,2017_Fuji,LMP2,LMP2,105.588
Jackie Chan DC Racing #38,7,3,Jackie Chan DC Racing,Oreca 07 - Gibson,LMP2,,Fuji,6,2017,110,4:24:56.491,3 Laps,0.781,Dunlop,Classified,10.0,1:46.365,154.4,Ho-Pin TUNG,Oliver JARVIS,Thomas LAURENT,2017_Fuji,LMP2,LMP2,106.36500000000001
TDS Racing #28,8,4,TDS Racing,Oreca 07 - Gibson,LMP2,,Fuji,6,2017,110,4:24:57.601,3 Laps,1.110,Dunlop,Classified,100.0,1:46.983,153.5,François PERRODO,Matthieu VAXIVIERE,Emmanuel COLLARD,2017_Fuji,LMP2,LMP2,106.983
CEFC Manor TRS Racing #24,9,5,CEFC Manor TRS Racing,Oreca 07 - Gibson,LMP2,,Fuji,6,2017,110,4:25:03.453,3 Laps,5.852,Dunlop,Classified,49.0,1:46.690,154.0,Matthew RAO,Ben HANLEY,Jean-Eric VERGNE,2017_Fuji,LMP2,LMP2,106.69
G-Drive Racing #26,10,6,G-Drive Racing,Oreca 07 - Gibson,LMP2,,Fuji,6,2017,110,4:25:08.598,3 Laps,5.145,Dunlop,Classified,12.0,1:46.518,154.2,Roman RUSINOV,Pierre THIRIET,James ROSSITER,2017_Fuji,LMP2,LMP2,106.518
AF Corse #51,11,1,AF Corse,Ferrari 488 GTE,LMGTE Pro,,Fuji,6,2017,109,4:24:58.636,4 Laps,1 Laps,Michelin,Classified,12.0,1:49.227,150.4,James CALADO,Alessandro PIER GUIDI,,2017_Fuji,LMGTE Pro,GT (GTE Pro/Am),109.227
Porsche GT Team #91,12,2,Porsche GT Team,Porsche 911 RSR,LMGTE Pro,,Fuji,6,2017,109,4:24:59.604,4 Laps,0.968,Michelin,Classified,50.0,1:48.313,151.7,Richard LIETZ,Frédéric MAKOWIECKI,,2017_Fuji,LMGTE Pro,GT (GTE Pro/Am),108.313
CEFC Manor TRS Racing #25,13,7,CEFC Manor TRS Racing,Oreca 07 - Gibson,LMP2,,Fuji,6,2017,109,4:25:01.132,4 Laps,1.528,Dunlop,Classified,10.0,1:47.001,153.5,Roberto GONZALEZ,Simon TRUMMER,Vitaly PETROV,2017_Fuji,LMP2,LMP2,107.001
Porsche GT Team #92,14,3,Porsche GT Team,Porsche 911 RSR,LMGTE Pro,,Fuji,6,2017,109,4:25:02.085,4 Laps,0.953,Michelin,Classified,40.0,1:49.465,150.1,Michael CHRISTENSEN,Kevin ESTRE,,2017_Fuji,LMGTE Pro,GT (GTE Pro/Am),109.465
Ford Chip Ganassi Team UK #66,15,4,Ford Chip Ganassi Team UK,Ford GT,LMGTE Pro,,Fuji,6,2017,109,4:25:04.996,4 Laps,2.911,Michelin,Classified,10.0,1:50.059,149.3,Stefan MÜCKE,Olivier PLA,,2017_Fuji,LMGTE Pro,GT (GTE Pro/Am),110.059
AF Corse #71,16,5,AF Corse,Ferrari 488 GTE,LMGTE Pro,,Fuji,6,2017,109,4:25:10.401,4 Laps,5.405,Michelin,Classified,16.0,1:49.768,149.7,Davide RIGON,Sam BIRD,,2017_Fuji,LMGTE Pro,GT (GTE Pro/Am),109.768
Aston Martin Racing #97,17,6,Aston Martin Racing,Aston Martin VANTAGE,LMGTE Pro,,Fuji,6,2017,109,4:26:31.155,4 Laps,1'20.754,Dunlop,Classified,16.0,1:52.243,146.4,Darren TURNER,Jonathan ADAM,,2017_Fuji,LMGTE Pro,GT (GTE Pro/Am),112.243
Aston Martin Racing #95,18,7,Aston Martin Racing,Aston Martin VANTAGE,LMGTE Pro,,Fuji,6,2017,108,4:26:29.965,5 Laps,1 Laps,Dunlop,Classified,72.0,1:51.838,146.9,Nicki THIIM,Marco SØRENSEN,,2017_Fuji,LMGTE Pro,GT (GTE Pro/Am),111.838
Spirit of Race #54,19,1,Spirit of Race,Ferrari 488 GTE,LMGTE Am,,Fuji,6,2017,107,4:25:06.258,6 Laps,1 Laps,Michelin,Classified,18.0,1:51.069,147.9,Thomas FLOHR,Francesco CASTELLACCI,Miguel MOLINA,2017_Fuji,LMGTE Am,GT (GTE Pro/Am),111.069
Clearwater Racing #61,20,2,Clearwater Racing,Ferrari 488 GTE,LMGTE Am,,Fuji,6,2017,107,4:25:07.395,6 Laps,1.137,Michelin,Classified,97.0,1:51.119,147.8,Weng Sun MOK,Keita SAWA,Matt GRIFFIN,2017_Fuji,LMGTE Am,GT (GTE Pro/Am),111.119
Dempsey - Proton Racing #77,21,3,Dempsey - Proton Racing,Porsche 911 RSR (991),LMGTE Am,,Fuji,6,2017,107,4:26:38.499,6 Laps,1'31.104,Dunlop,Classified,73.0,1:53.846,144.3,Christian RIED,Matteo CAIROLI,Marvin DIENST,2017_Fuji,LMGTE Am,GT (GTE Pro/Am),113.846
Gulf Racing UK #86,22,4,Gulf Racing UK,Porsche 911 RSR (991),LMGTE Am,,Fuji,6,2017,106,4:26:53.963,7 Laps,1 Laps,Dunlop,Classified,69.0,1:54.493,143.5,Michael HEDLUND,Benjamin BARKER,Nicholas FOSTER,2017_Fuji,LMGTE Am,GT (GTE Pro/Am),114.493
Aston Martin Racing #98,23,5,Aston Martin Racing,Aston Martin V8 Vantage,LMGTE Am,,Fuji,6,2017,105,4:25:11.357,8 Laps,1 Laps,Dunlop,Classified,13.0,1:54.121,143.9,Paul DALLA LANA,Pedro LAMY,Mathias LAUDA,2017_Fuji,LMGTE Am,GT (GTE Pro/Am),114.12100000000001
Ford Chip Ganassi Team UK #67,24,8,Ford Chip Ganassi Team UK,Ford GT,LMGTE Pro,,Fuji,6,2017,96,4:25:09.645,17 Laps,9 Laps,Michelin,Classified,9.0,1:49.145,150.5,Andy PRIAULX,Harry TINCKNELL,,2017_Fuji,LMGTE Pro,GT (GTE Pro/Am),109.14500000000001
Jackie Chan DC Racing #37,25,8,Jackie Chan DC Racing,Oreca 07 - Gibson,LMP2,,Fuji,6,2017,52,2:17:05.945,61 Laps,44 Laps,Dunlop,Not classified,8.0,1:46.288,154.5,David CHENG,Alex BRUNDLE,Tristan GOMMENDY,2017_Fuji,LMP2,LMP2,106.288
Vaillante Rebellion #13,26,9,Vaillante Rebellion,Oreca 07 - Gibson,LMP2,,Fuji,6,2017,85,3:30:30.462,28 Laps,-33 Laps,Dunlop,Excluded,17.0,1:46.431,154.3,Mathias BECHE,David HEINEMEIER HANSSON,Nelson PIQUET JR,2017_Fuji,LMP2,LMP2,106.431
Porsche LMP Team #2,1,1,Porsche LMP Team,Porsche 919 Hybrid,LMP1,H,Nurburgring,6,2017,204,6:00:09.607,,,Michelin,Classified,6.0,1:40.882,183.3,Timo BERNHARD,Earl BAMBER,Brendon HARTLEY,2017_Nurburgring,LMP1,Top Class (LMP1/Hypercar),100.882
Porsche LMP Team #1,2,2,Porsche LMP Team,Porsche 919 Hybrid,LMP1,H,Nurburgring,6,2017,204,6:00:11.213,1.606,1.606,Michelin,Classified,5.0,1:41.020,183.1,Neel JANI,André LOTTERER,Nick TANDY,2017_Nurburgring,LMP1,Top Class (LMP1/Hypercar),101.02000000000001
Toyota Gazoo Racing #7,3,3,Toyota Gazoo Racing,Toyota TS050 - Hybrid,LMP1,H,Nurburgring,6,2017,204,6:01:14.375,1'04.768,1'03.162,Michelin,Classified,6.0,1:40.633,183.8,Mike CONWAY,Kamui KOBAYASHI,Jose Maria LOPEZ,2017_Nurburgring,LMP1,Top Class (LMP1/Hypercar),100.63300000000001
Toyota Gazoo Racing #8,4,4,Toyota Gazoo Racing,Toyota TS050 - Hybrid,LMP1,H,Nurburgring,6,2017,199,6:01:47.098,5 Laps,5 Laps,Michelin,Classified,14.0,1:41.771,181.7,Sébastien BUEMI,Anthony DAVIDSON,Kazuki NAKAJIMA,2017_Nurburgring,LMP1,Top Class (LMP1/Hypercar),101.771
Jackie Chan DC Racing #38,5,1,Jackie Chan DC Racing,Oreca 07 - Gibson,LMP2,,Nurburgring,6,2017,191,6:01:07.341,13 Laps,8 Laps,Dunlop,Classified,4.0,1:47.850,171.5,Ho-Pin TUNG,Oliver JARVIS,Thomas LAURENT,2017_Nurburgring,LMP2,LMP2,107.85
Vaillante Rebellion #31,6,2,Vaillante Rebellion,Oreca 07 - Gibson,LMP2,,Nurburgring,6,2017,190,6:00:32.346,14 Laps,1 Laps,Dunlop,Classified,3.0,1:47.933,171.3,Julien CANAL,Bruno SENNA,Filipe ALBUQUERQUE,2017_Nurburgring,LMP2,LMP2,107.93299999999999
Signatech Alpine Matmut #36,7,3,Signatech Alpine Matmut,Alpine A470 - Gibson,LMP2,,Nurburgring,6,2017,190,6:01:00.956,14 Laps,28.610,Dunlop,Classified,4.0,1:47.794,171.6,Nicolas LAPIERRE,Gustavo MENEZES,Matthew RAO,2017_Nurburgring,LMP2,LMP2,107.794
Vaillante Rebellion #13,8,4,Vaillante Rebellion,Oreca 07 - Gibson,LMP2,,Nurburgring,6,2017,190,6:01:07.023,14 Laps,6.067,Dunlop,Classified,8.0,1:47.922,171.4,Mathias BECHE,David HEINEMEIER HANSSON,Luis Felipe DERANI,2017_Nurburgring,LMP2,LMP2,107.922
Jackie Chan DC Racing #37,9,5,Jackie Chan DC Racing,Oreca 07 - Gibson,LMP2,,Nurburgring,6,2017,189,6:00:41.970,15 Laps,1 Laps,Dunlop,Classified,20.0,1:48.358,170.7,David CHENG,Alex BRUNDLE,Tristan GOMMENDY,2017_Nurburgring,LMP2,LMP2,108.358
G-Drive Racing #26,10,6,G-Drive Racing,Oreca 07 - Gibson,LMP2,,Nurburgring,6,2017,188,6:00:43.090,16 Laps,1 Laps,Dunlop,Classified,22.0,1:48.207,170.9,Roman RUSINOV,Pierre THIRIET,Ben HANLEY,2017_Nurburgring,LMP2,LMP2,108.207
CEFC Manor TRS Racing #25,11,7,CEFC Manor TRS Racing,Oreca 07 - Gibson,LMP2,,Nurburgring,6,2017,188,6:00:59.987,16 Laps,16.897,Dunlop,Classified,8.0,1:48.034,171.2,Roberto GONZALEZ,Simon TRUMMER,Vitaly PETROV,2017_Nurburgring,LMP2,LMP2,108.03399999999999
TDS Racing #28,12,8,TDS Racing,Oreca 07 - Gibson,LMP2,,Nurburgring,6,2017,188,6:01:05.727,16 Laps,5.740,Dunlop,Classified,51.0,1:48.494,170.5,François PERRODO,Matthieu VAXIVIERE,Emmanuel COLLARD,2017_Nurburgring,LMP2,LMP2,108.494
CEFC Manor TRS Racing #24,13,9,CEFC Manor TRS Racing,Oreca 07 - Gibson,LMP2,,Nurburgring,6,2017,183,6:01:50.934,21 Laps,5 Laps,Dunlop,Classified,140.0,1:48.864,169.9,Tor GRAVES,Jonathan HIRSCHI,Roberto MERHI,2017_Nurburgring,LMP2,LMP2,108.864
Bykolles Racing Team #4,14,5,Bykolles Racing Team,Enso CLM P1/01 - Nismo,LMP1,,Nurburgring,6,2017,182,6:01:52.517,22 Laps,1 Laps,Michelin,Classified,114.0,1:49.106,169.5,Oliver WEBB,Dominik KRAIHAMER,Marco BONANOMI,2017_Nurburgring,LMP1,Top Class (LMP1/Hypercar),109.106
AF Corse #51,15,1,AF Corse,Ferrari 488 GTE,LMGTE Pro,,Nurburgring,6,2017,179,6:00:41.634,25 Laps,3 Laps,Michelin,Classified,46.0,1:56.822,158.3,James CALADO,Alessandro PIER GUIDI,,2017_Nurburgring,LMGTE Pro,GT (GTE Pro/Am),116.822
Porsche GT Team #91,16,2,Porsche GT Team,Porsche 911 RSR,LMGTE Pro,,Nurburgring,6,2017,179,6:01:31.710,25 Laps,50.076,Michelin,Classified,3.0,1:56.823,158.3,Richard LIETZ,Frédéric MAKOWIECKI,,2017_Nurburgring,LMGTE Pro,GT (GTE Pro/Am),116.82300000000001
Porsche GT Team #92,17,3,Porsche GT Team,Porsche 911 RSR,LMGTE Pro,,Nurburgring,6,2017,179,6:01:40.470,25 Laps,8.760,Michelin,Classified,30.0,1:55.962,159.5,Michael CHRISTENSEN,Kevin ESTRE,,2017_Nurburgring,LMGTE Pro,GT (GTE Pro/Am),115.962
Aston Martin Racing #95,18,4,Aston Martin Racing,Aston Martin Vantage,LMGTE Pro,,Nurburgring,6,2017,178,6:01:36.567,26 Laps,1 Laps,Dunlop,Classified,4.0,1:57.081,158.0,Nicki THIIM,Marco SØRENSEN,,2017_Nurburgring,LMGTE Pro,GT (GTE Pro/Am),117.081
Ford Chip Ganassi Team UK #67,19,5,Ford Chip Ganassi Team UK,Ford GT,LMGTE Pro,,Nurburgring,6,2017,178,6:01:51.903,26 Laps,15.336,Michelin,Classified,4.0,1:57.360,157.6,Andy PRIAULX,Harry TINCKNELL,,2017_Nurburgring,LMGTE Pro,GT (GTE Pro/Am),117.36
Ford Chip Ganassi Team UK #66,20,6,Ford Chip Ganassi Team UK,Ford GT,LMGTE Pro,,Nurburgring,6,2017,178,6:02:05.008,26 Laps,13.105,Michelin,Classified,3.0,1:56.899,158.2,Stefan MÜCKE,Olivier PLA,,2017_Nurburgring,LMGTE Pro,GT (GTE Pro/Am),116.899
Aston Martin Racing #97,21,7,Aston Martin Racing,Aston Martin Vantage,LMGTE Pro,,Nurburgring,6,2017,177,6:00:33.602,27 Laps,1 Laps,Dunlop,Classified,4.0,1:57.524,157.4,Darren TURNER,Jonathan ADAM,Daniel SERRA,2017_Nurburgring,LMGTE Pro,GT (GTE Pro/Am),117.524
Dempsey - Proton Racing #77,22,1,Dempsey - Proton Racing,Porsche 911 RSR (991),LMGTE Am,,Nurburgring,6,2017,175,6:02:02.946,29 Laps,2 Laps,Dunlop,Classified,68.0,1:58.391,156.2,Christian RIED,Matteo CAIROLI,Marvin DIENST,2017_Nurburgring,LMGTE Am,GT (GTE Pro/Am),118.39099999999999
Spirit of Race #54,23,2,Spirit of Race,Ferrari 488 GTE,LMGTE Am,,Nurburgring,6,2017,175,6:02:07.553,29 Laps,4.607,Michelin,Classified,67.0,1:58.414,156.2,Thomas FLOHR,Francesco CASTELLACCI,Miguel MOLINA,2017_Nurburgring,LMGTE Am,GT (GTE Pro/Am),118.414
Aston Martin Racing #98,24,3,Aston Martin Racing,Aston Martin V8 Vantage,LMGTE Am,,Nurburgring,6,2017,174,6:00:45.569,30 Laps,1 Laps,Dunlop,Classified,4.0,1:58.702,155.8,Paul DALLA LANA,Pedro LAMY,Mathias LAUDA,2017_Nurburgring,LMGTE Am,GT (GTE Pro/Am),118.702
AF Corse #71,25,8,AF Corse,Ferrari 488 GTE,LMGTE Pro,,Nurburgring,6,2017,174,6:01:17.935,30 Laps,32.366,Michelin,Classified,143.0,1:56.876,158.2,Davide RIGON,Toni VILANDER,,2017_Nurburgring,LMGTE Pro,GT (GTE Pro/Am),116.876
Clearwater Racing #61,26,4,Clearwater Racing,Ferrari 488 GTE,LMGTE Am,,Nurburgring,6,2017,173,6:00:19.061,31 Laps,1 Laps,Michelin,Classified,68.0,1:58.100,156.6,Weng Sun MOK,Keita SAWA,Matt GRIFFIN,2017_Nurburgring,LMGTE Am,GT (GTE Pro/Am),118.1
Gulf Racing UK #86,27,5,Gulf Racing UK,Porsche 911 RSR (991),LMGTE Am,,Nurburgring,6,2017,173,6:01:27.275,31 Laps,1'08.214,Dunlop,Classified,117.0,1:58.658,155.9,Michael WAINWRIGHT,Benjamin BARKER,Nicholas FOSTER,2017_Nurburgring,LMGTE Am,GT (GTE Pro/Am),118.658
Tockwith Motorsports #34,28,10,Tockwith Motorsports,Ligier JSP217 - Gibson,LMP2,,Nurburgring,6,2017,112,5:48:31.865,92 Laps,61 Laps,Dunlop,Not classified,5.0,1:49.611,168.7,Nigel MOORE,Philip HANSON,,2017_Nurburgring,LMP2,LMP2,109.61099999999999
Signatech Alpine Matmut #35,29,11,Signatech Alpine Matmut,Alpine A470 - Gibson,LMP2,,Nurburgring,6,2017,61,1:59:14.311,143 Laps,51 Laps,Dunlop,Not classified,9.0,1:49.459,169.0,Pierre RAGUES,André NEGRÃO,Nelson PANCIATICI,2017_Nurburgring,LMP2,LMP2,109.459
Porsche LMP Team #2,1,1,Porsche LMP Team,Porsche 919 Hybrid,LMP1,H,LeMans,24,2017,367,24:01:14.075,,,Michelin,Classified,85.0,3:19.782,245.6,Timo BERNHARD,Earl BAMBER,Brendon HARTLEY,2017_LeMans,LMP1,Top Class (LMP1/Hypercar),199.782
Jackie Chan DC Racing #38,2,1,Jackie Chan DC Racing,Oreca 07 - Gibson,LMP2,,LeMans,24,2017,366,24:01:41.080,1 Laps,1 Laps,Dunlop,Classified,227.0,3:28.632,235.2,Ho-Pin TUNG,Thomas LAURENT,Oliver JARVIS,2017_LeMans,LMP2,LMP2,208.632
Vaillante Rebellion #13,3,2,Vaillante Rebellion,Oreca 07 - Gibson,LMP2,,LeMans,24,2017,364,24:04:32.351,3 Laps,2 Laps,Dunlop,Classified,244.0,3:28.785,235.0,Nelson PIQUET JR,David HEINEMEIER HANSSON,Mathias BECHE,2017_LeMans,LMP2,LMP2,208.785
Jackie Chan DC Racing #37,4,3,Jackie Chan DC Racing,Oreca 07 - Gibson,LMP2,,LeMans,24,2017,363,24:01:41.097,4 Laps,1 Laps,Dunlop,Classified,243.0,3:29.418,234.3,David CHENG,Tristan GOMMENDY,Alex BRUNDLE,2017_LeMans,LMP2,LMP2,209.418
Signatech Alpine Matmut #35,5,4,Signatech Alpine Matmut,Alpine A470 - Gibson,LMP2,,LeMans,24,2017,362,24:01:14.873,5 Laps,1 Laps,Dunlop,Classified,257.0,3:30.551,233.0,Nelson PANCIATICI,Pierre RAGUES,André NEGRÃO,2017_LeMans,LMP2,LMP2,210.551
United Autosports #32,6,5,United Autosports,Ligier JSP217 - Gibson,LMP2,,LeMans,24,2017,362,24:04:46.653,5 Laps,3'31.780,Dunlop,Classified,4.0,3:31.678,231.8,Will OWEN,Hugo DE SADELEER,Filipe ALBUQUERQUE,2017_LeMans,LMP2,LMP2,211.678
Graff #40,7,6,Graff,Oreca 07 - Gibson,LMP2,,LeMans,24,2017,361,24:04:37.555,6 Laps,1 Laps,Dunlop,Classified,4.0,3:30.485,233.1,James ALLEN,Franck MATELLI,Richard BRADLEY,2017_LeMans,LMP2,LMP2,210.485
CEFC Manor TRS Racing #24,8,7,CEFC Manor TRS Racing,Oreca 07 - Gibson,LMP2,,LeMans,24,2017,360,24:02:24.553,7 Laps,1 Laps,Dunlop,Classified,248.0,3:28.873,234.9,Tor GRAVES,Jonathan HIRSCHI,Jean-Eric VERGNE,2017_LeMans,LMP2,LMP2,208.873
Toyota Gazoo Racing #8,9,2,Toyota Gazoo Racing,Toyota TS050 - Hybrid,LMP1,H,LeMans,24,2017,358,24:02:05.621,9 Laps,2 Laps,Michelin,Classified,330.0,3:18.604,247.0,Sébastien BUEMI,Anthony DAVIDSON,Kazuki NAKAJIMA,2017_LeMans,LMP1,Top Class (LMP1/Hypercar),198.60399999999998
Cetilar Villorba Corse #47,10,8,Cetilar Villorba Corse,Dallara P217 - Gibson,LMP2,,LeMans,24,2017,353,24:02:37.198,14 Laps,5 Laps,Dunlop,Classified,204.0,3:32.606,230.8,Roberto LACORTE,Giorgio SERNAGIOTTO,Andrea BELICCHI,2017_LeMans,LMP2,LMP2,212.606
Signatech Alpine Matmut #36,11,9,Signatech Alpine Matmut,Alpine A470 - Gibson,LMP2,,LeMans,24,2017,351,24:03:52.052,16 Laps,2 Laps,Dunlop,Classified,229.0,3:30.060,233.6,Romain DUMAS,Gustavo MENEZES,Matthew RAO,2017_LeMans,LMP2,LMP2,210.06
Tockwith Motorsports #34,12,10,Tockwith Motorsports,Ligier JSP217 - Gibson,LMP2,,LeMans,24,2017,351,24:04:49.751,16 Laps,57.699,Dunlop,Classified,40.0,3:33.875,229.4,Nigel MOORE,Philip HANSON,Karun CHANDHOK,2017_LeMans,LMP2,LMP2,213.875
Idec Sport Racing #17,13,11,Idec Sport Racing,Ligier JSP217 - Gibson,LMP2,,LeMans,24,2017,344,24:02:03.096,23 Laps,7 Laps,Michelin,Classified,15.0,3:37.781,225.3,Patrice LAFARGUE,Paul LAFARGUE,David ZOLLINGER,2017_LeMans,LMP2,LMP2,217.781
Racing Team Nederland #29,14,12,Racing Team Nederland,Dallara P217 - Gibson,LMP2,,LeMans,24,2017,344,24:02:23.011,23 Laps,19.915,Dunlop,Classified,295.0,3:34.857,228.4,Jan LAMMERS,Frits VAN EERD,Rubens BARRICHELLO,2017_LeMans,LMP2,LMP2,214.857
Dragonspeed - 10 Star #21,15,13,Dragonspeed - 10 Star,Oreca 07 - Gibson,LMP2,,LeMans,24,2017,343,24:03:10.915,24 Laps,1 Laps,Dunlop,Classified,227.0,3:30.336,233.3,Henrik HEDMAN,Ben HANLEY,Felix ROSENQVIST,2017_LeMans,LMP2,LMP2,210.336
Eurasia Motorsport #33,16,14,Eurasia Motorsport,Ligier JSP217 - Gibson,LMP2,,LeMans,24,2017,341,24:01:16.286,26 Laps,2 Laps,Dunlop,Classified,5.0,3:36.750,226.4,Jacques NICOLET,Pierre NICOLET,Erik MARIS,2017_LeMans,LMP2,LMP2,216.75
Vaillante Rebellion #31,17,15,Vaillante Rebellion,Oreca 07 - Gibson,LMP2,,LeMans,24,2017,340,24:03:26.270,27 Laps,1 Laps,Dunlop,Classified,225.0,3:29.072,234.7,Nicolas PROST,Julien CANAL,Bruno SENNA,2017_LeMans,LMP2,LMP2,209.072
Aston Martin Racing #97,18,1,Aston Martin Racing,Aston Martin Vantage,LMGTE Pro,,LeMans,24,2017,340,24:03:35.578,27 Laps,9.308,Dunlop,Classified,224.0,3:50.950,212.4,Darren TURNER,Jonathan ADAM,Daniel SERRA,2017_LeMans,LMGTE Pro,GT (GTE Pro/Am),230.95
Ford Chip Ganassi Team UK #67,19,2,Ford Chip Ganassi Team UK,Ford GT,LMGTE Pro,,LeMans,24,2017,340,24:05:08.283,27 Laps,1'32.705,Michelin,Classified,224.0,3:51.438,212.0,Andy PRIAULX,Harry TINCKNELL,Luis Felipe DERANI,2017_LeMans,LMGTE Pro,GT (GTE Pro/Am),231.438
Corvette Racing - GM #63,20,3,Corvette Racing - GM,Chevrolet Corvette C7.R,LMGTE Pro,,LeMans,24,2017,340,24:05:11.927,27 Laps,3.644,Michelin,Classified,213.0,3:51.156,212.3,Jan MAGNUSSEN,Antonio GARCIA,Jordan TAYLOR,2017_LeMans,LMGTE Pro,GT (GTE Pro/Am),231.156
Porsche GT Team #91,21,4,Porsche GT Team,Porsche 911 RSR,LMGTE Pro,,LeMans,24,2017,339,24:02:01.725,28 Laps,1 Laps,Michelin,Classified,241.0,3:51.549,211.9,Richard LIETZ,Frédéric MAKOWIECKI,Patrick PILET,2017_LeMans,LMGTE Pro,GT (GTE Pro/Am),231.549
AF Corse #71,22,5,AF Corse,Ferrari 488 GTE,LMGTE Pro,,LeMans,24,2017,339,24:03:07.323,28 Laps,1'05.598,Michelin,Classified,220.0,3:51.846,211.6,Davide RIGON,Sam BIRD,Miguel MOLINA,2017_LeMans,LMGTE Pro,GT (GTE Pro/Am),231.846
Ford Chip Ganassi Team USA #68,23,6,Ford Chip Ganassi Team USA,Ford GT,LMGTE Pro,,LeMans,24,2017,339,24:04:38.154,28 Laps,1'30.831,Michelin,Classified,256.0,3:51.640,211.8,Joey HAND,Dirk MÜLLER,Tony KANAAN,2017_LeMans,LMGTE Pro,GT (GTE Pro/Am),231.64
Ford Chip Ganassi Team USA #69,24,7,Ford Chip Ganassi Team USA,Ford GT,LMGTE Pro,,LeMans,24,2017,337,24:04:03.586,30 Laps,2 Laps,Michelin,Classified,89.0,3:51.733,211.7,Ryan BRISCOE,Richard WESTBROOK,Scott DIXON,2017_LeMans,LMGTE Pro,GT (GTE Pro/Am),231.733
Corvette Racing - GM #64,25,8,Corvette Racing - GM,Chevrolet Corvette C7.R,LMGTE Pro,,LeMans,24,2017,335,24:04:22.104,32 Laps,2 Laps,Michelin,Classified,215.0,3:51.510,211.9,Oliver GAVIN,Tommy MILNER,Marcel FÄSSLER,2017_LeMans,LMGTE Pro,GT (GTE Pro/Am),231.51
Aston Martin Racing #95,26,9,Aston Martin Racing,Aston Martin Vantage,LMGTE Pro,,LeMans,24,2017,334,24:03:37.016,33 Laps,1 Laps,Dunlop,Classified,88.0,3:51.276,212.1,Nicki THIIM,Marco SØRENSEN,Richie STANAWAY,2017_LeMans,LMGTE Pro,GT (GTE Pro/Am),231.276
JMW Motorsport #84,27,1,JMW Motorsport,Ferrari 488 GTE,LMGTE Am,,LeMans,24,2017,333,24:04:25.339,34 Laps,1 Laps,Michelin,Classified,124.0,3:54.461,209.3,Robert SMITH,Will STEVENS,Dries VANTHOOR,2017_LeMans,LMGTE Am,GT (GTE Pro/Am),234.461
Ford Chip Ganassi Team UK #66,28,10,Ford Chip Ganassi Team UK,Ford GT,LMGTE Pro,,LeMans,24,2017,332,24:04:50.601,35 Laps,1 Laps,Michelin,Classified,30.0,3:51.828,211.6,Stefan MÜCKE,Olivier PLA,Billy JOHNSON,2017_LeMans,LMGTE Pro,GT (GTE Pro/Am),231.828
Spirit of Race #55,29,2,Spirit of Race,Ferrari 488 GTE,LMGTE Am,,LeMans,24,2017,331,24:01:22.314,36 Laps,1 Laps,Michelin,Classified,214.0,3:53.944,209.7,Duncan CAMERON,Aaron SCOTT,Marco CIOCI,2017_LeMans,LMGTE Am,GT (GTE Pro/Am),233.94400000000002
Scuderia Corsa #62,30,3,Scuderia Corsa,Ferrari 488 GTE,LMGTE Am,,LeMans,24,2017,331,24:03:50.573,36 Laps,2'28.259,Michelin,Classified,214.0,3:55.010,208.8,Cooper MACNEIL,William SWEEDLER,Townsend BELL,2017_LeMans,LMGTE Am,GT (GTE Pro/Am),235.01
Beechdean AMR #99,31,4,Beechdean AMR,Aston Martin Vantage,LMGTE Am,,LeMans,24,2017,331,24:05:07.311,36 Laps,1'16.738,Dunlop,Classified,191.0,3:53.797,209.9,Andrew HOWARD,Ross GUNN,Oliver BRYANT,2017_LeMans,LMGTE Am,GT (GTE Pro/Am),233.797
Clearwater Racing #61,32,5,Clearwater Racing,Ferrari 488 GTE,LMGTE Am,,LeMans,24,2017,330,24:02:35.669,37 Laps,1 Laps,Michelin,Classified,56.0,3:54.977,208.8,Weng Sun MOK,Keita SAWA,Matt GRIFFIN,2017_LeMans,LMGTE Am,GT (GTE Pro/Am),234.977
Algarve Pro Racing #45,33,16,Algarve Pro Racing,Ligier JSP217 - Gibson,LMP2,,LeMans,24,2017,330,24:03:25.479,37 Laps,49.810,Dunlop,Classified,197.0,3:32.524,230.9,Mark PATTERSON,Matthew MCMURRY,Vincent CAPILLAIRE,2017_LeMans,LMP2,LMP2,212.524
SMP Racing #27,34,17,SMP Racing,Dallara P217 - Gibson,LMP2,,LeMans,24,2017,330,24:04:41.031,37 Laps,1'15.552,Dunlop,Classified,183.0,3:29.641,234.0,Mikhail ALESHIN,Sergey SIROTKIN,Victor SHAITAR,2017_LeMans,LMP2,LMP2,209.641
Dempsey - Proton Racing #77,35,6,Dempsey - Proton Racing,Porsche 911 RSR 991,LMGTE Am,,LeMans,24,2017,329,24:01:25.672,38 Laps,1 Laps,Dunlop,Classified,213.0,3:55.191,208.6,Christian RIED,Matteo CAIROLI,Marvin DIENST,2017_LeMans,LMGTE Am,GT (GTE Pro/Am),235.191
TF Sport #90,36,7,TF Sport,Aston Martin Vantage,LMGTE Am,,LeMans,24,2017,329,24:02:03.845,38 Laps,38.173,Dunlop,Classified,211.0,3:53.320,210.3,Salih YOLUC,Euan HANKEY,Rob BELL,2017_LeMans,LMGTE Am,GT (GTE Pro/Am),233.32
Aston Martin Racing #98,37,8,Aston Martin Racing,Aston Martin Vantage,LMGTE Am,,LeMans,24,2017,329,24:02:40.459,38 Laps,36.614,Dunlop,Classified,250.0,3:53.684,210.0,Paul DALLA LANA,Pedro LAMY,Mathias LAUDA,2017_LeMans,LMGTE Am,GT (GTE Pro/Am),233.684
Proton Competition #93,38,9,Proton Competition,Porsche 911 RSR 991,LMGTE Am,,LeMans,24,2017,329,24:05:05.977,38 Laps,2'25.518,Dunlop,Classified,205.0,3:58.089,206.1,Patrick LONG,Abdulaziz AL FAISAL,Michael HEDLUND,2017_LeMans,LMGTE Am,GT (GTE Pro/Am),238.089
Gulf Racing UK #86,39,10,Gulf Racing UK,Porsche 911 RSR (2016),LMGTE Am,,LeMans,24,2017,328,24:04:29.838,39 Laps,1 Laps,Dunlop,Classified,184.0,3:57.456,206.6,Michael WAINWRIGHT,Benjamin BARKER,Nicholas FOSTER,2017_LeMans,LMGTE Am,GT (GTE Pro/Am),237.45600000000002
G-Drive Racing #22,40,18,G-Drive Racing,Oreca 07 - Gibson,LMP2,,LeMans,24,2017,327,24:01:55.583,40 Laps,1 Laps,Dunlop,Classified,227.0,3:31.721,231.7,Memo ROJAS,Ryo HIRAKAWA,Jose GUTIERREZ,2017_LeMans,LMP2,LMP2,211.721
Clearwater Racing #60,41,11,Clearwater Racing,Ferrari 488 GTE,LMGTE Am,,LeMans,24,2017,327,24:02:36.037,40 Laps,40.454,Michelin,Classified,150.0,3:54.089,209.6,Richard WEE,Hiroki KATOH,Alvaro PARENTE,2017_LeMans,LMGTE Am,GT (GTE Pro/Am),234.089
Spirit of Race #54,42,12,Spirit of Race,Ferrari 488 GTE,LMGTE Am,,LeMans,24,2017,326,24:03:26.836,41 Laps,1 Laps,Michelin,Classified,143.0,3:56.298,207.6,Thomas FLOHR,Francesco CASTELLACCI,Olivier BERETTA,2017_LeMans,LMGTE Am,GT (GTE Pro/Am),236.298
DH Racing #83,43,13,DH Racing,Ferrari 488 GTE,LMGTE Am,,LeMans,24,2017,320,24:02:11.781,47 Laps,6 Laps,Michelin,Classified,86.0,3:55.058,208.7,Tracy KROHN,Niclas JÖNSSON,Andrea BERTOLINI,2017_LeMans,LMGTE Am,GT (GTE Pro/Am),235.058
Graff #39,44,19,Graff,Oreca 07 - Gibson,LMP2,,LeMans,24,2017,318,24:01:24.345,49 Laps,2 Laps,Dunlop,Classified,233.0,3:29.210,234.5,Enzo GUIBBERT,Eric TROUILLET,James WINSLOW,2017_LeMans,LMP2,LMP2,209.21
Scuderia Corsa #65,45,14,Scuderia Corsa,Ferrari 488 GTE,LMGTE Am,,LeMans,24,2017,314,24:01:25.608,53 Laps,4 Laps,Michelin,Classified,217.0,3:54.843,208.9,Christina NIELSEN,Alessandro BALZAN,Bret CURTIS,2017_LeMans,LMGTE Am,GT (GTE Pro/Am),234.84300000000002
Arc Bratislava #49,46,20,Arc Bratislava,Ligier JSP217 - Gibson,LMP2,,LeMans,24,2017,314,24:05:14.795,53 Laps,3'49.187,Dunlop,Classified,167.0,3:33.096,230.2,Miroslav KONOPKA,Konstantin CALKO,Rik BREUKERS,2017_LeMans,LMP2,LMP2,213.096
AF Corse #51,47,11,AF Corse,Ferrari 488 GTE,LMGTE Pro,,LeMans,24,2017,312,24:02:53.224,55 Laps,2 Laps,Michelin,Classified,213.0,3:51.422,212.0,James CALADO,Alessandro PIER GUIDI,Michele RUGOLO,2017_LeMans,LMGTE Pro,GT (GTE Pro/Am),231.422
Keating Motorsports #43,48,21,Keating Motorsports,Riley MK30 - GIBSON,LMP2,,LeMans,24,2017,312,24:04:03.134,55 Laps,1'09.910,Michelin,Classified,175.0,3:37.434,225.7,Ben KEATING,Jeroen BLEEKEMOLEN,Ricky TAYLOR,2017_LeMans,LMP2,LMP2,217.434
Larbre Competition #50,49,15,Larbre Competition,Chevrolet Corvette C7.R,LMGTE Am,,LeMans,24,2017,309,24:04:49.425,58 Laps,3 Laps,Michelin,Classified,4.0,3:53.857,209.8,Fernando REES,Romain BRANDELA,Christian PHILIPPON,2017_LeMans,LMGTE Am,GT (GTE Pro/Am),233.857
Porsche LMP Team #1,50,3,Porsche LMP Team,Porsche 919 Hybrid,LMP1,H,LeMans,24,2017,318,20:08:35.777,49 Laps,-9 Laps,Michelin,Retired,3.0,3:18.805,246.8,Neel JANI,André LOTTERER,Nick TANDY,2017_LeMans,LMP1,Top Class (LMP1/Hypercar),198.805
Panis Barthez Competition #23,51,22,Panis Barthez Competition,Ligier JSP217 - Gibson,LMP2,,LeMans,24,2017,296,20:12:46.080,71 Laps,22 Laps,Michelin,Retired,266.0,3:33.049,230.3,Fabien BARTHEZ,Timothé BURET,Nathanaël BERTHON,2017_LeMans,LMP2,LMP2,213.049
TDS Racing #28,52,23,TDS Racing,Oreca 07 - Gibson,LMP2,,LeMans,24,2017,213,14:37:16.976,154 Laps,83 Laps,Dunlop,Retired,158.0,3:31.517,232.0,François PERRODO,Matthieu VAXIVIERE,Emmanuel COLLARD,2017_LeMans,LMP2,LMP2,211.517
Porsche GT Team #92,53,12,Porsche GT Team,Porsche 911 RSR,LMGTE Pro,,LeMans,24,2017,179,12:57:03.073,188 Laps,34 Laps,Michelin,Retired,156.0,3:51.699,211.8,Michael CHRISTENSEN,Kevin ESTRE,Dirk WERNER,2017_LeMans,LMGTE Pro,GT (GTE Pro/Am),231.699
Toyota Gazoo Racing #9,54,4,Toyota Gazoo Racing,Toyota TS050 - Hybrid,LMP1,H,LeMans,24,2017,160,10:10:31.921,207 Laps,19 Laps,Michelin,Retired,75.0,3:19.321,246.2,Nicolas LAPIERRE,Yuji KUNIMOTO,Jose Maria LOPEZ,2017_LeMans,LMP1,Top Class (LMP1/Hypercar),199.321
Toyota Gazoo Racing #7,55,5,Toyota Gazoo Racing,Toyota TS050 - Hybrid,LMP1,H,LeMans,24,2017,154,9:43:04.379,213 Laps,6 Laps,Michelin,Retired,3.0,3:18.694,246.9,Mike CONWAY,Kamui KOBAYASHI,Stéphane SARRAZIN,2017_LeMans,LMP1,Top Class (LMP1/Hypercar),198.694
CEFC Manor TRS Racing #25,56,24,CEFC Manor TRS Racing,Oreca 07 - Gibson,LMP2,,LeMans,24,2017,152,10:10:31.428,215 Laps,2 Laps,Dunlop,Retired,106.0,3:29.143,234.6,Roberto GONZALEZ,Simon TRUMMER,Vitaly PETROV,2017_LeMans,LMP2,LMP2,209.143
Risi Competizione #82,57,13,Risi Competizione,Ferrari 488 GTE,LMGTE Pro,,LeMans,24,2017,72,4:58:37.414,295 Laps,80 Laps,Michelin,Retired,38.0,3:52.298,211.2,Toni VILANDER,Giancarlo FISICHELLA,Pierre KAFFER,2017_LeMans,LMGTE Pro,GT (GTE Pro/Am),232.298
G-Drive Racing #26,58,25,G-Drive Racing,Oreca 07 - Gibson,LMP2,,LeMans,24,2017,20,1:28:18.463,347 Laps,52 Laps,Dunlop,Retired,3.0,3:31.213,232.3,Roman RUSINOV,Pierre THIRIET,Alex LYNN,2017_LeMans,LMP2,LMP2,211.213
Proton Competition #88,59,16,Proton Competition,Porsche 911 RSR 991,LMGTE Am,,LeMans,24,2017,18,1:18:07.557,349 Laps,2 Laps,Dunlop,Retired,13.0,4:01.338,203.3,Klaus BACHLER,Stéphane LEMERET,Khaled AL QUBAISI,2017_LeMans,LMGTE Am,GT (GTE Pro/Am),241.338
Bykolles Racing Team #4,60,6,Bykolles Racing Team,Enso CLM P1/01 - Nismo,LMP1,,LeMans,24,2017,7,29:52.736,360 Laps,11 Laps,Michelin,Retired,4.0,3:25.919,238.3,Oliver WEBB,Dominik KRAIHAMER,Marco BONANOMI,2017_LeMans,LMP1,Top Class (LMP1/Hypercar),205.919
Toyota Gazoo Racing #8,1,1,Toyota Gazoo Racing,Toyota TS050 - Hybrid,LMP1,H,Shanghai,6,2017,195,6:00:40.777,,,Michelin,Classified,4.0,1:45.892,185.3,Sébastien BUEMI,Anthony DAVIDSON,Kazuki NAKAJIMA,2017_Shanghai,LMP1,Top Class (LMP1/Hypercar),105.892
Porsche LMP Team #2,2,2,Porsche LMP Team,Porsche 919 Hybrid,LMP1,H,Shanghai,6,2017,194,6:00:44.960,1 Laps,1 Laps,Michelin,Classified,139.0,1:46.136,184.9,Timo BERNHARD,Earl BAMBER,Brendon HARTLEY,2017_Shanghai,LMP1,Top Class (LMP1/Hypercar),106.136
Porsche LMP Team #1,3,3,Porsche LMP Team,Porsche 919 Hybrid,LMP1,H,Shanghai,6,2017,194,6:01:13.174,1 Laps,28.214,Michelin,Classified,2.0,1:46.346,184.5,Neel JANI,André LOTTERER,Nick TANDY,2017_Shanghai,LMP1,Top Class (LMP1/Hypercar),106.346
Toyota Gazoo Racing #7,4,4,Toyota Gazoo Racing,Toyota TS050 - Hybrid,LMP1,H,Shanghai,6,2017,188,6:01:55.423,7 Laps,6 Laps,Michelin,Classified,4.0,1:46.033,185.1,Mike CONWAY,Kamui KOBAYASHI,Jose Maria LOPEZ,2017_Shanghai,LMP1,Top Class (LMP1/Hypercar),106.033
Vaillante Rebellion #31,5,1,Vaillante Rebellion,Oreca 07 - Gibson,LMP2,,Shanghai,6,2017,183,6:01:34.869,12 Laps,5 Laps,Dunlop,Classified,3.0,1:51.793,175.5,Julien CANAL,Nicolas PROST,Bruno SENNA,2017_Shanghai,LMP2,LMP2,111.793
Signatech Alpine Matmut #36,6,2,Signatech Alpine Matmut,Alpine A470 - Gibson,LMP2,,Shanghai,6,2017,183,6:02:10.149,12 Laps,35.280,Dunlop,Classified,3.0,1:51.980,175.2,Nicolas LAPIERRE,Gustavo MENEZES,André NEGRÃO,2017_Shanghai,LMP2,LMP2,111.97999999999999
Vaillante Rebellion #13,7,3,Vaillante Rebellion,Oreca 07 - Gibson,LMP2,,Shanghai,6,2017,182,6:00:46.539,13 Laps,1 Laps,Dunlop,Classified,4.0,1:52.603,174.3,Mathias BECHE,David HEINEMEIER HANSSON,Nelson PIQUET JR,2017_Shanghai,LMP2,LMP2,112.60300000000001
Jackie Chan DC Racing #38,8,4,Jackie Chan DC Racing,Oreca 07 - Gibson,LMP2,,Shanghai,6,2017,182,6:01:03.026,13 Laps,16.487,Dunlop,Classified,45.0,1:51.845,175.5,Ho-Pin TUNG,Oliver JARVIS,Thomas LAURENT,2017_Shanghai,LMP2,LMP2,111.845
CEFC Manor TRS Racing #25,9,5,CEFC Manor TRS Racing,Oreca 07 - Gibson,LMP2,,Shanghai,6,2017,182,6:01:31.958,13 Laps,28.932,Dunlop,Classified,4.0,1:53.072,173.5,Roberto GONZALEZ,Simon TRUMMER,Vitaly PETROV,2017_Shanghai,LMP2,LMP2,113.072
TDS Racing #28,10,6,TDS Racing,Oreca 07 - Gibson,LMP2,,Shanghai,6,2017,182,6:02:04.936,13 Laps,32.978,Dunlop,Classified,141.0,1:52.492,174.4,François PERRODO,Matthieu VAXIVIERE,Emmanuel COLLARD,2017_Shanghai,LMP2,LMP2,112.49199999999999
G-Drive Racing #26,11,7,G-Drive Racing,Oreca 07 - Gibson,LMP2,,Shanghai,6,2017,181,6:02:04.177,14 Laps,1 Laps,Dunlop,Classified,4.0,1:52.666,174.2,Roman RUSINOV,Léo ROUSSEL,Nico MULLER,2017_Shanghai,LMP2,LMP2,112.666
Jackie Chan DC Racing #37,12,8,Jackie Chan DC Racing,Oreca 07 - Gibson,LMP2,,Shanghai,6,2017,181,6:02:07.410,14 Laps,3.233,Dunlop,Classified,45.0,1:52.322,174.7,David CHENG,Alex BRUNDLE,Tristan GOMMENDY,2017_Shanghai,LMP2,LMP2,112.322
CEFC Manor TRS Racing #24,13,9,CEFC Manor TRS Racing,Oreca 07 - Gibson,LMP2,,Shanghai,6,2017,181,6:02:36.788,14 Laps,29.378,Dunlop,Classified,3.0,1:52.314,174.7,Matthew RAO,Ben HANLEY,Jean-Eric VERGNE,2017_Shanghai,LMP2,LMP2,112.314
Ford Chip Ganassi Team UK #67,14,1,Ford Chip Ganassi Team UK,Ford GT,LMGTE Pro,,Shanghai,6,2017,170,6:00:58.797,25 Laps,11 Laps,Michelin,Classified,98.0,2:02.240,160.5,Andy PRIAULX,Harry TINCKNELL,,2017_Shanghai,LMGTE Pro,GT (GTE Pro/Am),122.24
Porsche GT Team #91,15,2,Porsche GT Team,Porsche 911 RSR,LMGTE Pro,,Shanghai,6,2017,170,6:01:09.879,25 Laps,11.082,Michelin,Classified,125.0,2:02.660,160.0,Richard LIETZ,Frédéric MAKOWIECKI,,2017_Shanghai,LMGTE Pro,GT (GTE Pro/Am),122.66
AF Corse #51,16,3,AF Corse,Ferrari 488 GTE,LMGTE Pro,,Shanghai,6,2017,170,6:01:18.717,25 Laps,8.838,Michelin,Classified,31.0,2:02.161,160.6,James CALADO,Alessandro PIER GUIDI,,2017_Shanghai,LMGTE Pro,GT (GTE Pro/Am),122.161
Ford Chip Ganassi Team UK #66,17,4,Ford Chip Ganassi Team UK,Ford GT,LMGTE Pro,,Shanghai,6,2017,170,6:01:37.536,25 Laps,18.819,Michelin,Classified,2.0,2:02.154,160.6,Stefan MÜCKE,Olivier PLA,,2017_Shanghai,LMGTE Pro,GT (GTE Pro/Am),122.154
Aston Martin Racing #95,18,5,Aston Martin Racing,Aston Martin VANTAGE,LMGTE Pro,,Shanghai,6,2017,170,6:02:06.338,25 Laps,28.802,Dunlop,Classified,2.0,2:02.631,160.0,Nicki THIIM,Marco SØRENSEN,,2017_Shanghai,LMGTE Pro,GT (GTE Pro/Am),122.631
AF Corse #71,19,6,AF Corse,Ferrari 488 GTE,LMGTE Pro,,Shanghai,6,2017,170,6:02:07.114,25 Laps,0.776,Michelin,Classified,117.0,2:02.520,160.2,Davide RIGON,Sam BIRD,,2017_Shanghai,LMGTE Pro,GT (GTE Pro/Am),122.52
Aston Martin Racing #97,20,7,Aston Martin Racing,Aston Martin VANTAGE,LMGTE Pro,,Shanghai,6,2017,170,6:02:47.851,25 Laps,40.737,Dunlop,Classified,93.0,2:02.609,160.1,Darren TURNER,Jonathan ADAM,,2017_Shanghai,LMGTE Pro,GT (GTE Pro/Am),122.609
Aston Martin Racing #98,21,1,Aston Martin Racing,Aston Martin V8 Vantage,LMGTE Am,,Shanghai,6,2017,166,6:01:03.124,29 Laps,4 Laps,Dunlop,Classified,142.0,2:03.652,158.7,Paul DALLA LANA,Pedro LAMY,Mathias LAUDA,2017_Shanghai,LMGTE Am,GT (GTE Pro/Am),123.652
Gulf Racing UK #86,22,2,Gulf Racing UK,Porsche 911 RSR (991),LMGTE Am,,Shanghai,6,2017,165,6:01:13.862,30 Laps,1 Laps,Dunlop,Classified,94.0,2:04.377,157.8,Khaled AL QUBAISI,Benjamin BARKER,Nicholas FOSTER,2017_Shanghai,LMGTE Am,GT (GTE Pro/Am),124.377
Dempsey - Proton Racing #77,23,3,Dempsey - Proton Racing,Porsche 911 RSR (991),LMGTE Am,,Shanghai,6,2017,164,6:00:41.293,31 Laps,1 Laps,Dunlop,Classified,96.0,2:03.531,158.9,Christian RIED,Matteo CAIROLI,Marvin DIENST,2017_Shanghai,LMGTE Am,GT (GTE Pro/Am),123.531
Clearwater Racing #61,24,4,Clearwater Racing,Ferrari 488 GTE,LMGTE Am,,Shanghai,6,2017,158,6:00:44.419,37 Laps,6 Laps,Michelin,Classified,132.0,2:03.986,158.3,Weng Sun MOK,Keita SAWA,Matt GRIFFIN,2017_Shanghai,LMGTE Am,GT (GTE Pro/Am),123.986
Porsche GT Team #92,25,8,Porsche GT Team,Porsche 911 RSR,LMGTE Pro,,Shanghai,6,2017,65,2:16:46.744,130 Laps,93 Laps,Michelin,Not classified,2.0,2:02.427,160.3,Michael CHRISTENSEN,Kevin ESTRE,,2017_Shanghai,LMGTE Pro,GT (GTE Pro/Am),122.427
Spirit of Race #54,26,5,Spirit of Race,Ferrari 488 GTE,LMGTE Am,,Shanghai,6,2017,37,1:21:37.147,158 Laps,28 Laps,Michelin,Not classified,3.0,2:04.669,157.4,Thomas FLOHR,Francesco CASTELLACCI,Miguel MOLINA,2017_Shanghai,LMGTE Am,GT (GTE Pro/Am),124.669
Porsche LMP Team #2,1,1,Porsche LMP Team,Porsche 919 Hybrid,LMP1,H,Mexico,6,2017,240,6:00:05.757,,,Michelin,Classified,3.0,1:25.730,180.7,Timo BERNHARD,Earl BAMBER,Brendon HARTLEY,2017_Mexico,LMP1,Top Class (LMP1/Hypercar),85.73
Porsche LMP Team #1,2,2,Porsche LMP Team,Porsche 919 Hybrid,LMP1,H,Mexico,6,2017,240,6:00:12.898,7.141,7.141,Michelin,Classified,3.0,1:25.876,180.4,Neel JANI,André LOTTERER,Nick TANDY,2017_Mexico,LMP1,Top Class (LMP1/Hypercar),85.876
Toyota Gazoo Racing #8,3,3,Toyota Gazoo Racing,Toyota TS050 - Hybrid,LMP1,H,Mexico,6,2017,239,6:00:59.221,1 Laps,1 Laps,Michelin,Classified,233.0,1:26.445,179.2,Sébastien BUEMI,Anthony DAVIDSON,Kazuki NAKAJIMA,2017_Mexico,LMP1,Top Class (LMP1/Hypercar),86.445
Toyota Gazoo Racing #7,4,4,Toyota Gazoo Racing,Toyota TS050 - Hybrid,LMP1,H,Mexico,6,2017,239,6:01:17.853,1 Laps,18.632,Michelin,Classified,4.0,1:26.240,179.7,Mike CONWAY,Kamui KOBAYASHI,Jose Maria LOPEZ,2017_Mexico,LMP1,Top Class (LMP1/Hypercar),86.24
Vaillante Rebellion #31,5,1,Vaillante Rebellion,Oreca 07 - Gibson,LMP2,,Mexico,6,2017,219,6:00:12.608,21 Laps,20 Laps,Dunlop,Classified,4.0,1:33.670,165.4,Julien CANAL,Nicolas PROST,Bruno SENNA,2017_Mexico,LMP2,LMP2,93.67
Signatech Alpine Matmut #36,6,2,Signatech Alpine Matmut,Alpine A470 - Gibson,LMP2,,Mexico,6,2017,219,6:00:38.699,21 Laps,26.091,Dunlop,Classified,4.0,1:34.373,164.2,Nicolas LAPIERRE,Gustavo MENEZES,André NEGRÃO,2017_Mexico,LMP2,LMP2,94.37299999999999
CEFC Manor TRS Racing #24,7,3,CEFC Manor TRS Racing,Oreca 07 - Gibson,LMP2,,Mexico,6,2017,219,6:00:44.261,21 Laps,5.562,Dunlop,Classified,194.0,1:34.222,164.4,Matthew RAO,Ben HANLEY,Jean-Eric VERGNE,2017_Mexico,LMP2,LMP2,94.22200000000001
G-Drive Racing #26,8,4,G-Drive Racing,Oreca 07 - Gibson,LMP2,,Mexico,6,2017,219,6:01:20.146,21 Laps,35.885,Dunlop,Classified,27.0,1:33.869,165.1,Roman RUSINOV,Pierre THIRIET,Alex LYNN,2017_Mexico,LMP2,LMP2,93.869
Vaillante Rebellion #13,9,5,Vaillante Rebellion,Oreca 07 - Gibson,LMP2,,Mexico,6,2017,218,6:00:23.283,22 Laps,1 Laps,Dunlop,Classified,83.0,1:34.500,164.0,Mathias BECHE,David HEINEMEIER HANSSON,Nelson PIQUET JR,2017_Mexico,LMP2,LMP2,94.5
Jackie Chan DC Racing #37,10,6,Jackie Chan DC Racing,Oreca 07 - Gibson,LMP2,,Mexico,6,2017,218,6:00:25.780,22 Laps,2.497,Dunlop,Classified,137.0,1:34.112,164.6,David CHENG,Alex BRUNDLE,Tristan GOMMENDY,2017_Mexico,LMP2,LMP2,94.112
TDS Racing #28,11,7,TDS Racing,Oreca 07 - Gibson,LMP2,,Mexico,6,2017,218,6:00:45.021,22 Laps,19.241,Dunlop,Classified,95.0,1:34.366,164.2,François PERRODO,Matthieu VAXIVIERE,Emmanuel COLLARD,2017_Mexico,LMP2,LMP2,94.366
CEFC Manor TRS Racing #25,12,8,CEFC Manor TRS Racing,Oreca 07 - Gibson,LMP2,,Mexico,6,2017,217,6:01:03.475,23 Laps,1 Laps,Dunlop,Classified,4.0,1:35.140,162.9,Roberto GONZALEZ,Simon TRUMMER,Vitaly PETROV,2017_Mexico,LMP2,LMP2,95.14
Jackie Chan DC Racing #38,13,9,Jackie Chan DC Racing,Oreca 07 - Gibson,LMP2,,Mexico,6,2017,211,6:00:12.875,29 Laps,6 Laps,Dunlop,Classified,80.0,1:33.942,164.9,Ho-Pin TUNG,Oliver JARVIS,Thomas LAURENT,2017_Mexico,LMP2,LMP2,93.94200000000001
Aston Martin Racing #95,14,1,Aston Martin Racing,Aston Martin VANTAGE,LMGTE Pro,,Mexico,6,2017,209,6:01:18.848,31 Laps,2 Laps,Dunlop,Classified,4.0,1:40.268,154.5,Nicki THIIM,Marco SØRENSEN,,2017_Mexico,LMGTE Pro,GT (GTE Pro/Am),100.268
AF Corse #71,15,2,AF Corse,Ferrari 488 GTE,LMGTE Pro,,Mexico,6,2017,209,6:01:28.007,31 Laps,9.159,Michelin,Classified,5.0,1:40.212,154.6,Davide RIGON,Sam BIRD,,2017_Mexico,LMGTE Pro,GT (GTE Pro/Am),100.212
Porsche GT Team #91,16,3,Porsche GT Team,Porsche 911 RSR,LMGTE Pro,,Mexico,6,2017,208,6:00:55.544,32 Laps,1 Laps,Michelin,Classified,183.0,1:40.889,153.6,Richard LIETZ,Frédéric MAKOWIECKI,,2017_Mexico,LMGTE Pro,GT (GTE Pro/Am),100.88900000000001
Ford Chip Ganassi Team UK #67,17,4,Ford Chip Ganassi Team UK,Ford GT,LMGTE Pro,,Mexico,6,2017,207,6:00:08.540,33 Laps,1 Laps,Michelin,Classified,183.0,1:40.838,153.7,Andy PRIAULX,Harry TINCKNELL,,2017_Mexico,LMGTE Pro,GT (GTE Pro/Am),100.838
Porsche GT Team #92,18,5,Porsche GT Team,Porsche 911 RSR,LMGTE Pro,,Mexico,6,2017,207,6:01:32.486,33 Laps,1'23.946,Michelin,Classified,132.0,1:40.959,153.5,Michael CHRISTENSEN,Kevin ESTRE,,2017_Mexico,LMGTE Pro,GT (GTE Pro/Am),100.959
AF Corse #51,19,6,AF Corse,Ferrari 488 GTE,LMGTE Pro,,Mexico,6,2017,206,6:01:09.441,34 Laps,1 Laps,Michelin,Classified,125.0,1:40.969,153.5,James CALADO,Alessandro PIER GUIDI,,2017_Mexico,LMGTE Pro,GT (GTE Pro/Am),100.969
Ford Chip Ganassi Team UK #66,20,7,Ford Chip Ganassi Team UK,Ford GT,LMGTE Pro,,Mexico,6,2017,205,6:00:22.703,35 Laps,1 Laps,Michelin,Classified,4.0,1:40.864,153.6,Stefan MÜCKE,Olivier PLA,,2017_Mexico,LMGTE Pro,GT (GTE Pro/Am),100.864
Dempsey - Proton Racing #77,21,1,Dempsey - Proton Racing,Porsche 911 RSR (991),LMGTE Am,,Mexico,6,2017,204,6:01:22.175,36 Laps,1 Laps,Dunlop,Classified,93.0,1:41.976,151.9,Christian RIED,Matteo CAIROLI,Marvin DIENST,2017_Mexico,LMGTE Am,GT (GTE Pro/Am),101.976
Aston Martin Racing #98,22,2,Aston Martin Racing,Aston Martin V8 Vantage,LMGTE Am,,Mexico,6,2017,203,6:01:02.902,37 Laps,1 Laps,Dunlop,Classified,164.0,1:42.231,151.6,Paul DALLA LANA,Pedro LAMY,Mathias LAUDA,2017_Mexico,LMGTE Am,GT (GTE Pro/Am),102.231
Gulf Racing UK #86,23,3,Gulf Racing UK,Porsche 911 RSR (991),LMGTE Am,,Mexico,6,2017,203,6:01:48.565,37 Laps,45.663,Dunlop,Classified,146.0,1:41.926,152.0,Michael WAINWRIGHT,Benjamin BARKER,Nicholas FOSTER,2017_Mexico,LMGTE Am,GT (GTE Pro/Am),101.926
Spirit of Race #54,24,4,Spirit of Race,Ferrari 488 GTE,LMGTE Am,,Mexico,6,2017,201,6:00:38.528,39 Laps,2 Laps,Michelin,Classified,174.0,1:41.881,152.1,Thomas FLOHR,Francesco CASTELLACCI,Miguel MOLINA,2017_Mexico,LMGTE Am,GT (GTE Pro/Am),101.881
Clearwater Racing #61,25,5,Clearwater Racing,Ferrari 488 GTE,LMGTE Am,,Mexico,6,2017,199,6:01:03.659,41 Laps,2 Laps,Michelin,Classified,125.0,1:42.998,150.4,Weng Sun MOK,Keita SAWA,Matt GRIFFIN,2017_Mexico,LMGTE Am,GT (GTE Pro/Am),102.99799999999999
Aston Martin Racing #97,26,8,Aston Martin Racing,Aston Martin VANTAGE,LMGTE Pro,,Mexico,6,2017,83,6:01:11.419,157 Laps,116 Laps,Dunlop,Not classified,51.0,1:41.317,152.9,Darren TURNER,Jonathan ADAM,Daniel SERRA,2017_Mexico,LMGTE Pro,GT (GTE Pro/Am),101.31700000000001
Rebellion Racing #3,1,1,Rebellion Racing,Rebellion R13 - Gibson,LMP1,,Silverstone,6,2018-2019,193,6:02:10.579,,,Michelin,Classified,96.0,1:41.579,209.1,Mathias BECHE,Thomas LAURENT,Gustavo MENEZES,2018-2019_Silverstone,LMP1,Top Class (LMP1/Hypercar),101.57900000000001
Rebellion Racing #1,2,2,Rebellion Racing,Rebellion R13 - Gibson,LMP1,,Silverstone,6,2018-2019,192,6:01:11.778,1 Laps,1 Laps,Michelin,Classified,138.0,1:42.044,208.2,Neel JANI,André LOTTERER,,2018-2019_Silverstone,LMP1,Top Class (LMP1/Hypercar),102.044
SMP Racing #17,3,3,SMP Racing,BR Engineering BR1 - AER,LMP1,,Silverstone,6,2018-2019,192,6:01:39.732,1 Laps,27.954,Michelin,Classified,53.0,1:42.203,207.9,Stéphane SARRAZIN,Egor ORUDZHEV,,2018-2019_Silverstone,LMP1,Top Class (LMP1/Hypercar),102.203
Jackie Chan DC Racing #38,4,1,Jackie Chan DC Racing,Oreca 07 - Gibson,LMP2,,Silverstone,6,2018-2019,185,6:02:03.724,8 Laps,7 Laps,Dunlop,Classified,17.0,1:47.435,197.7,Ho-Pin TUNG,Gabriel AUBRY,Stéphane RICHELMI,2018-2019_Silverstone,LMP2,LMP2,107.435
Jackie Chan DC Racing #37,5,2,Jackie Chan DC Racing,Oreca 07 - Gibson,LMP2,,Silverstone,6,2018-2019,185,6:02:05.695,8 Laps,1.971,Dunlop,Classified,74.0,1:47.414,197.8,Jazeman JAAFAR,Weiron TAN,Nabil JEFFRI,2018-2019_Silverstone,LMP2,LMP2,107.414
Signatech Alpine Matmut #36,6,3,Signatech Alpine Matmut,Alpine A470 - Gibson,LMP2,,Silverstone,6,2018-2019,183,6:02:26.179,10 Laps,2 Laps,Dunlop,Classified,148.0,1:47.896,196.9,Nicolas LAPIERRE,André NEGRÃO,Pierre THIRIET,2018-2019_Silverstone,LMP2,LMP2,107.896
DragonSpeed #31,7,4,DragonSpeed,Oreca 07 - Gibson,LMP2,,Silverstone,6,2018-2019,181,6:00:52.089,12 Laps,2 Laps,Michelin,Classified,161.0,1:48.204,196.3,Roberto GONZALEZ,Pastor MALDONADO,Anthony DAVIDSON,2018-2019_Silverstone,LMP2,LMP2,108.20400000000001
Racing Team Nederland #29,8,5,Racing Team Nederland,Dallara P217 - Gibson,LMP2,,Silverstone,6,2018-2019,181,6:01:38.513,12 Laps,46.424,Michelin,Classified,128.0,1:48.352,196.1,Frits VAN EERD,Giedo VAN DER GARDE,Nyck DE VRIES,2018-2019_Silverstone,LMP2,LMP2,108.352
Larbre Competition #50,9,6,Larbre Competition,Ligier JSP217 - Gibson,LMP2,,Silverstone,6,2018-2019,176,6:01:33.467,17 Laps,5 Laps,Michelin,Classified,47.0,1:50.045,193.0,Erwin CREED,Romano RICCI,Yoshiharu MORI,2018-2019_Silverstone,LMP2,LMP2,110.045
TDS Racing #28,10,7,TDS Racing,Oreca 07 - Gibson,LMP2,,Silverstone,6,2018-2019,173,6:01:22.726,20 Laps,3 Laps,Dunlop,Classified,61.0,1:47.381,197.8,François PERRODO,Matthieu VAXIVIERE,Loïc DUVAL,2018-2019_Silverstone,LMP2,LMP2,107.381
AF Corse #51,11,1,AF Corse,Ferrari 488 GTE EVO,LMGTE Pro,,Silverstone,6,2018-2019,172,6:01:08.201,21 Laps,1 Laps,Michelin,Classified,123.0,1:58.402,179.4,Alessandro PIER GUIDI,James CALADO,,2018-2019_Silverstone,LMGTE Pro,GT (GTE Pro/Am),118.402
Ford Chip Ganassi Team UK #67,12,2,Ford Chip Ganassi Team UK,Ford GT,LMGTE Pro,,Silverstone,6,2018-2019,172,6:01:43.911,21 Laps,35.710,Michelin,Classified,149.0,1:57.789,180.4,Andy PRIAULX,Harry TINCKNELL,,2018-2019_Silverstone,LMGTE Pro,GT (GTE Pro/Am),117.789
Porsche GT Team #92,13,3,Porsche GT Team,Porsche 911 RSR,LMGTE Pro,,Silverstone,6,2018-2019,172,6:01:48.185,21 Laps,4.274,Michelin,Classified,67.0,1:58.218,179.7,Michael CHRISTENSEN,Kevin ESTRE,,2018-2019_Silverstone,LMGTE Pro,GT (GTE Pro/Am),118.218
Aston Martin Racing #97,14,4,Aston Martin Racing,Aston Martin Vantage,LMGTE Pro,,Silverstone,6,2018-2019,171,6:01:04.094,22 Laps,1 Laps,Michelin,Classified,67.0,1:58.900,178.7,Alexander LYNN,Maxime MARTIN,,2018-2019_Silverstone,LMGTE Pro,GT (GTE Pro/Am),118.9
BMW Team MTEK #81,15,5,BMW Team MTEK,BMW M8 GTE,LMGTE Pro,,Silverstone,6,2018-2019,171,6:01:50.741,22 Laps,46.647,Michelin,Classified,142.0,1:59.813,177.3,Martin TOMCZYK,Nicky CATSBURG,,2018-2019_Silverstone,LMGTE Pro,GT (GTE Pro/Am),119.813
Ford Chip Ganassi Team UK #66,16,6,Ford Chip Ganassi Team UK,Ford GT,LMGTE Pro,,Silverstone,6,2018-2019,170,6:00:51.958,23 Laps,1 Laps,Michelin,Classified,32.0,1:58.233,179.7,Stefan MÜCKE,Olivier PLA,,2018-2019_Silverstone,LMGTE Pro,GT (GTE Pro/Am),118.233
Dempsey - Proton Racing #77,17,1,Dempsey - Proton Racing,Porsche 911 RSR,LMGTE Am,,Silverstone,6,2018-2019,168,6:01:11.238,25 Laps,2 Laps,Michelin,Classified,85.0,1:59.651,177.5,Christian RIED,Julien ANDLAUER,Matt CAMPBELL,2018-2019_Silverstone,LMGTE Am,GT (GTE Pro/Am),119.65100000000001
TF Sport #90,18,2,TF Sport,Aston Martin Vantage,LMGTE Am,,Silverstone,6,2018-2019,168,6:01:58.116,25 Laps,46.878,Michelin,Classified,83.0,2:00.035,177.0,Salih YOLUC,Jonathan ADAM,Charles EASTWOOD,2018-2019_Silverstone,LMGTE Am,GT (GTE Pro/Am),120.035
Team Project 1 #56,19,3,Team Project 1,Porsche 911 RSR,LMGTE Am,,Silverstone,6,2018-2019,168,6:02:10.265,25 Laps,12.149,Michelin,Classified,84.0,2:00.074,176.9,Jörg BERGMEISTER,Patrick LINDSEY,Egidio PERFETTI,2018-2019_Silverstone,LMGTE Am,GT (GTE Pro/Am),120.074
Aston Martin Racing #98,20,4,Aston Martin Racing,Aston Martin Vantage,LMGTE Am,,Silverstone,6,2018-2019,168,6:02:11.385,25 Laps,1.120,Michelin,Classified,120.0,2:00.385,176.5,Paul DALLA LANA,Pedro LAMY,Mathias LAUDA,2018-2019_Silverstone,LMGTE Am,GT (GTE Pro/Am),120.385
Clearwater Racing #61,21,5,Clearwater Racing,Ferrari F488 GTE,LMGTE Am,,Silverstone,6,2018-2019,167,6:01:11.488,26 Laps,1 Laps,Michelin,Classified,67.0,2:00.414,176.4,Weng Sun MOK,Keita SAWA,Matthew GRIFFIN,2018-2019_Silverstone,LMGTE Am,GT (GTE Pro/Am),120.414
Gulf Racing #86,22,6,Gulf Racing,Porsche 911 RSR,LMGTE Am,,Silverstone,6,2018-2019,167,6:01:35.478,26 Laps,23.990,Michelin,Classified,129.0,2:00.610,176.1,Michael WAINWRIGHT,Benjamin BARKER,Alex DAVISON,2018-2019_Silverstone,LMGTE Am,GT (GTE Pro/Am),120.61
MR Racing #70,23,7,MR Racing,Ferrari F488 GTE,LMGTE Am,,Silverstone,6,2018-2019,167,6:02:32.268,26 Laps,56.790,Michelin,Classified,144.0,2:00.006,177.0,Motoaki ISHIKAWA,Olivier BERETTA,Edward CHEEVER,2018-2019_Silverstone,LMGTE Am,GT (GTE Pro/Am),120.006
Dempsey - Proton Racing #88,24,8,Dempsey - Proton Racing,Porsche 911 RSR,LMGTE Am,,Silverstone,6,2018-2019,167,6:02:38.909,26 Laps,6.641,Michelin,Classified,140.0,1:59.905,177.2,Gianluca RODA,Giorgio RODA JR,Matteo CAIROLI,2018-2019_Silverstone,LMGTE Am,GT (GTE Pro/Am),119.905
DragonSpeed #10,25,4,DragonSpeed,BR Engineering BR1 - Gibson,LMP1,,Silverstone,6,2018-2019,165,6:01:04.843,28 Laps,2 Laps,Michelin,Classified,2.0,1:45.231,201.9,Henrik HEDMAN,Ben HANLEY,Renger VAN DER ZANDE,2018-2019_Silverstone,LMP1,Top Class (LMP1/Hypercar),105.231
Spirit of Race #54,26,9,Spirit of Race,Ferrari F488 GTE,LMGTE Am,,Silverstone,6,2018-2019,158,6:01:24.818,35 Laps,7 Laps,Michelin,Classified,59.0,2:00.622,176.1,Thomas FLOHR,Francesco CASTELLACCI,Giancarlo FISICHELLA,2018-2019_Silverstone,LMGTE Am,GT (GTE Pro/Am),120.622
AF Corse #71,27,7,AF Corse,Ferrari 488 GTE EVO,LMGTE Pro,,Silverstone,6,2018-2019,157,6:01:39.066,36 Laps,1 Laps,Michelin,Classified,107.0,1:58.254,179.6,Davide RIGON,Sam BIRD,,2018-2019_Silverstone,LMGTE Pro,GT (GTE Pro/Am),118.25399999999999
Aston Martin Racing #95,28,8,Aston Martin Racing,Aston Martin Vantage,LMGTE Pro,,Silverstone,6,2018-2019,155,6:02:39.698,38 Laps,2 Laps,Michelin,Classified,87.0,1:58.880,178.7,Marco SØRENSEN,Nicki THIIM,,2018-2019_Silverstone,LMGTE Pro,GT (GTE Pro/Am),118.88
BMW Team MTEK #82,29,9,BMW Team MTEK,BMW M8 GTE,LMGTE Pro,,Silverstone,6,2018-2019,116,4:04:54.212,77 Laps,39 Laps,Michelin,Not classified,2.0,1:59.366,178.0,Augusto FARFUS,Antonio Felix DA COSTA,,2018-2019_Silverstone,LMGTE Pro,GT (GTE Pro/Am),119.366
Bykolles Racing Team #4,30,5,Bykolles Racing Team,Enso CLM P1/01 - Nismo,LMP1,,Silverstone,6,2018-2019,59,2:07:32.006,134 Laps,57 Laps,Michelin,Not classified,53.0,1:46.924,198.7,Oliver WEBB,René BINDER,,2018-2019_Silverstone,LMP1,Top Class (LMP1/Hypercar),106.924
SMP Racing #11,31,6,SMP Racing,BR Engineering BR1 - AER,LMP1,,Silverstone,6,2018-2019,23,41:28.371,170 Laps,36 Laps,Michelin,Not classified,3.0,1:42.657,206.9,Mikhail ALESHIN,Vitaly PETROV,Jenson BUTTON,2018-2019_Silverstone,LMP1,Top Class (LMP1/Hypercar),102.657
Toyota Gazoo Racing #8,32,7,Toyota Gazoo Racing,Toyota TS050 - Hybrid,LMP1,H,Silverstone,6,2018-2019,197,6:00:47.471,-4 Laps,-174 Laps,Michelin,Classified,3.0,1:39.921,212.6,Sébastien BUEMI,Kazuki NAKAJIMA,Fernando ALONSO,2018-2019_Silverstone,LMP1,Top Class (LMP1/Hypercar),99.92099999999999
Toyota Gazoo Racing #7,33,8,Toyota Gazoo Racing,Toyota TS050 - Hybrid,LMP1,H,Silverstone,6,2018-2019,197,6:01:06.735,-4 Laps,19.264,Michelin,Classified,4.0,1:39.602,213.3,Mike CONWAY,Kamui KOBAYASHI,Jose Maria LOPEZ,2018-2019_Silverstone,LMP1,Top Class (LMP1/Hypercar),99.602
Porsche GT Team #91,34,10,Porsche GT Team,Porsche 911 RSR,LMGTE Pro,,Silverstone,6,2018-2019,172,6:01:22.552,21 Laps,25 Laps,Michelin,Classified,123.0,1:58.032,180.0,Richard LIETZ,Gianmaria BRUNI,,2018-2019_Silverstone,LMGTE Pro,GT (GTE Pro/Am),118.032
Toyota Gazoo Racing #8,1,1,Toyota Gazoo Racing,Toyota TS050 - Hybrid,LMP1,H,Spa,6,2018-2019,163,6:00:50.702,,,Michelin,Classified,7.0,1:57.805,214.0,Sébastien BUEMI,Kazuki NAKAJIMA,Fernando ALONSO,2018-2019_Spa,LMP1,Top Class (LMP1/Hypercar),117.805
Toyota Gazoo Racing #7,2,2,Toyota Gazoo Racing,Toyota TS050 - Hybrid,LMP1,H,Spa,6,2018-2019,163,6:00:52.146,1.444,1.444,Michelin,Classified,7.0,1:57.442,214.7,Mike CONWAY,Kamui KOBAYASHI,Jose Maria LOPEZ,2018-2019_Spa,LMP1,Top Class (LMP1/Hypercar),117.44200000000001
Rebellion Racing #3,3,3,Rebellion Racing,Rebellion R13 - Gibson,LMP1,,Spa,6,2018-2019,161,6:02:02.819,2 Laps,2 Laps,Michelin,Classified,43.0,1:58.820,212.2,Mathias BECHE,Thomas LAURENT,Gustavo MENEZES,2018-2019_Spa,LMP1,Top Class (LMP1/Hypercar),118.82
Bykolles Racing Team #4,4,4,Bykolles Racing Team,ENSO CLM P1/01 - Nismo,LMP1,,Spa,6,2018-2019,158,6:00:57.850,5 Laps,3 Laps,Michelin,Classified,15.0,2:01.768,207.1,Oliver WEBB,Dominik KRAIHAMER,Tom DILLMANN,2018-2019_Spa,LMP1,Top Class (LMP1/Hypercar),121.768
SMP Racing #11,5,5,SMP Racing,BR Engineering BR1 - AER,LMP1,,Spa,6,2018-2019,158,6:02:51.978,5 Laps,1'54.128,Michelin,Classified,114.0,2:01.991,206.7,Mikhail ALESHIN,Vitaly PETROV,,2018-2019_Spa,LMP1,Top Class (LMP1/Hypercar),121.991
G-Drive Racing #26,6,1,G-Drive Racing,Oreca 07 - Gibson,LMP2,,Spa,6,2018-2019,156,6:01:05.972,7 Laps,2 Laps,Dunlop,Classified,41.0,2:05.605,200.7,Roman RUSINOV,Jean-Eric VERGNE,Andrea PIZZITOLA,2018-2019_Spa,LMP2,LMP2,125.605
Jackie Chan DC Racing #38,7,2,Jackie Chan DC Racing,Oreca 07 - Gibson,LMP2,,Spa,6,2018-2019,156,6:01:27.686,7 Laps,21.714,Dunlop,Classified,8.0,2:06.276,199.7,Ho-Pin TUNG,Gabriel AUBRY,Stéphane RICHELMI,2018-2019_Spa,LMP2,LMP2,126.276
Signatech Alpine Matmut #36,8,3,Signatech Alpine Matmut,Alpine A470 - Gibson,LMP2,,Spa,6,2018-2019,156,6:02:01.709,7 Laps,34.023,Dunlop,Classified,115.0,2:06.491,199.3,Nicolas LAPIERRE,André NEGRÃO,Pierre THIRIET,2018-2019_Spa,LMP2,LMP2,126.491
Jackie Chan DC Racing #37,9,4,Jackie Chan DC Racing,Oreca 07 - Gibson,LMP2,,Spa,6,2018-2019,155,6:01:09.927,8 Laps,1 Laps,Dunlop,Classified,95.0,2:05.523,200.9,Jazeman JAAFAR,Weiron TAN,Nabil JEFFRI,2018-2019_Spa,LMP2,LMP2,125.523
TDS Racing #28,10,5,TDS Racing,Oreca 07 - Gibson,LMP2,,Spa,6,2018-2019,155,6:01:21.103,8 Laps,11.176,Dunlop,Classified,71.0,2:05.324,201.2,François PERRODO,Matthieu VAXIVIERE,Loïc DUVAL,2018-2019_Spa,LMP2,LMP2,125.324
DragonSpeed #31,11,6,DragonSpeed,Oreca 07 - Gibson,LMP2,,Spa,6,2018-2019,155,6:01:24.273,8 Laps,3.170,Michelin,Classified,8.0,2:05.585,200.8,Roberto GONZALEZ,Pastor MALDONADO,Nathanaël BERTHON,2018-2019_Spa,LMP2,LMP2,125.585
Larbre Competition #50,12,7,Larbre Competition,Ligier JSP217 - Gibson,LMP2,,Spa,6,2018-2019,152,6:02:52.750,11 Laps,3 Laps,Michelin,Classified,40.0,2:06.479,199.4,Erwin CREED,Romano RICCI,Julien CANAL,2018-2019_Spa,LMP2,LMP2,126.479
Ford Chip Ganassi Team UK #66,13,1,Ford Chip Ganassi Team UK,Ford GT,LMGTE Pro,,Spa,6,2018-2019,148,6:02:42.936,15 Laps,4 Laps,Michelin,Classified,4.0,2:15.944,185.5,Stefan MÜCKE,Olivier PLA,Billy JOHNSON,2018-2019_Spa,LMGTE Pro,GT (GTE Pro/Am),135.944
Porsche GT Team #92,14,2,Porsche GT Team,Porsche 911 RSR,LMGTE Pro,,Spa,6,2018-2019,148,6:02:56.867,15 Laps,13.931,Michelin,Classified,6.0,2:15.921,185.5,Michael CHRISTENSEN,Kevin ESTRE,,2018-2019_Spa,LMGTE Pro,GT (GTE Pro/Am),135.921
AF Corse #71,15,3,AF Corse,Ferrari 488 GTE EVO,LMGTE Pro,,Spa,6,2018-2019,147,6:01:08.069,16 Laps,1 Laps,Michelin,Classified,5.0,2:16.834,184.3,Davide RIGON,Sam BIRD,,2018-2019_Spa,LMGTE Pro,GT (GTE Pro/Am),136.834
Porsche GT Team #91,16,4,Porsche GT Team,Porsche 911 RSR,LMGTE Pro,,Spa,6,2018-2019,147,6:01:11.448,16 Laps,3.379,Michelin,Classified,52.0,2:15.667,185.9,Richard LIETZ,Gianmaria BRUNI,,2018-2019_Spa,LMGTE Pro,GT (GTE Pro/Am),135.667
BMW Team MTEK #82,17,5,BMW Team MTEK,BMW M8 GTE,LMGTE Pro,,Spa,6,2018-2019,146,6:01:00.174,17 Laps,1 Laps,Michelin,Classified,43.0,2:17.120,183.9,Tom BLOMQVIST,Antonio Felix DA COSTA,,2018-2019_Spa,LMGTE Pro,GT (GTE Pro/Am),137.12
Aston Martin Racing #97,18,6,Aston Martin Racing,Aston Martin Vantage AMR,LMGTE Pro,,Spa,6,2018-2019,146,6:01:11.937,17 Laps,11.763,Michelin,Classified,5.0,2:17.988,182.7,Alexander LYNN,Maxime MARTIN,Jonathan ADAM,2018-2019_Spa,LMGTE Pro,GT (GTE Pro/Am),137.988
Aston Martin Racing #95,19,7,Aston Martin Racing,Aston Martin Vantage AMR,LMGTE Pro,,Spa,6,2018-2019,146,6:02:01.162,17 Laps,49.225,Michelin,Classified,6.0,2:18.105,182.6,Marco SØRENSEN,Nicki THIIM,Darren TURNER,2018-2019_Spa,LMGTE Pro,GT (GTE Pro/Am),138.105
BMW Team MTEK #81,20,8,BMW Team MTEK,BMW M8 GTE,LMGTE Pro,,Spa,6,2018-2019,145,6:02:07.143,18 Laps,1 Laps,Michelin,Classified,5.0,2:17.747,183.0,Martin TOMCZYK,Nicky CATSBURG,,2018-2019_Spa,LMGTE Pro,GT (GTE Pro/Am),137.747
Aston Martin Racing #98,21,1,Aston Martin Racing,Aston Martin Vantage,LMGTE Am,,Spa,6,2018-2019,144,6:01:22.580,19 Laps,1 Laps,Michelin,Classified,51.0,2:17.591,183.3,Paul DALLA LANA,Pedro LAMY,Mathias LAUDA,2018-2019_Spa,LMGTE Am,GT (GTE Pro/Am),137.591
TF Sport #90,22,2,TF Sport,Aston Martin Vantage,LMGTE Am,,Spa,6,2018-2019,144,6:01:22.801,19 Laps,0.221,Michelin,Classified,125.0,2:17.516,183.4,Salih YOLUC,Euan ALERS-HANKEY,Charles EASTWOOD,2018-2019_Spa,LMGTE Am,GT (GTE Pro/Am),137.516
Clearwater Racing #61,23,3,Clearwater Racing,Ferrari F488 GTE,LMGTE Am,,Spa,6,2018-2019,143,6:01:40.138,20 Laps,1 Laps,Michelin,Classified,124.0,2:18.254,182.4,Weng Sun MOK,Keita SAWA,Matthew GRIFFIN,2018-2019_Spa,LMGTE Am,GT (GTE Pro/Am),138.254
Dempsey - Proton Racing #77,24,4,Dempsey - Proton Racing,Porsche 911 RSR,LMGTE Am,,Spa,6,2018-2019,142,6:01:26.797,21 Laps,1 Laps,Michelin,Classified,41.0,2:17.815,183.0,Christian RIED,Julien ANDLAUER,Matt CAMPBELL,2018-2019_Spa,LMGTE Am,GT (GTE Pro/Am),137.815
MR Racing #70,25,5,MR Racing,Ferrari F488 GTE,LMGTE Am,,Spa,6,2018-2019,142,6:01:51.786,21 Laps,24.989,Michelin,Classified,123.0,2:18.921,181.5,Motoaki ISHIKAWA,Olivier BERETTA,Edward CHEEVER,2018-2019_Spa,LMGTE Am,GT (GTE Pro/Am),138.921
Dempsey - Proton Racing #88,26,6,Dempsey - Proton Racing,Porsche 911 RSR,LMGTE Am,,Spa,6,2018-2019,141,6:01:51.688,22 Laps,1 Laps,Michelin,Classified,122.0,2:17.069,184.0,Khaled AL QUBAISI,Giorgio RODA,Matteo CAIROLI,2018-2019_Spa,LMGTE Am,GT (GTE Pro/Am),137.069
AF Corse #51,27,9,AF Corse,Ferrari 488 GTE EVO,LMGTE Pro,,Spa,6,2018-2019,139,6:01:15.428,24 Laps,2 Laps,Michelin,Classified,51.0,2:16.817,184.3,Alessandro PIER GUIDI,James CALADO,,2018-2019_Spa,LMGTE Pro,GT (GTE Pro/Am),136.817
Racing Team Nederland #29,28,8,Racing Team Nederland,Dallara P217 Gibson,LMP2,,Spa,6,2018-2019,139,6:02:49.938,24 Laps,1'34.510,Michelin,Classified,8.0,2:05.413,201.0,Frits VAN EERD,Giedo VAN DER GARDE,Jan LAMMERS,2018-2019_Spa,LMP2,LMP2,125.413
Gulf Racing UK #86,29,7,Gulf Racing UK,Porsche 911 RSR,LMGTE Am,,Spa,6,2018-2019,137,6:01:08.841,26 Laps,2 Laps,Michelin,Classified,73.0,2:18.420,182.2,Michael WAINWRIGHT,Benjamin BARKER,Alex DAVISON,2018-2019_Spa,LMGTE Am,GT (GTE Pro/Am),138.42000000000002
Spirit of Race #54,30,8,Spirit of Race,Ferrari F488 GTE,LMGTE Am,,Spa,6,2018-2019,136,6:01:32.659,27 Laps,1 Laps,Michelin,Classified,65.0,2:18.153,182.5,Thomas FLOHR,Francesco CASTELLACCI,Giancarlo FISICHELLA,2018-2019_Spa,LMGTE Am,GT (GTE Pro/Am),138.153
Team Project 1 #56,31,9,Team Project 1,Porsche 911 RSR,LMGTE Am,,Spa,6,2018-2019,131,6:01:56.623,32 Laps,5 Laps,Michelin,Classified,51.0,2:18.078,182.6,Jörg BERGMEISTER,Patrick LINDSEY,Egidio PERFETTI,2018-2019_Spa,LMGTE Am,GT (GTE Pro/Am),138.078
SMP Racing #17,32,6,SMP Racing,BR Engineering BR1 - AER,LMP1,,Spa,6,2018-2019,132,4:54:16.946,31 Laps,-1 Laps,Michelin,Not classified,56.0,1:59.547,210.9,Stéphane SARRAZIN,Egor ORUDZHEV,Matevos ISAAKYAN,2018-2019_Spa,LMP1,Top Class (LMP1/Hypercar),119.547
Ford Chip Ganassi Team UK #67,33,10,Ford Chip Ganassi Team UK,Ford GT,LMGTE Pro,,Spa,6,2018-2019,26,1:02:06.857,137 Laps,106 Laps,Michelin,Not classified,6.0,2:15.795,185.7,Andy PRIAULX,Harry TINCKNELL,Tony KANAAN,2018-2019_Spa,LMGTE Pro,GT (GTE Pro/Am),135.795
Rebellion Racing #1,34,7,Rebellion Racing,Rebellion R13 - Gibson,LMP1,,Spa,6,2018-2019,161,6:01:21.569,2 Laps,-135 Laps,Michelin,Retired,5.0,1:59.027,211.8,Neel JANI,André LOTTERER,Bruno SENNA,2018-2019_Spa,LMP1,Top Class (LMP1/Hypercar),119.027
Toyota Gazoo Racing #7,1,1,Toyota Gazoo Racing,Toyota TS050 - Hybrid,LMP1,H,Fuji,6,2018-2019,230,6:00:21.800,,,Michelin,Classified,153.0,1:25.603,191.9,Mike CONWAY,Kamui KOBAYASHI,Jose Maria LOPEZ,2018-2019_Fuji,LMP1,Top Class (LMP1/Hypercar),85.60300000000001
Toyota Gazoo Racing #8,2,2,Toyota Gazoo Racing,Toyota TS050 - Hybrid,LMP1,H,Fuji,6,2018-2019,230,6:00:33.240,11.440,11.440,Michelin,Classified,143.0,1:26.043,190.9,Sébastien BUEMI,Kazuki NAKAJIMA,Fernando ALONSO,2018-2019_Fuji,LMP1,Top Class (LMP1/Hypercar),86.043
Rebellion Racing #1,3,3,Rebellion Racing,Rebellion R13 - Gibson,LMP1,,Fuji,6,2018-2019,226,6:00:26.437,4 Laps,4 Laps,Michelin,Classified,128.0,1:27.081,188.6,Neel JANI,André LOTTERER,Bruno SENNA,2018-2019_Fuji,LMP1,Top Class (LMP1/Hypercar),87.081
SMP Racing #11,4,4,SMP Racing,BR Engineering BR1 - AER,LMP1,,Fuji,6,2018-2019,219,6:01:02.482,11 Laps,7 Laps,Michelin,Classified,173.0,1:26.568,189.8,Mikhail ALESHIN,Vitaly PETROV,Jenson BUTTON,2018-2019_Fuji,LMP1,Top Class (LMP1/Hypercar),86.568
Bykolles Racing Team #4,5,5,Bykolles Racing Team,Enso CLM P1/01 - Nismo,LMP1,,Fuji,6,2018-2019,219,6:01:25.636,11 Laps,23.154,Michelin,Classified,62.0,1:29.966,182.6,Oliver WEBB,Tom DILLMANN,James ROSSITER,2018-2019_Fuji,LMP1,Top Class (LMP1/Hypercar),89.96600000000001
Jackie Chan DC Racing #37,6,1,Jackie Chan DC Racing,Oreca 07 - Gibson,LMP2,,Fuji,6,2018-2019,217,6:00:22.831,13 Laps,2 Laps,Dunlop,Classified,198.0,1:31.034,180.4,Jazeman JAAFAR,Weiron TAN,Nabil JEFFRI,2018-2019_Fuji,LMP2,LMP2,91.03399999999999
Jackie Chan DC Racing #38,7,2,Jackie Chan DC Racing,Oreca 07 - Gibson,LMP2,,Fuji,6,2018-2019,217,6:00:48.918,13 Laps,26.087,Dunlop,Classified,132.0,1:31.024,180.5,Ho-Pin TUNG,Gabriel AUBRY,Stéphane RICHELMI,2018-2019_Fuji,LMP2,LMP2,91.024
Signatech Alpine Matmut #36,8,3,Signatech Alpine Matmut,Alpine A470 - Gibson,LMP2,,Fuji,6,2018-2019,217,6:01:07.229,13 Laps,18.311,Dunlop,Classified,171.0,1:30.610,181.3,Nicolas LAPIERRE,André NEGRÃO,Pierre THIRIET,2018-2019_Fuji,LMP2,LMP2,90.61
TDS Racing #28,9,4,TDS Racing,Oreca 07 - Gibson,LMP2,,Fuji,6,2018-2019,216,6:01:11.992,14 Laps,1 Laps,Dunlop,Classified,122.0,1:30.640,181.2,François PERRODO,Matthieu VAXIVIERE,Jean-Eric VERGNE,2018-2019_Fuji,LMP2,LMP2,90.64
Larbre Competition #50,10,5,Larbre Competition,Ligier JSP217 - Gibson,LMP2,,Fuji,6,2018-2019,211,6:00:56.552,19 Laps,5 Laps,Michelin,Classified,167.0,1:32.331,177.9,Erwin CREED,Romano RICCI,Keiko IHARA,2018-2019_Fuji,LMP2,LMP2,92.331
Porsche GT Team #92,11,1,Porsche GT Team,Porsche 911 RSR,LMGTE Pro,,Fuji,6,2018-2019,207,6:00:41.048,23 Laps,4 Laps,Michelin,Classified,67.0,1:38.088,167.5,Michael CHRISTENSEN,Kevin ESTRE,,2018-2019_Fuji,LMGTE Pro,GT (GTE Pro/Am),98.088
BMW Team MTEK #82,12,2,BMW Team MTEK,BMW M8 GTE,LMGTE Pro,,Fuji,6,2018-2019,207,6:00:53.234,23 Laps,12.186,Michelin,Classified,136.0,1:37.392,168.7,Tom BLOMQVIST,Antonio Felix DA COSTA,,2018-2019_Fuji,LMGTE Pro,GT (GTE Pro/Am),97.392
Ford Chip Ganassi Team UK #67,13,3,Ford Chip Ganassi Team UK,Ford GT,LMGTE Pro,,Fuji,6,2018-2019,207,6:01:06.290,23 Laps,13.056,Michelin,Classified,111.0,1:37.984,167.6,Andy PRIAULX,Harry TINCKNELL,,2018-2019_Fuji,LMGTE Pro,GT (GTE Pro/Am),97.98400000000001
AF Corse #51,14,4,AF Corse,Ferrari 488 GTE EVO,LMGTE Pro,,Fuji,6,2018-2019,207,6:01:31.181,23 Laps,24.891,Michelin,Classified,178.0,1:37.882,167.8,Alessandro PIER GUIDI,James CALADO,,2018-2019_Fuji,LMGTE Pro,GT (GTE Pro/Am),97.882
Porsche GT Team #91,15,5,Porsche GT Team,Porsche 911 RSR,LMGTE Pro,,Fuji,6,2018-2019,207,6:01:59.982,23 Laps,28.801,Michelin,Classified,135.0,1:37.639,168.2,Richard LIETZ,Gianmaria BRUNI,,2018-2019_Fuji,LMGTE Pro,GT (GTE Pro/Am),97.63900000000001
Aston Martin Racing #95,16,6,Aston Martin Racing,Aston Martin Vantage,LMGTE Pro,,Fuji,6,2018-2019,206,6:00:28.560,24 Laps,1 Laps,Michelin,Classified,123.0,1:38.221,167.2,Marco SØRENSEN,Nicki THIIM,,2018-2019_Fuji,LMGTE Pro,GT (GTE Pro/Am),98.221
BMW Team MTEK #81,17,7,BMW Team MTEK,BMW M8 GTE,LMGTE Pro,,Fuji,6,2018-2019,206,6:00:36.354,24 Laps,7.794,Michelin,Classified,71.0,1:38.124,167.4,Martin TOMCZYK,Nicky CATSBURG,,2018-2019_Fuji,LMGTE Pro,GT (GTE Pro/Am),98.124
Ford Chip Ganassi Team UK #66,18,8,Ford Chip Ganassi Team UK,Ford GT,LMGTE Pro,,Fuji,6,2018-2019,206,6:00:54.508,24 Laps,18.154,Michelin,Classified,103.0,1:37.864,167.9,Stefan MÜCKE,Olivier PLA,,2018-2019_Fuji,LMGTE Pro,GT (GTE Pro/Am),97.864
Aston Martin Racing #97,19,9,Aston Martin Racing,Aston Martin Vantage,LMGTE Pro,,Fuji,6,2018-2019,206,6:01:34.697,24 Laps,40.189,Michelin,Classified,178.0,1:38.426,166.9,Alexander LYNN,Maxime MARTIN,,2018-2019_Fuji,LMGTE Pro,GT (GTE Pro/Am),98.426
DragonSpeed #31,20,6,DragonSpeed,Oreca 07 - Gibson,LMP2,,Fuji,6,2018-2019,205,6:01:13.553,25 Laps,1 Laps,Michelin,Classified,170.0,1:30.557,181.4,Roberto GONZALEZ,Pastor MALDONADO,Anthony DAVIDSON,2018-2019_Fuji,LMP2,LMP2,90.557
Racing Team Nederland #29,21,7,Racing Team Nederland,Dallara P217 - Gibson,LMP2,,Fuji,6,2018-2019,204,6:00:32.211,26 Laps,1 Laps,Michelin,Classified,59.0,1:31.387,179.7,Frits VAN EERD,Giedo VAN DER GARDE,Nyck DE VRIES,2018-2019_Fuji,LMP2,LMP2,91.387
AF Corse #71,22,10,AF Corse,Ferrari 488 GTE EVO,LMGTE Pro,,Fuji,6,2018-2019,202,6:01:53.384,28 Laps,2 Laps,Michelin,Classified,65.0,1:37.552,168.4,Davide RIGON,Sam BIRD,,2018-2019_Fuji,LMGTE Pro,GT (GTE Pro/Am),97.55199999999999
Team Project 1 #56,23,1,Team Project 1,Porsche 911 RSR,LMGTE Am,,Fuji,6,2018-2019,201,6:00:42.101,29 Laps,1 Laps,Michelin,Classified,168.0,1:39.142,165.7,Jörg BERGMEISTER,Patrick LINDSEY,Egidio PERFETTI,2018-2019_Fuji,LMGTE Am,GT (GTE Pro/Am),99.142
TF Sport #90,24,2,TF Sport,Aston Martin Vantage,LMGTE Am,,Fuji,6,2018-2019,201,6:01:10.535,29 Laps,28.434,Michelin,Classified,137.0,1:39.043,165.9,Salih YOLUC,Jonathan ADAM,Charles EASTWOOD,2018-2019_Fuji,LMGTE Am,GT (GTE Pro/Am),99.043
Aston Martin Racing #98,25,3,Aston Martin Racing,Aston Martin Vantage,LMGTE Am,,Fuji,6,2018-2019,201,6:01:48.788,29 Laps,38.253,Michelin,Classified,176.0,1:39.316,165.4,Paul DALLA LANA,Pedro LAMY,Mathias LAUDA,2018-2019_Fuji,LMGTE Am,GT (GTE Pro/Am),99.316
Gulf Racing #86,26,4,Gulf Racing,Porsche 911 RSR,LMGTE Am,,Fuji,6,2018-2019,201,6:02:05.678,29 Laps,16.890,Michelin,Classified,165.0,1:38.961,166.0,Michael WAINWRIGHT,Benjamin BARKER,Thomas PREINING,2018-2019_Fuji,LMGTE Am,GT (GTE Pro/Am),98.961
Dempsey - Proton Racing #88,27,5,Dempsey - Proton Racing,Porsche 911 RSR,LMGTE Am,,Fuji,6,2018-2019,201,6:02:18.039,29 Laps,12.361,Michelin,Classified,185.0,1:38.830,166.2,Satoshi HOSHINO,Giorgio RODA JR,Matteo CAIROLI,2018-2019_Fuji,LMGTE Am,GT (GTE Pro/Am),98.83
Spirit of Race #54,28,6,Spirit of Race,Ferrari F488 GTE,LMGTE Am,,Fuji,6,2018-2019,200,6:00:56.949,30 Laps,1 Laps,Michelin,Classified,165.0,1:39.060,165.8,Thomas FLOHR,Francesco CASTELLACCI,Giancarlo FISICHELLA,2018-2019_Fuji,LMGTE Am,GT (GTE Pro/Am),99.06
Clearwater Racing #61,29,7,Clearwater Racing,Ferrari F488 GTE,LMGTE Am,,Fuji,6,2018-2019,200,6:00:57.200,30 Laps,0.251,Michelin,Classified,166.0,1:39.620,164.9,Weng Sun MOK,Keita SAWA,Matthew GRIFFIN,2018-2019_Fuji,LMGTE Am,GT (GTE Pro/Am),99.62
Dempsey - Proton Racing #77,30,8,Dempsey - Proton Racing,Porsche 911 RSR,LMGTE Am,,Fuji,6,2018-2019,176,6:01:47.815,54 Laps,24 Laps,Michelin,Classified,160.0,1:38.420,166.9,Christian RIED,Julien ANDLAUER,Matt CAMPBELL,2018-2019_Fuji,LMGTE Am,GT (GTE Pro/Am),98.42
DragonSpeed #10,31,6,DragonSpeed,BR Engineering BR1 - Gibson,LMP1,,Fuji,6,2018-2019,179,4:58:48.816,51 Laps,-3 Laps,Michelin,Not classified,37.0,1:28.731,185.1,James ALLEN,Ben HANLEY,,2018-2019_Fuji,LMP1,Top Class (LMP1/Hypercar),88.731
SMP Racing #17,32,7,SMP Racing,BR Engineering BR1 - AER,LMP1,,Fuji,6,2018-2019,132,3:48:33.029,98 Laps,47 Laps,Michelin,Not classified,88.0,1:26.786,189.3,Stéphane SARRAZIN,Egor ORUDZHEV,Matevos ISAAKYAN,2018-2019_Fuji,LMP1,Top Class (LMP1/Hypercar),86.786
Rebellion Racing #3,33,8,Rebellion Racing,Rebellion R13 - Gibson,LMP1,,Fuji,6,2018-2019,23,47:22.796,207 Laps,109 Laps,Michelin,Not classified,6.0,1:38.051,167.5,Mathias BECHE,Thomas LAURENT,Gustavo MENEZES,2018-2019_Fuji,LMP1,Top Class (LMP1/Hypercar),98.051
MR Racing #70,34,9,MR Racing,Ferrari F488 GTE,LMGTE Am,,Fuji,6,2018-2019,14,27:46.416,216 Laps,9 Laps,Michelin,Not classified,6.0,1:51.607,147.2,Motoaki ISHIKAWA,Olivier BERETTA,Edward CHEEVER,2018-2019_Fuji,LMGTE Am,GT (GTE Pro/Am),111.607
Toyota Gazoo Racing #8,1,1,Toyota Gazoo Racing,Toyota TS050 - Hybrid,LMP1,H,LeMans,24,2018-2019,388,24:00:52.247,,,Michelin,Classified,5.0,3:17.658,248.2,Sébastien BUEMI,Kazuki NAKAJIMA,Fernando ALONSO,2018-2019_LeMans,LMP1,Top Class (LMP1/Hypercar),197.65800000000002
Toyota Gazoo Racing #7,2,2,Toyota Gazoo Racing,Toyota TS050 - Hybrid,LMP1,H,LeMans,24,2018-2019,386,24:00:52.478,2 Laps,2 Laps,Michelin,Classified,323.0,3:17.980,247.8,Mike CONWAY,Kamui KOBAYASHI,Jose Maria LOPEZ,2018-2019_LeMans,LMP1,Top Class (LMP1/Hypercar),197.98
Rebellion Racing #3,3,3,Rebellion Racing,Rebellion R13 - Gibson,LMP1,,LeMans,24,2018-2019,376,24:02:32.484,12 Laps,10 Laps,Michelin,Classified,327.0,3:20.316,244.9,Thomas LAURENT,Mathias BECHE,Gustavo MENEZES,2018-2019_LeMans,LMP1,Top Class (LMP1/Hypercar),200.316
Rebellion Racing #1,4,4,Rebellion Racing,Rebellion R13 - Gibson,LMP1,,LeMans,24,2018-2019,375,24:02:32.580,13 Laps,1 Laps,Michelin,Classified,82.0,3:20.046,245.2,André LOTTERER,Neel JANI,Bruno SENNA,2018-2019_LeMans,LMP1,Top Class (LMP1/Hypercar),200.046
Signatech Alpine Matmut #36,5,1,Signatech Alpine Matmut,Alpine A470 - Gibson,LMP2,,LeMans,24,2018-2019,367,24:03:11.085,21 Laps,8 Laps,Dunlop,Classified,246.0,3:28.610,235.1,Nicolas LAPIERRE,André NEGRÃO,Pierre THIRIET,2018-2019_LeMans,LMP2,LMP2,208.61
Graff-SO24 #39,6,2,Graff-SO24,Oreca 07 - Gibson,LMP2,,LeMans,24,2018-2019,366,24:01:46.746,22 Laps,1 Laps,Dunlop,Classified,365.0,3:28.135,235.7,Vincent CAPILLAIRE,Jonathan HIRSCHI,Tristan GOMMENDY,2018-2019_LeMans,LMP2,LMP2,208.135
United Autosports #32,7,3,United Autosports,Ligier JSP217 - Gibson,LMP2,,LeMans,24,2018-2019,365,24:03:13.589,23 Laps,1 Laps,Dunlop,Classified,245.0,3:28.661,235.1,Hugo DE SADELEER,Will OWEN,Juan Pablo MONTOYA,2018-2019_LeMans,LMP2,LMP2,208.661
Jackie Chan DC Racing #37,8,4,Jackie Chan DC Racing,Oreca 07 - Gibson,LMP2,,LeMans,24,2018-2019,361,24:02:36.708,27 Laps,4 Laps,Dunlop,Classified,88.0,3:29.112,234.6,Jazeman JAAFAR,Nabil JEFFRI,Weiron TAN,2018-2019_LeMans,LMP2,LMP2,209.112
DragonSpeed #31,9,5,DragonSpeed,Oreca 07 - Gibson,LMP2,,LeMans,24,2018-2019,360,24:03:09.415,28 Laps,1 Laps,Michelin,Classified,239.0,3:27.200,236.7,Roberto GONZALEZ,Pastor MALDONADO,Nathanaël BERTHON,2018-2019_LeMans,LMP2,LMP2,207.2
Jackie Chan DC Racing #38,10,6,Jackie Chan DC Racing,Oreca 07 - Gibson,LMP2,,LeMans,24,2018-2019,356,24:02:00.392,32 Laps,4 Laps,Dunlop,Classified,288.0,3:29.011,234.7,Ho-Pin TUNG,Stéphane RICHELMI,Gabriel AUBRY,2018-2019_LeMans,LMP2,LMP2,209.011
Racing Team Nederland #29,11,7,Racing Team Nederland,Dallara P217 - Gibson,LMP2,,LeMans,24,2018-2019,356,24:02:27.489,32 Laps,27.097,Michelin,Classified,6.0,3:29.754,233.9,Frits VAN EERD,Giedo VAN DER GARDE,Jan LAMMERS,2018-2019_LeMans,LMP2,LMP2,209.754
Jackie Chan DC Racing #33,12,8,Jackie Chan DC Racing,Ligier JSP217 - Gibson,LMP2,,LeMans,24,2018-2019,355,24:00:54.049,33 Laps,1 Laps,Dunlop,Classified,311.0,3:33.492,229.8,David CHENG,Nicholas BOULLE,Pierre NICOLET,2018-2019_LeMans,LMP2,LMP2,213.492
Panis Barthez Competition #23,13,9,Panis Barthez Competition,Ligier JSP217 - Gibson,LMP2,,LeMans,24,2018-2019,352,24:02:59.009,36 Laps,3 Laps,Michelin,Classified,228.0,3:27.872,236.0,Timothé BURET,Julien CANAL,William STEVENS,2018-2019_LeMans,LMP2,LMP2,207.872
SMP Racing #35,14,10,SMP Racing,Dallara P217 - Gibson,LMP2,,LeMans,24,2018-2019,345,24:00:53.375,43 Laps,7 Laps,Dunlop,Classified,314.0,3:29.188,234.5,Victor SHAITAR,Harrison NEWEY,Norman NATO,2018-2019_LeMans,LMP2,LMP2,209.188
Porsche GT Team #92,15,1,Porsche GT Team,Porsche 911 RSR,LMGTE Pro,,LeMans,24,2018-2019,344,24:04:16.546,44 Laps,1 Laps,Michelin,Classified,2.0,3:50.406,212.9,Michael CHRISTENSEN,Kevin ESTRE,Laurens VANTHOOR,2018-2019_LeMans,LMGTE Pro,GT (GTE Pro/Am),230.406
Porsche GT Team #91,16,2,Porsche GT Team,Porsche 911 RSR,LMGTE Pro,,LeMans,24,2018-2019,343,24:01:08.216,45 Laps,1 Laps,Michelin,Classified,292.0,3:50.201,213.1,Richard LIETZ,Gianmaria BRUNI,Frédéric MAKOWIECKI,2018-2019_LeMans,LMGTE Pro,GT (GTE Pro/Am),230.201
Ford Chip Ganassi Team USA #68,17,3,Ford Chip Ganassi Team USA,Ford GT,LMGTE Pro,,LeMans,24,2018-2019,343,24:01:34.945,45 Laps,26.729,Michelin,Classified,2.0,3:50.108,213.2,Joey HAND,Dirk MÜLLER,Sébastien BOURDAIS,2018-2019_LeMans,LMGTE Pro,GT (GTE Pro/Am),230.108
Corvette Racing #63,18,4,Corvette Racing,Chevrolet Corvette C7.R,LMGTE Pro,,LeMans,24,2018-2019,342,24:01:04.003,46 Laps,1 Laps,Michelin,Classified,296.0,3:49.448,213.8,Jan MAGNUSSEN,Antonio GARCIA,Mike ROCKENFELLER,2018-2019_LeMans,LMGTE Pro,GT (GTE Pro/Am),229.448
Cetilar Villorba Corse #47,19,11,Cetilar Villorba Corse,Dallara P217 - Gibson,LMP2,,LeMans,24,2018-2019,342,24:01:08.648,46 Laps,4.645,Dunlop,Classified,321.0,3:29.578,234.1,Roberto LACORTE,Giorgio SERNAGIOTTO,Luis Felipe NASR,2018-2019_LeMans,LMP2,LMP2,209.578
AF Corse #52,20,5,AF Corse,Ferrari 488 GTE EVO,LMGTE Pro,,LeMans,24,2018-2019,341,24:01:58.152,47 Laps,1 Laps,Michelin,Classified,253.0,3:50.569,212.8,Toni VILANDER,Antonio GIOVINAZZI,Luis Felipe DERANI,2018-2019_LeMans,LMGTE Pro,GT (GTE Pro/Am),230.56900000000002
Ford Chip Ganassi Team UK #66,21,6,Ford Chip Ganassi Team UK,Ford GT,LMGTE Pro,,LeMans,24,2018-2019,340,24:02:47.200,48 Laps,1 Laps,Michelin,Classified,300.0,3:50.343,213.0,Stefan MÜCKE,Olivier PLA,Billy JOHNSON,2018-2019_LeMans,LMGTE Pro,GT (GTE Pro/Am),230.34300000000002
AF Corse #51,22,7,AF Corse,Ferrari 488 GTE EVO,LMGTE Pro,,LeMans,24,2018-2019,339,24:00:52.927,49 Laps,1 Laps,Michelin,Classified,166.0,3:50.759,212.6,Alessandro PIER GUIDI,James CALADO,Daniel SERRA,2018-2019_LeMans,LMGTE Pro,GT (GTE Pro/Am),230.75900000000001
Aston Martin Racing #95,23,8,Aston Martin Racing,Aston Martin Vantage AMR,LMGTE Pro,,LeMans,24,2018-2019,339,24:04:25.797,49 Laps,3'32.870,Michelin,Classified,3.0,3:52.318,211.1,Marco SØRENSEN,Nicki THIIM,Darren TURNER,2018-2019_LeMans,LMGTE Pro,GT (GTE Pro/Am),232.31799999999998
AF Corse #71,24,9,AF Corse,Ferrari 488 GTE EVO,LMGTE Pro,,LeMans,24,2018-2019,338,24:03:42.549,50 Laps,1 Laps,Michelin,Classified,4.0,3:51.074,212.3,Davide RIGON,Sam BIRD,Miguel MOLINA,2018-2019_LeMans,LMGTE Pro,GT (GTE Pro/Am),231.074
Dempsey - Proton Racing #77,25,1,Dempsey - Proton Racing,Porsche 911 RSR,LMGTE Am,,LeMans,24,2018-2019,335,24:02:15.039,53 Laps,3 Laps,Michelin,Classified,276.0,3:53.521,210.1,Matt CAMPBELL,Christian RIED,Julien ANDLAUER,2018-2019_LeMans,LMGTE Am,GT (GTE Pro/Am),233.52100000000002
Spirit of Race #54,26,2,Spirit of Race,Ferrari F488 GTE,LMGTE Am,,LeMans,24,2018-2019,335,24:03:54.083,53 Laps,1'39.044,Michelin,Classified,2.0,3:52.715,210.8,Thomas FLOHR,Francesco CASTELLACCI,Giancarlo FISICHELLA,2018-2019_LeMans,LMGTE Am,GT (GTE Pro/Am),232.715
Porsche GT Team #93,27,10,Porsche GT Team,Porsche 911 RSR,LMGTE Pro,,LeMans,24,2018-2019,334,24:01:16.697,54 Laps,1 Laps,Michelin,Classified,2.0,3:50.539,212.8,Patrick PILET,Nick TANDY,Earl BAMBER,2018-2019_LeMans,LMGTE Pro,GT (GTE Pro/Am),230.539
Keating Motorsports #85,28,3,Keating Motorsports,Ferrari F488 GTE,LMGTE Am,,LeMans,24,2018-2019,334,24:01:45.791,54 Laps,29.094,Michelin,Classified,3.0,3:53.528,210.1,Ben KEATING,Jeroen BLEEKEMOLEN,Luca STOLZ,2018-2019_LeMans,LMGTE Am,GT (GTE Pro/Am),233.528
Proton Competition #99,29,4,Proton Competition,Porsche 911 RSR,LMGTE Am,,LeMans,24,2018-2019,334,24:03:08.602,54 Laps,1'22.811,Michelin,Classified,291.0,3:53.249,210.3,Patrick LONG,Timothy PAPPAS,Spencer PUMPELLY,2018-2019_LeMans,LMGTE Am,GT (GTE Pro/Am),233.249
JMW Motorsport #84,30,5,JMW Motorsport,Ferrari F488 GTE,LMGTE Am,,LeMans,24,2018-2019,332,24:00:52.819,56 Laps,2 Laps,Michelin,Classified,331.0,3:53.575,210.0,Liam GRIFFIN,Cooper MACNEIL,Jeffrey SEGAL,2018-2019_LeMans,LMGTE Am,GT (GTE Pro/Am),233.575
Ebimotors #80,31,6,Ebimotors,Porsche 911 RSR,LMGTE Am,,LeMans,24,2018-2019,332,24:00:55.691,56 Laps,2.872,Michelin,Classified,207.0,3:54.309,209.4,Fabio BABINI,Christina NIELSEN,Erik MARIS,2018-2019_LeMans,LMGTE Am,GT (GTE Pro/Am),234.309
Larbre Competition #50,32,12,Larbre Competition,Ligier JSP217 - Gibson,LMP2,,LeMans,24,2018-2019,332,24:00:57.572,56 Laps,1.881,Michelin,Classified,95.0,3:35.864,227.2,Erwin CREED,Romano RICCI,Thomas DAGONEAU,2018-2019_LeMans,LMP2,LMP2,215.864
BMW Team MTEK #81,33,11,BMW Team MTEK,BMW M8 GTE,LMGTE Pro,,LeMans,24,2018-2019,332,24:01:16.446,56 Laps,18.874,Michelin,Classified,146.0,3:50.834,212.5,Martin TOMCZYK,Nicky CATSBURG,Philipp ENG,2018-2019_LeMans,LMGTE Pro,GT (GTE Pro/Am),230.834
Team Project 1 #56,34,7,Team Project 1,Porsche 911 RSR,LMGTE Am,,LeMans,24,2018-2019,332,24:01:29.845,56 Laps,13.399,Michelin,Classified,278.0,3:53.306,210.3,Jörg BERGMEISTER,Patrick LINDSEY,Egidio PERFETTI,2018-2019_LeMans,LMGTE Am,GT (GTE Pro/Am),233.30599999999998
Clearwater Racing #61,35,8,Clearwater Racing,Ferrari F488 GTE,LMGTE Am,,LeMans,24,2018-2019,332,24:03:25.318,56 Laps,1'55.473,Michelin,Classified,332.0,3:53.396,210.2,Weng Sun MOK,Matthew GRIFFIN,Keita SAWA,2018-2019_LeMans,LMGTE Am,GT (GTE Pro/Am),233.39600000000002
Ford Chip Ganassi Team UK #67,36,12,Ford Chip Ganassi Team UK,Ford GT,LMGTE Pro,,LeMans,24,2018-2019,332,24:04:31.007,56 Laps,1'05.689,Michelin,Classified,328.0,3:50.180,213.1,Andy PRIAULX,Harry TINCKNELL,Tony KANAAN,2018-2019_LeMans,LMGTE Pro,GT (GTE Pro/Am),230.18
Aston Martin Racing #97,37,13,Aston Martin Racing,Aston Martin Vantage AMR,LMGTE Pro,,LeMans,24,2018-2019,327,24:01:48.484,61 Laps,5 Laps,Michelin,Classified,3.0,3:53.114,210.4,Alexander LYNN,Maxime MARTIN,Jonathan ADAM,2018-2019_LeMans,LMGTE Pro,GT (GTE Pro/Am),233.114
MR Racing #70,38,9,MR Racing,Ferrari F488 GTE,LMGTE Am,,LeMans,24,2018-2019,324,24:01:42.198,64 Laps,3 Laps,Michelin,Classified,267.0,3:54.310,209.4,Motoaki ISHIKAWA,Olivier BERETTA,Edward CHEEVER,2018-2019_LeMans,LMGTE Am,GT (GTE Pro/Am),234.31
Ford Chip Ganassi Team USA #69,39,14,Ford Chip Ganassi Team USA,Ford GT,LMGTE Pro,,LeMans,24,2018-2019,309,24:03:34.795,79 Laps,15 Laps,Michelin,Classified,300.0,3:50.200,213.1,Ryan BRISCOE,Richard WESTBROOK,Scott DIXON,2018-2019_LeMans,LMGTE Pro,GT (GTE Pro/Am),230.2
Gulf Racing #86,40,10,Gulf Racing,Porsche 911 RSR,LMGTE Am,,LeMans,24,2018-2019,283,24:00:56.772,105 Laps,26 Laps,Michelin,Classified,3.0,3:52.600,210.9,Michael WAINWRIGHT,Benjamin BARKER,Alex DAVISON,2018-2019_LeMans,LMGTE Am,GT (GTE Pro/Am),232.6
CEFC TRSM Racing #5,41,5,CEFC TRSM Racing,Ginetta G60-LT-P1 - Mecachrome,LMP1,,LeMans,24,2018-2019,283,24:05:40.979,105 Laps,4'44.207,Michelin,Classified,250.0,3:25.390,238.8,Charles ROBERTSON,Michael SIMPSON,Leo ROUSSEL,2018-2019_LeMans,LMP1,Top Class (LMP1/Hypercar),205.39
Eurasia Motorsport #44,42,13,Eurasia Motorsport,Ligier JSP217 - Gibson,LMP2,,LeMans,24,2018-2019,334,22:38:36.227,54 Laps,-51 Laps,Dunlop,Not classified,305.0,3:33.487,229.8,Andrea BERTOLINI,Niclas JÖNSSON,Tracy KROHN,2018-2019_LeMans,LMP2,LMP2,213.487
SMP Racing #11,43,6,SMP Racing,BR Engineering BR1 - AER,LMP1,,LeMans,24,2018-2019,315,23:02:25.286,73 Laps,19 Laps,Michelin,Retired,242.0,3:20.949,244.1,Vitaly PETROV,Mikhail ALESHIN,Jenson BUTTON,2018-2019_LeMans,LMP1,Top Class (LMP1/Hypercar),200.949
Idec Sport #48,44,14,Idec Sport,Oreca 07 - Gibson,LMP2,,LeMans,24,2018-2019,312,20:46:23.572,76 Laps,3 Laps,Michelin,Retired,280.0,3:28.572,235.2,Paul LAFARGUE,Paul Loup CHATIN,Memo ROJAS,2018-2019_LeMans,LMP2,LMP2,208.572
TF Sport #90,45,11,TF Sport,Aston Martin Vantage,LMGTE Am,,LeMans,24,2018-2019,304,22:28:19.118,84 Laps,8 Laps,Michelin,Retired,243.0,3:53.300,210.3,Salih YOLUC,Euan HANKEY,Charles EASTWOOD,2018-2019_LeMans,LMGTE Am,GT (GTE Pro/Am),233.3
United Autosports #22,46,15,United Autosports,Ligier JSP217 - Gibson,LMP2,,LeMans,24,2018-2019,288,18:55:51.304,100 Laps,16 Laps,Dunlop,Retired,212.0,3:29.570,234.1,Philip HANSON,Filipe ALBUQUERQUE,Paul DI RESTA,2018-2019_LeMans,LMP2,LMP2,209.57
Corvette Racing #64,47,15,Corvette Racing,Chevrolet Corvette C7.R,LMGTE Pro,,LeMans,24,2018-2019,259,18:19:34.039,129 Laps,29 Laps,Michelin,Retired,227.0,3:50.981,212.4,Oliver GAVIN,Tommy MILNER,Marcel FÄSSLER,2018-2019_LeMans,LMGTE Pro,GT (GTE Pro/Am),230.981
DragonSpeed #10,48,7,DragonSpeed,BR Engineering BR1 - Gibson,LMP1,,LeMans,24,2018-2019,244,16:25:47.365,144 Laps,15 Laps,Michelin,Retired,4.0,3:22.064,242.8,Henrik HEDMAN,Ben HANLEY,Renger VAN DER ZANDE,2018-2019_LeMans,LMP1,Top Class (LMP1/Hypercar),202.064
Algarve Pro Racing #25,49,16,Algarve Pro Racing,Ligier JSP217 - Gibson,LMP2,,LeMans,24,2018-2019,237,20:25:57.494,151 Laps,7 Laps,Dunlop,Retired,234.0,3:37.637,225.4,Mark PATTERSON,Ate DE JONG,Tacksung KIM,2018-2019_LeMans,LMP2,LMP2,217.637
Dempsey - Proton Racing #88,50,12,Dempsey - Proton Racing,Porsche 911 RSR,LMGTE Am,,LeMans,24,2018-2019,225,15:59:06.981,163 Laps,12 Laps,Michelin,Retired,3.0,3:53.268,210.3,Matteo CAIROLI,Khaled AL QUBAISI,Giorgio RODA,2018-2019_LeMans,LMGTE Am,GT (GTE Pro/Am),233.268
BMW Team MTEK #82,51,16,BMW Team MTEK,BMW M8 GTE,LMGTE Pro,,LeMans,24,2018-2019,223,15:31:09.255,165 Laps,2 Laps,Michelin,Retired,100.0,3:50.712,212.6,Augusto FARFUS,Antonio Felix DA COSTA,Alexander SIMS,2018-2019_LeMans,LMGTE Pro,GT (GTE Pro/Am),230.712
G-Drive Racing #40,52,17,G-Drive Racing,Oreca 07 - Gibson,LMP2,,LeMans,24,2018-2019,197,12:50:35.063,191 Laps,26 Laps,Dunlop,Retired,47.0,3:28.861,234.9,James ALLEN,Jose GUTIERREZ,Enzo GUIBBERT,2018-2019_LeMans,LMP2,LMP2,208.861
Jackie Chan DC Racing #34,53,18,Jackie Chan DC Racing,Ligier JSP217 - Gibson,LMP2,,LeMans,24,2018-2019,195,12:45:23.339,193 Laps,2 Laps,Dunlop,Retired,37.0,3:29.984,233.6,Ricky TAYLOR,Côme LEDOGAR,David HEINEMEIER-HANSSON,2018-2019_LeMans,LMP2,LMP2,209.984
CEFC TRSM Racing #6,54,8,CEFC TRSM Racing,Ginetta G60-LT-P1 - Mecachrome,LMP1,,LeMans,24,2018-2019,137,9:43:18.738,251 Laps,58 Laps,Michelin,Retired,3.0,3:24.444,239.9,Oliver ROWLAND,Alex BRUNDLE,Oliver TURVEY,2018-2019_LeMans,LMP1,Top Class (LMP1/Hypercar),204.444
SMP Racing #17,55,9,SMP Racing,BR Engineering BR1 - AER,LMP1,,LeMans,24,2018-2019,123,7:52:57.094,265 Laps,14 Laps,Michelin,Retired,4.0,3:20.335,244.9,Stéphane SARRAZIN,Egor ORUDZHEV,Matevos ISAAKYAN,2018-2019_LeMans,LMP1,Top Class (LMP1/Hypercar),200.335
Porsche GT Team #94,56,17,Porsche GT Team,Porsche 911 RSR,LMGTE Pro,,LeMans,24,2018-2019,92,6:40:01.244,296 Laps,31 Laps,Michelin,Retired,88.0,3:51.192,212.2,Romain DUMAS,Timo BERNHARD,Sven MÜLLER,2018-2019_LeMans,LMGTE Pro,GT (GTE Pro/Am),231.192
Aston Martin Racing #98,57,13,Aston Martin Racing,Aston Martin Vantage,LMGTE Am,,LeMans,24,2018-2019,92,6:46:10.156,296 Laps,6'08.912,Michelin,Retired,38.0,3:55.273,208.5,Paul DALLA LANA,Pedro LAMY,Mathias LAUDA,2018-2019_LeMans,LMGTE Am,GT (GTE Pro/Am),235.273
Bykolles Racing Team #4,58,10,Bykolles Racing Team,Enso CLM P1/01 - Nismo,LMP1,,LeMans,24,2018-2019,65,4:12:59.555,323 Laps,27 Laps,Michelin,Retired,49.0,3:25.869,238.3,Oliver WEBB,Dominik KRAIHAMER,Tom DILLMANN,2018-2019_LeMans,LMP1,Top Class (LMP1/Hypercar),205.869
G-Drive Racing #26,59,19,G-Drive Racing,Oreca 07 - Gibson,LMP2,,LeMans,24,2018-2019,369,24:01:07.299,19 Laps,-304 Laps,Dunlop,Classified,200.0,3:28.196,235.6,Roman RUSINOV,Andrea PIZZITOLA,Jean-Eric VERGNE,2018-2019_LeMans,LMP2,LMP2,208.196
TDS Racing #28,60,20,TDS Racing,Oreca 07 - Gibson,LMP2,,LeMans,24,2018-2019,365,24:03:07.473,23 Laps,4 Laps,Dunlop,Classified,278.0,3:27.258,236.7,François PERRODO,Matthieu VAXIVIERE,Loïc DUVAL,2018-2019_LeMans,LMP2,LMP2,207.258
Toyota Gazoo Racing #8,1,1,Toyota Gazoo Racing,Toyota TS050 - Hybrid,LMP1,H,LeMans 2,24,2018-2019,385,24:00:10.574,,,Michelin,Classified,4.0,3:18.397,247.2,Sébastien BUEMI,Kazuki NAKAJIMA,Fernando ALONSO,2018-2019_LeMans 2,LMP1,Top Class (LMP1/Hypercar),198.397
Toyota Gazoo Racing #7,2,2,Toyota Gazoo Racing,Toyota TS050 - Hybrid,LMP1,H,LeMans 2,24,2018-2019,385,24:00:27.546,16.972,16.972,Michelin,Classified,4.0,3:17.297,248.6,Mike CONWAY,Kamui KOBAYASHI,Jose Maria LOPEZ,2018-2019_LeMans 2,LMP1,Top Class (LMP1/Hypercar),197.297
SMP Racing #11,3,3,SMP Racing,BR Engineering BR1 - AER,LMP1,,LeMans 2,24,2018-2019,379,24:00:47.948,6 Laps,6 Laps,Michelin,Classified,45.0,3:19.785,245.5,Vitaly PETROV,Mikhail ALESHIN,Stoffel VANDOORNE,2018-2019_LeMans 2,LMP1,Top Class (LMP1/Hypercar),199.785
Rebellion Racing #1,4,4,Rebellion Racing,Rebellion R13 - Gibson,LMP1,,LeMans 2,24,2018-2019,376,24:01:52.069,9 Laps,3 Laps,Michelin,Classified,4.0,3:20.605,244.5,Neel JANI,André LOTTERER,Bruno SENNA,2018-2019_LeMans 2,LMP1,Top Class (LMP1/Hypercar),200.605
Rebellion Racing #3,5,5,Rebellion Racing,Rebellion R13 - Gibson,LMP1,,LeMans 2,24,2018-2019,370,24:01:23.474,15 Laps,6 Laps,Michelin,Classified,136.0,3:18.720,246.8,Thomas LAURENT,Nathanaël BERTHON,Gustavo MENEZES,2018-2019_LeMans 2,LMP1,Top Class (LMP1/Hypercar),198.72
Signatech Alpine Matmut #36,6,1,Signatech Alpine Matmut,Alpine A470 - Gibson,LMP2,,LeMans 2,24,2018-2019,368,24:02:30.436,17 Laps,2 Laps,Michelin,Classified,4.0,3:27.694,236.2,Nicolas LAPIERRE,André NEGRÃO,Pierre THIRIET,2018-2019_LeMans 2,LMP2,LMP2,207.694
Jackie Chan DC Racing #38,7,2,Jackie Chan DC Racing,Oreca 07 - Gibson,LMP2,,LeMans 2,24,2018-2019,367,24:01:11.901,18 Laps,1 Laps,Dunlop,Classified,346.0,3:29.077,234.6,Ho-Pin TUNG,Stéphane RICHELMI,Gabriel AUBRY,2018-2019_LeMans 2,LMP2,LMP2,209.077
TDS Racing #28,8,3,TDS Racing,Oreca 07 - Gibson,LMP2,,LeMans 2,24,2018-2019,366,24:00:40.659,19 Laps,1 Laps,Dunlop,Classified,3.0,3:27.611,236.3,François PERRODO,Matthieu VAXIVIERE,Loïc DUVAL,2018-2019_LeMans 2,LMP2,LMP2,207.611
United Autosports #22,9,4,United Autosports,Ligier JSP217 - Gibson,LMP2,,LeMans 2,24,2018-2019,365,24:00:53.907,20 Laps,1 Laps,Michelin,Classified,234.0,3:29.892,233.7,Philip HANSON,Filipe ALBUQUERQUE,Paul DI RESTA,2018-2019_LeMans 2,LMP2,LMP2,209.892
Idec Sport #48,10,5,Idec Sport,Oreca 07 - Gibson,LMP2,,LeMans 2,24,2018-2019,364,24:00:35.435,21 Laps,1 Laps,Michelin,Classified,348.0,3:28.883,234.8,Paul LAFARGUE,Paul Loup CHATIN,Memo ROJAS,2018-2019_LeMans 2,LMP2,LMP2,208.883
G-Drive Racing #26,11,6,G-Drive Racing,Aurus 01 - Gibson,LMP2,,LeMans 2,24,2018-2019,364,24:01:00.288,21 Laps,24.853,Dunlop,Classified,314.0,3:27.719,236.2,Roman RUSINOV,Job VAN UITERT,Jean-Eric VERGNE,2018-2019_LeMans 2,LMP2,LMP2,207.719
Duqueine Engineering #30,12,7,Duqueine Engineering,Oreca 07 - Gibson,LMP2,,LeMans 2,24,2018-2019,363,24:00:28.815,22 Laps,1 Laps,Michelin,Classified,100.0,3:28.984,234.7,Nicolas JAMIN,Pierre RAGUES,Romain DUMAS,2018-2019_LeMans 2,LMP2,LMP2,208.984
Panis Barthez Competition #23,13,8,Panis Barthez Competition,Ligier JSP217 - Gibson,LMP2,,LeMans 2,24,2018-2019,362,24:00:19.203,23 Laps,1 Laps,Dunlop,Classified,4.0,3:30.800,232.7,René BINDER,Julien CANAL,William STEVENS,2018-2019_LeMans 2,LMP2,LMP2,210.8
Graff #39,14,9,Graff,Oreca 07 - Gibson,LMP2,,LeMans 2,24,2018-2019,362,24:00:20.133,23 Laps,0.930,Michelin,Classified,267.0,3:29.175,234.5,Tristan GOMMENDY,Vincent CAPILLAIRE,Jonathan HIRSCHI,2018-2019_LeMans 2,LMP2,LMP2,209.175
Algarve Pro Racing #25,15,10,Algarve Pro Racing,Oreca 07 - Gibson,LMP2,,LeMans 2,24,2018-2019,357,24:03:32.245,28 Laps,5 Laps,Dunlop,Classified,338.0,3:29.072,234.6,David ZOLLINGER,Andrea PIZZITOLA,John FALB,2018-2019_LeMans 2,LMP2,LMP2,209.072
High Class Racing #20,16,11,High Class Racing,Oreca 07 - Gibson,LMP2,,LeMans 2,24,2018-2019,356,24:02:59.659,29 Laps,1 Laps,Dunlop,Classified,245.0,3:29.896,233.7,Anders FJORDBACH,Dennis ANDERSEN,Mathias BECHE,2018-2019_LeMans 2,LMP2,LMP2,209.89600000000002
Larbre Competition #50,17,12,Larbre Competition,Ligier JSP217 - Gibson,LMP2,,LeMans 2,24,2018-2019,355,24:01:24.643,30 Laps,1 Laps,Michelin,Classified,4.0,3:33.860,229.4,Erwin CREED,Romano RICCI,Nicholas BOULLE,2018-2019_LeMans 2,LMP2,LMP2,213.86
Cetilar R. Villorba Corse #47,18,13,Cetilar R. Villorba Corse,Dallara P217 - Gibson,LMP2,,LeMans 2,24,2018-2019,352,24:02:34.882,33 Laps,3 Laps,Michelin,Classified,4.0,3:31.596,231.8,Roberto LACORTE,Giorgio SERNAGIOTTO,Andrea BELICCHI,2018-2019_LeMans 2,LMP2,LMP2,211.596
United Autosports #32,19,14,United Autosports,Ligier JSP217 - Gibson,LMP2,,LeMans 2,24,2018-2019,348,24:00:23.515,37 Laps,4 Laps,Michelin,Classified,3.0,3:30.721,232.8,Ryan CULLEN,Alex BRUNDLE,Will OWEN,2018-2019_LeMans 2,LMP2,LMP2,210.721
AF Corse #51,20,1,AF Corse,Ferrari 488 GTE EVO,LMGTE Pro,,LeMans 2,24,2018-2019,342,24:00:29.469,43 Laps,6 Laps,Michelin,Classified,97.0,3:50.125,213.2,Alessandro PIER GUIDI,James CALADO,Daniel SERRA,2018-2019_LeMans 2,LMGTE Pro,GT (GTE Pro/Am),230.125
Porsche GT Team #91,21,2,Porsche GT Team,Porsche 911 RSR,LMGTE Pro,,LeMans 2,24,2018-2019,342,24:01:18.662,43 Laps,49.193,Michelin,Classified,304.0,3:49.831,213.4,Richard LIETZ,Gianmaria BRUNI,Frédéric MAKOWIECKI,2018-2019_LeMans 2,LMGTE Pro,GT (GTE Pro/Am),229.83100000000002
Porsche GT Team #93,22,3,Porsche GT Team,Porsche 911 RSR,LMGTE Pro,,LeMans 2,24,2018-2019,342,24:01:36.626,43 Laps,17.964,Michelin,Classified,3.0,3:50.279,213.0,Patrick PILET,Earl BAMBER,Nick TANDY,2018-2019_LeMans 2,LMGTE Pro,GT (GTE Pro/Am),230.279
Ford Chip Ganassi Team UK #67,23,4,Ford Chip Ganassi Team UK,Ford GT,LMGTE Pro,,LeMans 2,24,2018-2019,342,24:03:52.597,43 Laps,2'15.971,Michelin,Classified,3.0,3:50.328,213.0,Andy PRIAULX,Harry TINCKNELL,Jonathan BOMARITO,2018-2019_LeMans 2,LMGTE Pro,GT (GTE Pro/Am),230.328
Ford Chip Ganassi Team USA #69,24,5,Ford Chip Ganassi Team USA,Ford GT,LMGTE Pro,,LeMans 2,24,2018-2019,341,24:02:12.468,44 Laps,1 Laps,Michelin,Classified,245.0,3:50.865,212.5,Ryan BRISCOE,Richard WESTBROOK,Scott DIXON,2018-2019_LeMans 2,LMGTE Pro,GT (GTE Pro/Am),230.865
Ford Chip Ganassi Team UK #66,25,6,Ford Chip Ganassi Team UK,Ford GT,LMGTE Pro,,LeMans 2,24,2018-2019,340,24:00:51.196,45 Laps,1 Laps,Michelin,Classified,18.0,3:51.247,212.1,Stefan MÜCKE,Olivier PLA,Billy JOHNSON,2018-2019_LeMans 2,LMGTE Pro,GT (GTE Pro/Am),231.247
Racing Team Nederland #29,26,15,Racing Team Nederland,Dallara P217 - Gibson,LMP2,,LeMans 2,24,2018-2019,340,24:02:48.518,45 Laps,1'57.322,Michelin,Classified,213.0,3:29.023,234.7,Frits VAN EERD,Giedo VAN DER GARDE,Nyck DE VRIES,2018-2019_LeMans 2,LMP2,LMP2,209.023
Porsche GT Team #94,27,7,Porsche GT Team,Porsche 911 RSR,LMGTE Pro,,LeMans 2,24,2018-2019,339,24:00:34.560,46 Laps,1 Laps,Michelin,Classified,309.0,3:50.819,212.5,Sven MÜLLER,Mathieu JAMINET,Dennis OLSEN,2018-2019_LeMans 2,LMGTE Pro,GT (GTE Pro/Am),230.81900000000002
Corvette Racing #63,28,8,Corvette Racing,Chevrolet Corvette C7.R,LMGTE Pro,,LeMans 2,24,2018-2019,337,24:01:57.941,48 Laps,2 Laps,Michelin,Classified,2.0,3:49.958,213.3,Jan MAGNUSSEN,Antonio GARCIA,Mike ROCKENFELLER,2018-2019_LeMans 2,LMGTE Pro,GT (GTE Pro/Am),229.958
Porsche GT Team #92,29,9,Porsche GT Team,Porsche 911 RSR,LMGTE Pro,,LeMans 2,24,2018-2019,337,24:03:55.044,48 Laps,1'57.103,Michelin,Classified,96.0,3:49.937,213.3,Michael CHRISTENSEN,Kevin ESTRE,Laurens VANTHOOR,2018-2019_LeMans 2,LMGTE Pro,GT (GTE Pro/Am),229.937
BMW Team MTEK #82,30,10,BMW Team MTEK,BMW M8 GTE,LMGTE Pro,,LeMans 2,24,2018-2019,335,24:00:26.780,50 Laps,2 Laps,Michelin,Classified,3.0,3:50.702,212.6,Augusto FARFUS,Antonio Felix DA COSTA,Jesse KROHN,2018-2019_LeMans 2,LMGTE Pro,GT (GTE Pro/Am),230.702
Team Project 1 #56,31,1,Team Project 1,Porsche 911 RSR,LMGTE Am,,LeMans 2,24,2018-2019,334,24:03:05.045,51 Laps,1 Laps,Michelin,Classified,2.0,3:54.101,209.5,Jörg BERGMEISTER,Patrick LINDSEY,Egidio PERFETTI,2018-2019_LeMans 2,LMGTE Am,GT (GTE Pro/Am),234.101
JMW Motorsport #84,32,2,JMW Motorsport,Ferrari 488 GTE,LMGTE Am,,LeMans 2,24,2018-2019,334,24:03:49.229,51 Laps,44.184,Michelin,Classified,2.0,3:53.813,209.8,Jeffrey SEGAL,Rodrigo BAPTISTA,Wei LU,2018-2019_LeMans 2,LMGTE Am,GT (GTE Pro/Am),233.813
WeatherTech Racing #62,33,3,WeatherTech Racing,Ferrari 488 GTE,LMGTE Am,,LeMans 2,24,2018-2019,333,24:03:05.409,52 Laps,1 Laps,Michelin,Classified,313.0,3:53.835,209.8,Cooper MACNEIL,Toni VILANDER,Robert SMITH,2018-2019_LeMans 2,LMGTE Am,GT (GTE Pro/Am),233.835
Dempsey - Proton Racing #77,34,4,Dempsey - Proton Racing,Porsche 911 RSR,LMGTE Am,,LeMans 2,24,2018-2019,332,24:00:11.757,53 Laps,1 Laps,Michelin,Classified,2.0,3:52.945,210.6,Matt CAMPBELL,Christian RIED,Julien ANDLAUER,2018-2019_LeMans 2,LMGTE Am,GT (GTE Pro/Am),232.945
Car Guy Racing #57,35,5,Car Guy Racing,Ferrari 488 GTE,LMGTE Am,,LeMans 2,24,2018-2019,332,24:02:13.057,53 Laps,2'01.300,Michelin,Classified,2.0,3:53.684,209.9,Takeshi KIMURA,Kei COZZOLINO,Côme LEDOGAR,2018-2019_LeMans 2,LMGTE Am,GT (GTE Pro/Am),233.684
Proton Competition #78,36,6,Proton Competition,Porsche 911 RSR,LMGTE Am,,LeMans 2,24,2018-2019,332,24:03:01.454,53 Laps,48.397,Michelin,Classified,2.0,3:53.716,209.9,Louis PRETTE,Philippe PRETTE,Vincent ABRIL,2018-2019_LeMans 2,LMGTE Am,GT (GTE Pro/Am),233.716
Clearwater Racing #61,37,7,Clearwater Racing,Ferrari 488 GTE,LMGTE Am,,LeMans 2,24,2018-2019,331,24:01:48.090,54 Laps,1 Laps,Michelin,Classified,296.0,3:53.746,209.9,Luis PEREZ-COMPANC,Matthew GRIFFIN,Matteo CRESSONI,2018-2019_LeMans 2,LMGTE Am,GT (GTE Pro/Am),233.746
Gulf Racing #86,38,8,Gulf Racing,Porsche 911 RSR,LMGTE Am,,LeMans 2,24,2018-2019,331,24:02:53.948,54 Laps,1'05.858,Michelin,Classified,2.0,3:52.834,210.7,Michael WAINWRIGHT,Benjamin BARKER,Thomas PREINING,2018-2019_LeMans 2,LMGTE Am,GT (GTE Pro/Am),232.834
Kessel Racing #83,39,9,Kessel Racing,Ferrari 488 GTE,LMGTE Am,,LeMans 2,24,2018-2019,330,24:04:05.792,55 Laps,1 Laps,Michelin,Classified,314.0,3:55.261,208.5,Manuela GOSTNER,Rahel FREY,Michelle GATTING,2018-2019_LeMans 2,LMGTE Am,GT (GTE Pro/Am),235.261
Risi Competizione #89,40,11,Risi Competizione,Ferrari 488 GTE EVO,LMGTE Pro,,LeMans 2,24,2018-2019,329,24:02:43.517,56 Laps,1 Laps,Michelin,Classified,298.0,3:51.741,211.7,Pipo DERANI,Oliver JARVIS,Jules GOUNON,2018-2019_LeMans 2,LMGTE Pro,GT (GTE Pro/Am),231.74099999999999
MR Racing #70,41,10,MR Racing,Ferrari 488 GTE,LMGTE Am,,LeMans 2,24,2018-2019,328,24:03:51.293,57 Laps,1 Laps,Michelin,Classified,292.0,3:54.578,209.1,Motoaki ISHIKAWA,Olivier BERETTA,Edward CHEEVER,2018-2019_LeMans 2,LMGTE Am,GT (GTE Pro/Am),234.578
TF Sport #90,42,11,TF Sport,Aston Martin Vantage,LMGTE Am,,LeMans 2,24,2018-2019,327,24:02:36.061,58 Laps,1 Laps,Michelin,Classified,263.0,3:54.604,209.1,Salih YOLUC,Euan HANKEY,Charles EASTWOOD,2018-2019_LeMans 2,LMGTE Am,GT (GTE Pro/Am),234.60399999999998
Spirit of Race #54,43,12,Spirit of Race,Ferrari 488 GTE,LMGTE Am,,LeMans 2,24,2018-2019,327,24:04:58.415,58 Laps,2'22.354,Michelin,Classified,267.0,3:53.394,210.2,Thomas FLOHR,Francesco CASTELLACCI,Giancarlo FISICHELLA,2018-2019_LeMans 2,LMGTE Am,GT (GTE Pro/Am),233.394
Aston Martin Racing #97,44,12,Aston Martin Racing,Aston Martin Vantage AMR,LMGTE Pro,,LeMans 2,24,2018-2019,325,24:00:42.319,60 Laps,2 Laps,Michelin,Classified,3.0,3:51.423,212.0,Maxime MARTIN,Alexander LYNN,Jonathan ADAM,2018-2019_LeMans 2,LMGTE Pro,GT (GTE Pro/Am),231.423
Inter Europol Competition #34,45,16,Inter Europol Competition,Ligier JSP217 - Gibson,LMP2,,LeMans 2,24,2018-2019,325,24:02:12.317,60 Laps,1'29.998,Michelin,Classified,184.0,3:32.730,230.6,Jakub SMIECHOWSKI,James WINSLOW,Nigel MOORE,2018-2019_LeMans 2,LMP2,LMP2,212.73
Kessel Racing #60,46,13,Kessel Racing,Ferrari 488 GTE,LMGTE Am,,LeMans 2,24,2018-2019,324,24:04:05.536,61 Laps,1 Laps,Michelin,Classified,239.0,3:53.472,210.1,Claudio SCHIAVONI,Sergio PIANEZZOLA,Andrea PICCINI,2018-2019_LeMans 2,LMGTE Am,GT (GTE Pro/Am),233.472
BMW Team MTEK #81,47,13,BMW Team MTEK,BMW M8 GTE,LMGTE Pro,,LeMans 2,24,2018-2019,309,24:00:26.754,76 Laps,15 Laps,Michelin,Classified,18.0,3:51.118,212.2,Nicky CATSBURG,Martin TOMCZYK,Philipp ENG,2018-2019_LeMans 2,LMGTE Pro,GT (GTE Pro/Am),231.118
RLR M Sport / Tower Events #43,48,17,RLR M Sport / Tower Events,Oreca 07 - Gibson,LMP2,,LeMans 2,24,2018-2019,295,20:09:42.073,90 Laps,14 Laps,Dunlop,Not classified,275.0,3:28.980,234.7,John FARANO,Arjun MAINI,Norman NATO,2018-2019_LeMans 2,LMP2,LMP2,208.98
DragonSpeed #31,49,18,DragonSpeed,Oreca 07 - Gibson,LMP2,,LeMans 2,24,2018-2019,245,16:09:29.728,140 Laps,50 Laps,Michelin,Retired,187.0,3:28.216,235.6,Roberto GONZALEZ,Pastor MALDONADO,Anthony DAVIDSON,2018-2019_LeMans 2,LMP2,LMP2,208.216
Jackie Chan DC Racing #37,50,19,Jackie Chan DC Racing,Oreca 07 - Gibson,LMP2,,LeMans 2,24,2018-2019,199,13:17:51.879,186 Laps,46 Laps,Dunlop,Retired,182.0,3:29.952,233.6,David HEINEMEIER-HANSSON,Jordan KING,Ricky TAYLOR,2018-2019_LeMans 2,LMP2,LMP2,209.952
SMP Racing #17,51,6,SMP Racing,BR Engineering BR1 - AER,LMP1,,LeMans 2,24,2018-2019,163,10:18:13.785,222 Laps,36 Laps,Michelin,Retired,3.0,3:20.273,244.9,Stéphane SARRAZIN,Egor ORUDZHEV,Sergey SIROTKIN,2018-2019_LeMans 2,LMP1,Top Class (LMP1/Hypercar),200.273
Bykolles Racing Team #4,52,7,Bykolles Racing Team,Enso CLM P1/01 - Gibson,LMP1,,LeMans 2,24,2018-2019,163,12:53:14.155,222 Laps,2:35'00.370,Michelin,Retired,3.0,3:24.333,240.1,Tom DILLMANN,Oliver WEBB,Paolo RUBERTI,2018-2019_LeMans 2,LMP1,Top Class (LMP1/Hypercar),204.333
ARC Bratislava #49,53,20,ARC Bratislava,Ligier JSP217 - Gibson,LMP2,,LeMans 2,24,2018-2019,160,13:32:48.155,225 Laps,3 Laps,Dunlop,Retired,28.0,3:32.513,230.8,Miro KONOPKA,Henning ENQVIST,Konstantin TERESCHENKO,2018-2019_LeMans 2,LMP2,LMP2,212.513
AF Corse #71,54,14,AF Corse,Ferrari 488 GTE EVO,LMGTE Pro,,LeMans 2,24,2018-2019,140,9:54:48.259,245 Laps,20 Laps,Michelin,Retired,3.0,3:50.862,212.5,Davide RIGON,Sam BIRD,Miguel MOLINA,2018-2019_LeMans 2,LMGTE Pro,GT (GTE Pro/Am),230.862
Aston Martin Racing #95,55,15,Aston Martin Racing,Aston Martin Vantage AMR,LMGTE Pro,,LeMans 2,24,2018-2019,132,9:18:25.054,253 Laps,8 Laps,Michelin,Retired,2.0,3:50.139,213.1,Nicki THIIM,Marco SØRENSEN,Darren TURNER,2018-2019_LeMans 2,LMGTE Pro,GT (GTE Pro/Am),230.139
Aston Martin Racing #98,56,14,Aston Martin Racing,Aston Martin Vantage,LMGTE Am,,LeMans 2,24,2018-2019,87,7:01:33.766,298 Laps,45 Laps,Michelin,Retired,4.0,3:55.026,208.7,Paul DALLA LANA,Pedro LAMY,Mathias LAUDA,2018-2019_LeMans 2,LMGTE Am,GT (GTE Pro/Am),235.026
Corvette Racing #64,57,16,Corvette Racing,Chevrolet Corvette C7.R,LMGTE Pro,,LeMans 2,24,2018-2019,82,5:36:00.286,303 Laps,5 Laps,Michelin,Retired,2.0,3:50.484,212.8,Oliver GAVIN,Tommy MILNER,Marcel FÄSSLER,2018-2019_LeMans 2,LMGTE Pro,GT (GTE Pro/Am),230.484
Dempsey - Proton Racing #88,58,15,Dempsey - Proton Racing,Porsche 911 RSR,LMGTE Am,,LeMans 2,24,2018-2019,79,6:28:27.584,306 Laps,3 Laps,Michelin,Retired,2.0,3:52.567,210.9,Satoshi HOSHINO,Giorgio RODA JR,Matteo CAIROLI,2018-2019_LeMans 2,LMGTE Am,GT (GTE Pro/Am),232.567
DragonSpeed #10,59,8,DragonSpeed,BR Engineering BR1 - Gibson,LMP1,,LeMans 2,24,2018-2019,76,8:30:14.175,309 Laps,3 Laps,Michelin,Retired,3.0,3:22.565,242.2,Henrik HEDMAN,Ben HANLEY,Renger VAN DER ZANDE,2018-2019_LeMans 2,LMP1,Top Class (LMP1/Hypercar),202.565
Ford Chip Ganassi Team USA #68,60,17,Ford Chip Ganassi Team USA,Ford GT,LMGTE Pro,,LeMans 2,24,2018-2019,342,24:02:41.630,43 Laps,-266 Laps,Michelin,Classified,283.0,3:50.492,212.8,Joey HAND,Dirk MÜLLER,Sébastien BOURDAIS,2018-2019_LeMans 2,LMGTE Pro,GT (GTE Pro/Am),230.492
Keating Motorsports #85,61,16,Keating Motorsports,Ford GT,LMGTE Am,,LeMans 2,24,2018-2019,334,24:02:20.102,51 Laps,8 Laps,Michelin,Classified,168.0,3:53.774,209.8,Ben KEATING,Jeroen BLEEKEMOLEN,Felipe FRAGA,2018-2019_LeMans 2,LMGTE Am,GT (GTE Pro/Am),233.774
Toyota Gazoo Racing #7,1,1,Toyota Gazoo Racing,Toyota TS050 - Hybrid,LMP1,H,Shanghai,6,2018-2019,113,6:01:46.414,,,Michelin,Classified,88.0,2:01.995,160.9,Mike CONWAY,Kamui KOBAYASHI,Jose Maria LOPEZ,2018-2019_Shanghai,LMP1,Top Class (LMP1/Hypercar),121.995
Toyota Gazoo Racing #8,2,2,Toyota Gazoo Racing,Toyota TS050 - Hybrid,LMP1,H,Shanghai,6,2018-2019,113,6:01:47.833,1.419,1.419,Michelin,Classified,90.0,2:01.381,161.7,Sébastien BUEMI,Kazuki NAKAJIMA,Fernando ALONSO,2018-2019_Shanghai,LMP1,Top Class (LMP1/Hypercar),121.381
SMP Racing #11,3,3,SMP Racing,BR Engineering BR1 - AER,LMP1,,Shanghai,6,2018-2019,112,6:02:12.181,1 Laps,1 Laps,Michelin,Classified,40.0,2:03.384,159.0,Mikhail ALESHIN,Vitaly PETROV,Jenson BUTTON,2018-2019_Shanghai,LMP1,Top Class (LMP1/Hypercar),123.384
Rebellion Racing #1,4,4,Rebellion Racing,Rebellion R13 - Gibson,LMP1,,Shanghai,6,2018-2019,112,6:02:29.122,1 Laps,16.941,Michelin,Classified,79.0,2:02.702,159.9,Neel JANI,André LOTTERER,Bruno SENNA,2018-2019_Shanghai,LMP1,Top Class (LMP1/Hypercar),122.702
Rebellion Racing #3,5,5,Rebellion Racing,Rebellion R13 - Gibson,LMP1,,Shanghai,6,2018-2019,110,6:02:04.331,3 Laps,2 Laps,Michelin,Classified,88.0,2:02.379,160.4,Mathias BECHE,Thomas LAURENT,Gustavo MENEZES,2018-2019_Shanghai,LMP1,Top Class (LMP1/Hypercar),122.379
DragonSpeed #10,6,6,DragonSpeed,BR Engineering BR1 - Gibson,LMP1,,Shanghai,6,2018-2019,110,6:02:34.342,3 Laps,30.011,Michelin,Classified,90.0,2:04.702,157.4,James ALLEN,Ben HANLEY,Renger VAN DER ZANDE,2018-2019_Shanghai,LMP1,Top Class (LMP1/Hypercar),124.702
Aston Martin Racing #95,7,1,Aston Martin Racing,Aston Martin Vantage AMR,LMGTE Pro,,Shanghai,6,2018-2019,109,6:02:50.597,4 Laps,1 Laps,Michelin,Classified,64.0,2:14.166,146.3,Marco SØRENSEN,Nicki THIIM,,2018-2019_Shanghai,LMGTE Pro,GT (GTE Pro/Am),134.166
Jackie Chan DC Racing #38,8,1,Jackie Chan DC Racing,Oreca 07 - Gibson,LMP2,,Shanghai,6,2018-2019,109,6:02:57.583,4 Laps,6.986,Dunlop,Classified,87.0,2:10.904,149.9,Ho-Pin TUNG,Gabriel AUBRY,Stéphane RICHELMI,2018-2019_Shanghai,LMP2,LMP2,130.904
Porsche GT Team #91,9,2,Porsche GT Team,Porsche 911 RSR,LMGTE Pro,,Shanghai,6,2018-2019,109,6:03:00.126,4 Laps,2.543,Michelin,Classified,91.0,2:14.489,145.9,Richard LIETZ,Gianmaria BRUNI,,2018-2019_Shanghai,LMGTE Pro,GT (GTE Pro/Am),134.489
Porsche GT Team #92,10,3,Porsche GT Team,Porsche 911 RSR,LMGTE Pro,,Shanghai,6,2018-2019,109,6:03:05.425,4 Laps,5.299,Michelin,Classified,89.0,2:14.080,146.4,Michael CHRISTENSEN,Kevin ESTRE,,2018-2019_Shanghai,LMGTE Pro,GT (GTE Pro/Am),134.08
Aston Martin Racing #97,11,4,Aston Martin Racing,Aston Martin Vantage AMR,LMGTE Pro,,Shanghai,6,2018-2019,109,6:03:08.744,4 Laps,3.319,Michelin,Classified,39.0,2:14.093,146.3,Alexander LYNN,Maxime MARTIN,,2018-2019_Shanghai,LMGTE Pro,GT (GTE Pro/Am),134.093
DragonSpeed #31,12,2,DragonSpeed,Oreca 07 - Gibson,LMP2,,Shanghai,6,2018-2019,109,6:03:10.596,4 Laps,1.852,Michelin,Classified,12.0,2:10.773,150.1,Roberto GONZALEZ,Pastor MALDONADO,Anthony DAVIDSON,2018-2019_Shanghai,LMP2,LMP2,130.773
AF Corse #51,13,5,AF Corse,Ferrari 488 GTE EVO,LMGTE Pro,,Shanghai,6,2018-2019,109,6:03:54.640,4 Laps,44.044,Michelin,Classified,10.0,2:15.105,145.2,Alessandro PIER GUIDI,James CALADO,,2018-2019_Shanghai,LMGTE Pro,GT (GTE Pro/Am),135.105
Signatech Alpine Matmut #36,14,3,Signatech Alpine Matmut,Alpine A470 - Gibson,LMP2,,Shanghai,6,2018-2019,109,6:04:03.971,4 Laps,9.331,Dunlop,Classified,88.0,2:10.237,150.7,Nicolas LAPIERRE,André NEGRÃO,Pierre THIRIET,2018-2019_Shanghai,LMP2,LMP2,130.237
AF Corse #71,15,6,AF Corse,Ferrari 488 GTE EVO,LMGTE Pro,,Shanghai,6,2018-2019,109,6:04:08.467,4 Laps,4.496,Michelin,Classified,80.0,2:14.491,145.9,Davide RIGON,Sam BIRD,,2018-2019_Shanghai,LMGTE Pro,GT (GTE Pro/Am),134.49099999999999
Ford Chip Ganassi Team UK #66,16,7,Ford Chip Ganassi Team UK,Ford GT,LMGTE Pro,,Shanghai,6,2018-2019,109,6:04:08.980,4 Laps,0.513,Michelin,Classified,90.0,2:14.390,146.0,Stefan MÜCKE,Olivier PLA,,2018-2019_Shanghai,LMGTE Pro,GT (GTE Pro/Am),134.39
Corvette Racing #64,17,8,Corvette Racing,Chevrolet Corvette C7R,LMGTE Pro,,Shanghai,6,2018-2019,109,6:04:10.424,4 Laps,1.444,Michelin,Classified,62.0,2:16.012,144.3,Oliver GAVIN,Tommy MILNER,,2018-2019_Shanghai,LMGTE Pro,GT (GTE Pro/Am),136.012
BMW Team MTEK #81,18,9,BMW Team MTEK,BMW M8 GTE,LMGTE Pro,,Shanghai,6,2018-2019,109,6:04:23.198,4 Laps,12.774,Michelin,Classified,88.0,2:15.836,144.5,Martin TOMCZYK,Nicky CATSBURG,,2018-2019_Shanghai,LMGTE Pro,GT (GTE Pro/Am),135.836
Ford Chip Ganassi Team UK #67,19,10,Ford Chip Ganassi Team UK,Ford GT,LMGTE Pro,,Shanghai,6,2018-2019,109,6:04:58.058,4 Laps,34.860,Michelin,Classified,39.0,2:15.289,145.0,Andy PRIAULX,Harry TINCKNELL,,2018-2019_Shanghai,LMGTE Pro,GT (GTE Pro/Am),135.289
BMW Team MTEK #82,20,11,BMW Team MTEK,BMW M8 GTE,LMGTE Pro,,Shanghai,6,2018-2019,108,6:01:48.964,5 Laps,1 Laps,Michelin,Classified,88.0,2:15.237,145.1,Tom BLOMQVIST,Antonio Felix DA COSTA,,2018-2019_Shanghai,LMGTE Pro,GT (GTE Pro/Am),135.237
Dempsey - Proton Racing #77,21,1,Dempsey - Proton Racing,Porsche 911 RSR,LMGTE Am,,Shanghai,6,2018-2019,108,6:03:05.962,5 Laps,1'16.998,Michelin,Classified,89.0,2:16.788,143.5,Christian RIED,Julien ANDLAUER,Matt CAMPBELL,2018-2019_Shanghai,LMGTE Am,GT (GTE Pro/Am),136.788
Team Project 1 #56,22,2,Team Project 1,Porsche 911 RSR,LMGTE Am,,Shanghai,6,2018-2019,108,6:03:14.662,5 Laps,8.700,Michelin,Classified,11.0,2:17.134,143.1,Jörg BERGMEISTER,Patrick LINDSEY,Egidio PERFETTI,2018-2019_Shanghai,LMGTE Am,GT (GTE Pro/Am),137.13400000000001
Dempsey - Proton Racing #88,23,3,Dempsey - Proton Racing,Porsche 911 RSR,LMGTE Am,,Shanghai,6,2018-2019,108,6:03:17.677,5 Laps,3.015,Michelin,Classified,83.0,2:16.887,143.4,Khaled AL QUBAISI,Riccardo PERA,Matteo CAIROLI,2018-2019_Shanghai,LMGTE Am,GT (GTE Pro/Am),136.887
Jackie Chan DC Racing #37,24,4,Jackie Chan DC Racing,Oreca 07 - Gibson,LMP2,,Shanghai,6,2018-2019,108,6:03:31.154,5 Laps,13.477,Dunlop,Classified,87.0,2:11.049,149.7,Jazeman JAAFAR,Weiron TAN,Nabil JEFFRI,2018-2019_Shanghai,LMP2,LMP2,131.049
Spirit of Race #54,25,4,Spirit of Race,Ferrari F488 GTE,LMGTE Am,,Shanghai,6,2018-2019,108,6:04:02.390,5 Laps,31.236,Michelin,Classified,64.0,2:17.102,143.1,Thomas FLOHR,Francesco CASTELLACCI,Giancarlo FISICHELLA,2018-2019_Shanghai,LMGTE Am,GT (GTE Pro/Am),137.102
Aston Martin Racing #98,26,5,Aston Martin Racing,Aston Martin Vantage,LMGTE Am,,Shanghai,6,2018-2019,108,6:04:13.225,5 Laps,10.835,Michelin,Classified,85.0,2:17.937,142.3,Paul DALLA LANA,Pedro LAMY,Mathias LAUDA,2018-2019_Shanghai,LMGTE Am,GT (GTE Pro/Am),137.937
MR Racing #70,27,6,MR Racing,Ferrari F488 GTE,LMGTE Am,,Shanghai,6,2018-2019,107,6:01:46.887,6 Laps,1 Laps,Michelin,Classified,44.0,2:18.692,141.5,Motoaki ISHIKAWA,Olivier BERETTA,Edward CHEEVER,2018-2019_Shanghai,LMGTE Am,GT (GTE Pro/Am),138.692
Clearwater Racing #61,28,7,Clearwater Racing,Ferrari F488 GTE,LMGTE Am,,Shanghai,6,2018-2019,107,6:02:07.814,6 Laps,20.927,Michelin,Classified,39.0,2:17.067,143.2,Weng Sun MOK,Keita SAWA,Matthew GRIFFIN,2018-2019_Shanghai,LMGTE Am,GT (GTE Pro/Am),137.067
TF Sport #90,29,8,TF Sport,Aston Martin Vantage,LMGTE Am,,Shanghai,6,2018-2019,105,6:02:03.495,8 Laps,2 Laps,Michelin,Classified,60.0,2:18.424,141.8,Salih YOLUC,Jonathan ADAM,Charles EASTWOOD,2018-2019_Shanghai,LMGTE Am,GT (GTE Pro/Am),138.424
Gulf Racing #86,30,9,Gulf Racing,Porsche 911 RSR,LMGTE Am,,Shanghai,6,2018-2019,100,6:02:59.909,13 Laps,5 Laps,Michelin,Classified,57.0,2:16.657,143.6,Michael WAINWRIGHT,Benjamin BARKER,Thomas PREINING,2018-2019_Shanghai,LMGTE Am,GT (GTE Pro/Am),136.657
Racing Team Nederland #29,31,5,Racing Team Nederland,Dallara P217 - Gibson,LMP2,,Shanghai,6,2018-2019,99,6:03:39.899,14 Laps,1 Laps,Michelin,Classified,51.0,2:09.817,151.2,Frits VAN EERD,Giedo VAN DER GARDE,Nyck DE VRIES,2018-2019_Shanghai,LMP2,LMP2,129.817
Larbre Competition #50,32,6,Larbre Competition,Ligier JSP217 - Gibson,LMP2,,Shanghai,6,2018-2019,75,6:02:00.048,38 Laps,24 Laps,Michelin,Classified,69.0,2:12.448,148.2,Erwin CREED,Romano RICCI,Enzo GUIBBERT,2018-2019_Shanghai,LMP2,LMP2,132.448
TDS Racing #28,33,7,TDS Racing,Oreca 07 - Gibson,LMP2,,Shanghai,6,2018-2019,108,6:01:09.329,5 Laps,-33 Laps,Dunlop,Not classified,86.0,2:10.087,150.8,François PERRODO,Matthieu VAXIVIERE,Loïc DUVAL,2018-2019_Shanghai,LMP2,LMP2,130.087
SMP Racing #17,34,7,SMP Racing,BR Engineering BR1 - AER,LMP1,,Shanghai,6,2018-2019,100,5:38:27.411,13 Laps,8 Laps,Michelin,Not classified,85.0,2:01.683,161.3,Stéphane SARRAZIN,Egor ORUDZHEV,Matevos ISAAKYAN,2018-2019_Shanghai,LMP1,Top Class (LMP1/Hypercar),121.683
Bykolles Racing Team #4,35,8,Bykolles Racing Team,Enso CLM P1/01 - Nismo,LMP1,,Shanghai,6,2018-2019,50,3:34:50.212,63 Laps,50 Laps,Michelin,Not classified,42.0,2:05.039,156.9,Oliver WEBB,Tom DILLMANN,James ROSSITER,2018-2019_Shanghai,LMP1,Top Class (LMP1/Hypercar),125.039
Toyota Gazoo Racing #8,1,1,Toyota Gazoo Racing,Toyota TS050 - Hybrid,LMP1,H,Sebring,8,2018-2019,253,8:00:38.186,,,Michelin,Classified,50.0,1:42.360,211.7,Sébastien BUEMI,Kazuki NAKAJIMA,Fernando ALONSO,2018-2019_Sebring,LMP1,Top Class (LMP1/Hypercar),102.36
Toyota Gazoo Racing #7,2,2,Toyota Gazoo Racing,Toyota TS050 - Hybrid,LMP1,H,Sebring,8,2018-2019,252,8:01:08.145,1 Laps,1 Laps,Michelin,Classified,44.0,1:41.800,212.9,Mike CONWAY,Kamui KOBAYASHI,Jose Maria LOPEZ,2018-2019_Sebring,LMP1,Top Class (LMP1/Hypercar),101.8
SMP Racing #11,3,3,SMP Racing,BR Engineering BR1 - AER,LMP1,,Sebring,8,2018-2019,242,8:00:43.182,11 Laps,10 Laps,Michelin,Classified,53.0,1:44.929,206.5,Mikhail ALESHIN,Vitaly PETROV,Brendon HARTLEY,2018-2019_Sebring,LMP1,Top Class (LMP1/Hypercar),104.929
Jackie Chan DC Racing #37,4,1,Jackie Chan DC Racing,Oreca 07 - Gibson,LMP2,,Sebring,8,2018-2019,239,8:00:51.753,14 Laps,3 Laps,Dunlop,Classified,76.0,1:49.097,198.6,David HEINEMEIER-HANSSON,Jordan KING,William STEVENS,2018-2019_Sebring,LMP2,LMP2,109.09700000000001
Signatech Alpine Matmut #36,5,2,Signatech Alpine Matmut,Alpine A470 - Gibson,LMP2,,Sebring,8,2018-2019,239,8:01:19.174,14 Laps,27.421,Michelin,Classified,16.0,1:49.628,197.7,Nicolas LAPIERRE,André NEGRÃO,Pierre THIRIET,2018-2019_Sebring,LMP2,LMP2,109.628
DragonSpeed #31,6,3,DragonSpeed,Oreca 07 - Gibson,LMP2,,Sebring,8,2018-2019,237,8:00:54.134,16 Laps,2 Laps,Michelin,Classified,24.0,1:49.095,198.6,Roberto GONZALEZ,Pastor MALDONADO,Anthony DAVIDSON,2018-2019_Sebring,LMP2,LMP2,109.095
Rebellion Racing #3,7,4,Rebellion Racing,Rebellion R13 - Gibson,LMP1,,Sebring,8,2018-2019,237,8:00:57.934,16 Laps,3.800,Michelin,Classified,81.0,1:44.077,208.2,Nathanaël BERTHON,Thomas LAURENT,Gustavo MENEZES,2018-2019_Sebring,LMP1,Top Class (LMP1/Hypercar),104.077
Larbre Competition #50,8,4,Larbre Competition,Ligier JSP217 - Gibson,LMP2,,Sebring,8,2018-2019,234,8:01:12.417,19 Laps,3 Laps,Michelin,Classified,47.0,1:50.428,196.2,Erwin CREED,Romano RICCI,Gunnar JEANNETTE,2018-2019_Sebring,LMP2,LMP2,110.428
Racing Team Nederland #29,9,5,Racing Team Nederland,Dallara P217 Gibson,LMP2,,Sebring,8,2018-2019,230,8:01:39.658,23 Laps,4 Laps,Michelin,Classified,7.0,1:48.990,198.8,Frits VAN EERD,Giedo VAN DER GARDE,Nyck DE VRIES,2018-2019_Sebring,LMP2,LMP2,108.99000000000001
Porsche GT Team #91,10,1,Porsche GT Team,Porsche 911 RSR,LMGTE Pro,,Sebring,8,2018-2019,226,8:01:10.119,27 Laps,4 Laps,Michelin,Classified,51.0,1:58.978,182.1,Richard LIETZ,Gianmaria BRUNI,,2018-2019_Sebring,LMGTE Pro,GT (GTE Pro/Am),118.97800000000001
BMW Team MTEK #81,11,2,BMW Team MTEK,BMW M8 GTE,LMGTE Pro,,Sebring,8,2018-2019,226,8:01:10.935,27 Laps,0.816,Michelin,Classified,212.0,1:58.788,182.4,Martin TOMCZYK,Nicky CATSBURG,Alexander SIMS,2018-2019_Sebring,LMGTE Pro,GT (GTE Pro/Am),118.788
Ford Chip Ganassi Team UK #67,12,3,Ford Chip Ganassi Team UK,Ford GT,LMGTE Pro,,Sebring,8,2018-2019,225,8:00:39.769,28 Laps,1 Laps,Michelin,Classified,74.0,1:59.145,181.9,Andy PRIAULX,Harry TINCKNELL,Jonathan BOMARITO,2018-2019_Sebring,LMGTE Pro,GT (GTE Pro/Am),119.14500000000001
AF Corse #51,13,4,AF Corse,Ferrari 488 GTE EVO,LMGTE Pro,,Sebring,8,2018-2019,225,8:00:40.303,28 Laps,0.534,Michelin,Classified,204.0,1:59.159,181.8,Alessandro PIER GUIDI,James CALADO,Daniel SERRA,2018-2019_Sebring,LMGTE Pro,GT (GTE Pro/Am),119.15899999999999
Porsche GT Team #92,14,5,Porsche GT Team,Porsche 911 RSR,LMGTE Pro,,Sebring,8,2018-2019,225,8:00:44.908,28 Laps,4.605,Michelin,Classified,209.0,1:58.970,182.1,Michael CHRISTENSEN,Kevin ESTRE,,2018-2019_Sebring,LMGTE Pro,GT (GTE Pro/Am),118.97
AF Corse #71,15,6,AF Corse,Ferrari 488 GTE EVO,LMGTE Pro,,Sebring,8,2018-2019,225,8:00:46.486,28 Laps,1.578,Michelin,Classified,142.0,1:58.701,182.5,Davide RIGON,Sam BIRD,Miguel MOLINA,2018-2019_Sebring,LMGTE Pro,GT (GTE Pro/Am),118.701
BMW Team MTEK #82,16,7,BMW Team MTEK,BMW M8 GTE,LMGTE Pro,,Sebring,8,2018-2019,225,8:00:53.759,28 Laps,7.273,Michelin,Classified,201.0,1:59.057,182.0,Augusto FARFUS,Antonio Felix DA COSTA,Bruno SPENGLER,2018-2019_Sebring,LMGTE Pro,GT (GTE Pro/Am),119.057
Corvette Racing #63,17,8,Corvette Racing,Chevrolet Corvette C7.R,LMGTE Pro,,Sebring,8,2018-2019,225,8:01:15.021,28 Laps,21.262,Michelin,Classified,184.0,1:59.144,181.9,Jan MAGNUSSEN,Antonio GARCIA,Mike ROCKENFELLER,2018-2019_Sebring,LMGTE Pro,GT (GTE Pro/Am),119.144
Aston Martin Racing #97,18,9,Aston Martin Racing,Aston Martin Vantage AMR,LMGTE Pro,,Sebring,8,2018-2019,224,8:00:44.000,29 Laps,1 Laps,Michelin,Classified,183.0,1:59.074,182.0,Alexander LYNN,Maxime MARTIN,,2018-2019_Sebring,LMGTE Pro,GT (GTE Pro/Am),119.074
Aston Martin Racing #95,19,10,Aston Martin Racing,Aston Martin Vantage AMR,LMGTE Pro,,Sebring,8,2018-2019,224,8:00:57.354,29 Laps,13.354,Michelin,Classified,98.0,1:59.508,181.3,Marco SØRENSEN,Nicki THIIM,Darren TURNER,2018-2019_Sebring,LMGTE Pro,GT (GTE Pro/Am),119.50800000000001
Dempsey - Proton Racing #77,20,1,Dempsey - Proton Racing,Porsche 911 RSR,LMGTE Am,,Sebring,8,2018-2019,221,8:00:56.374,32 Laps,3 Laps,Michelin,Classified,207.0,2:00.386,180.0,Christian RIED,Julien ANDLAUER,Matt CAMPBELL,2018-2019_Sebring,LMGTE Am,GT (GTE Pro/Am),120.386
Spirit of Race #54,21,2,Spirit of Race,Ferrari F488 GTE,LMGTE Am,,Sebring,8,2018-2019,221,8:01:08.912,32 Laps,12.538,Michelin,Classified,70.0,2:00.322,180.1,Thomas FLOHR,Francesco CASTELLACCI,Giancarlo FISICHELLA,2018-2019_Sebring,LMGTE Am,GT (GTE Pro/Am),120.322
Team Project 1 #56,22,3,Team Project 1,Porsche 911 RSR,LMGTE Am,,Sebring,8,2018-2019,221,8:01:16.458,32 Laps,7.546,Michelin,Classified,74.0,2:00.630,179.6,Jörg BERGMEISTER,Patrick LINDSEY,Egidio PERFETTI,2018-2019_Sebring,LMGTE Am,GT (GTE Pro/Am),120.63
Gulf Racing #86,23,4,Gulf Racing,Porsche 911 RSR,LMGTE Am,,Sebring,8,2018-2019,221,8:01:16.525,32 Laps,0.067,Michelin,Classified,146.0,1:59.989,180.6,Michael WAINWRIGHT,Benjamin BARKER,Thomas PREINING,2018-2019_Sebring,LMGTE Am,GT (GTE Pro/Am),119.989
MR Racing #70,24,5,MR Racing,Ferrari F488 GTE,LMGTE Am,,Sebring,8,2018-2019,220,8:00:55.534,33 Laps,1 Laps,Michelin,Classified,73.0,2:00.721,179.5,Motoaki ISHIKAWA,Olivier BERETTA,Edward CHEEVER,2018-2019_Sebring,LMGTE Am,GT (GTE Pro/Am),120.721
TF Sport #90,25,6,TF Sport,Aston Martin Vantage,LMGTE Am,,Sebring,8,2018-2019,220,8:01:03.459,33 Laps,7.925,Michelin,Classified,41.0,2:00.870,179.3,Salih YOLUC,Jonathan ADAM,Charles EASTWOOD,2018-2019_Sebring,LMGTE Am,GT (GTE Pro/Am),120.87
Dempsey - Proton Racing #88,26,7,Dempsey - Proton Racing,Porsche 911 RSR,LMGTE Am,,Sebring,8,2018-2019,219,8:00:45.760,34 Laps,1 Laps,Michelin,Classified,183.0,2:00.056,180.5,Gianluca RODA,Giorgio RODA JR,Matteo CAIROLI,2018-2019_Sebring,LMGTE Am,GT (GTE Pro/Am),120.056
Aston Martin Racing #98,27,8,Aston Martin Racing,Aston Martin Vantage,LMGTE Am,,Sebring,8,2018-2019,219,8:00:52.883,34 Laps,7.123,Michelin,Classified,150.0,2:00.701,179.5,Paul DALLA LANA,Pedro LAMY,Mathias LAUDA,2018-2019_Sebring,LMGTE Am,GT (GTE Pro/Am),120.701
Ford Chip Ganassi Team UK #66,28,11,Ford Chip Ganassi Team UK,Ford GT,LMGTE Pro,,Sebring,8,2018-2019,216,8:00:58.526,37 Laps,3 Laps,Michelin,Classified,25.0,1:59.276,181.7,Stefan MÜCKE,Olivier PLA,Billy JOHNSON,2018-2019_Sebring,LMGTE Pro,GT (GTE Pro/Am),119.27600000000001
Jackie Chan DC Racing #38,29,6,Jackie Chan DC Racing,Oreca 07 - Gibson,LMP2,,Sebring,8,2018-2019,209,8:01:06.801,44 Laps,7 Laps,Dunlop,Classified,56.0,1:49.089,198.6,Ho-Pin TUNG,Gabriel AUBRY,Stéphane RICHELMI,2018-2019_Sebring,LMP2,LMP2,109.089
TDS Racing #28,30,7,TDS Racing,Oreca 07 - Gibson,LMP2,,Sebring,8,2018-2019,232,7:45:30.876,21 Laps,-23 Laps,Dunlop,Not classified,53.0,1:49.138,198.5,François PERRODO,Matthieu VAXIVIERE,Loïc DUVAL,2018-2019_Sebring,LMP2,LMP2,109.138
SMP Racing #17,31,5,SMP Racing,BR Engineering BR1 - AER,LMP1,,Sebring,8,2018-2019,62,1:52:43.005,191 Laps,170 Laps,Michelin,Not classified,19.0,1:44.186,208.0,Stéphane SARRAZIN,Egor ORUDZHEV,Sergey SIROTKIN,2018-2019_Sebring,LMP1,Top Class (LMP1/Hypercar),104.186
DragonSpeed #10,32,6,DragonSpeed,BR Engineering BR1 - Gibson,LMP1,,Sebring,8,2018-2019,143,4:52:45.765,110 Laps,-81 Laps,Michelin,Retired,53.0,1:45.266,205.8,Henrik HEDMAN,Ben HANLEY,Renger VAN DER ZANDE,2018-2019_Sebring,LMP1,Top Class (LMP1/Hypercar),105.26599999999999
Rebellion Racing #1,33,7,Rebellion Racing,Rebellion R13 - Gibson,LMP1,,Sebring,8,2018-2019,138,4:41:26.612,115 Laps,5 Laps,Michelin,Retired,36.0,1:43.705,208.9,Neel JANI,Mathias BECHE,Bruno SENNA,2018-2019_Sebring,LMP1,Top Class (LMP1/Hypercar),103.705
Toyota Gazoo Racing #8,1,1,Toyota Gazoo Racing,Toyota TS050 - Hybrid,LMP1,H,Spa 2,6,2018-2019,133,5:44:41.101,,,Michelin,Classified,2.0,1:58.056,213.6,Sébastien BUEMI,Kazuki NAKAJIMA,Fernando ALONSO,2018-2019_Spa 2,LMP1,Top Class (LMP1/Hypercar),118.056
Rebellion Racing #3,2,2,Rebellion Racing,Rebellion R13 - Gibson,LMP1,,Spa 2,6,2018-2019,132,5:44:58.794,1 Laps,1 Laps,Michelin,Classified,75.0,1:59.393,211.2,Nathanaël BERTHON,Thomas LAURENT,Gustavo MENEZES,2018-2019_Spa 2,LMP1,Top Class (LMP1/Hypercar),119.393
SMP Racing #11,3,3,SMP Racing,BR Engineering BR1 - AER,LMP1,,Spa 2,6,2018-2019,132,5:45:05.350,1 Laps,6.556,Michelin,Classified,43.0,1:59.474,211.0,Mikhail ALESHIN,Vitaly PETROV,Stoffel VANDOORNE,2018-2019_Spa 2,LMP1,Top Class (LMP1/Hypercar),119.47399999999999
SMP Racing #17,4,4,SMP Racing,BR Engineering BR1 - AER,LMP1,,Spa 2,6,2018-2019,131,5:45:01.895,2 Laps,1 Laps,Michelin,Classified,72.0,1:58.547,212.7,Stéphane SARRAZIN,Egor ORUDZHEV,Sergey SIROTKIN,2018-2019_Spa 2,LMP1,Top Class (LMP1/Hypercar),118.547
Rebellion Racing #1,5,5,Rebellion Racing,Rebellion R13 - Gibson,LMP1,,Spa 2,6,2018-2019,130,5:44:44.193,3 Laps,1 Laps,Michelin,Classified,64.0,1:58.750,212.3,Neel JANI,André LOTTERER,Bruno SENNA,2018-2019_Spa 2,LMP1,Top Class (LMP1/Hypercar),118.75
Toyota Gazoo Racing #7,6,6,Toyota Gazoo Racing,Toyota TS050 - Hybrid,LMP1,H,Spa 2,6,2018-2019,129,5:44:45.682,4 Laps,1 Laps,Michelin,Classified,39.0,1:57.394,214.8,Mike CONWAY,Kamui KOBAYASHI,Jose Maria LOPEZ,2018-2019_Spa 2,LMP1,Top Class (LMP1/Hypercar),117.394
DragonSpeed #31,7,1,DragonSpeed,Oreca 07 - Gibson,LMP2,,Spa 2,6,2018-2019,129,5:44:55.919,4 Laps,10.237,Michelin,Classified,74.0,2:04.155,203.1,Roberto GONZALEZ,Pastor MALDONADO,Anthony DAVIDSON,2018-2019_Spa 2,LMP2,LMP2,124.155
G-Drive Racing #26,8,2,G-Drive Racing,Aurus 01 - Gibson,LMP2,,Spa 2,6,2018-2019,129,5:44:59.874,4 Laps,3.955,Dunlop,Classified,43.0,2:04.320,202.8,Roman RUSINOV,Job VAN UITERT,Jean-Eric VERGNE,2018-2019_Spa 2,LMP2,LMP2,124.32
Signatech Alpine Matmut #36,9,3,Signatech Alpine Matmut,Alpine A470 - Gibson,LMP2,,Spa 2,6,2018-2019,129,5:45:00.351,4 Laps,0.477,Michelin,Classified,43.0,2:05.556,200.8,Nicolas LAPIERRE,André NEGRÃO,Pierre THIRIET,2018-2019_Spa 2,LMP2,LMP2,125.556
Jackie Chan DC Racing #38,10,4,Jackie Chan DC Racing,Oreca 07 - Gibson,LMP2,,Spa 2,6,2018-2019,129,5:45:04.546,4 Laps,4.195,Dunlop,Classified,71.0,2:04.334,202.8,Ho-Pin TUNG,Gabriel AUBRY,Stéphane RICHELMI,2018-2019_Spa 2,LMP2,LMP2,124.334
TDS Racing #28,11,5,TDS Racing,Oreca 07 - Gibson,LMP2,,Spa 2,6,2018-2019,128,5:45:22.429,5 Laps,1 Laps,Dunlop,Classified,62.0,2:04.312,202.8,François PERRODO,Matthieu VAXIVIERE,Norman NATO,2018-2019_Spa 2,LMP2,LMP2,124.312
Racing Team Nederland #29,12,6,Racing Team Nederland,Dallara P217 - Gibson,LMP2,,Spa 2,6,2018-2019,127,5:45:02.620,6 Laps,1 Laps,Michelin,Classified,2.0,2:04.843,202.0,Frits VAN EERD,Giedo VAN DER GARDE,Nyck DE VRIES,2018-2019_Spa 2,LMP2,LMP2,124.843
Jackie Chan DC Racing #37,13,7,Jackie Chan DC Racing,Oreca 07 - Gibson,LMP2,,Spa 2,6,2018-2019,127,5:45:24.016,6 Laps,21.396,Dunlop,Classified,54.0,2:04.641,202.3,David HEINEMEIER-HANSSON,Jordan KING,William STEVENS,2018-2019_Spa 2,LMP2,LMP2,124.641
Larbre Competition #50,14,8,Larbre Competition,Ligier JSP217 - Gibson,LMP2,,Spa 2,6,2018-2019,126,5:45:29.348,7 Laps,1 Laps,Michelin,Classified,59.0,2:07.275,198.1,Erwin CREED,Romano RICCI,Nicholas BOULLE,2018-2019_Spa 2,LMP2,LMP2,127.275
Aston Martin Racing #97,15,1,Aston Martin Racing,Aston Martin Vantage AMR,LMGTE Pro,,Spa 2,6,2018-2019,124,5:44:45.343,9 Laps,2 Laps,Michelin,Classified,46.0,2:15.702,185.8,Alexander LYNN,Maxime MARTIN,,2018-2019_Spa 2,LMGTE Pro,GT (GTE Pro/Am),135.702
AF Corse #51,16,2,AF Corse,Ferrari 488 GTE EVO,LMGTE Pro,,Spa 2,6,2018-2019,124,5:44:46.231,9 Laps,0.888,Michelin,Classified,40.0,2:16.336,184.9,Alessandro PIER GUIDI,James CALADO,,2018-2019_Spa 2,LMGTE Pro,GT (GTE Pro/Am),136.336
Porsche GT Team #92,17,3,Porsche GT Team,Porsche 911 RSR,LMGTE Pro,,Spa 2,6,2018-2019,124,5:44:49.146,9 Laps,2.915,Michelin,Classified,46.0,2:15.556,186.0,Michael CHRISTENSEN,Kevin ESTRE,,2018-2019_Spa 2,LMGTE Pro,GT (GTE Pro/Am),135.556
BMW Team MTEK #82,18,4,BMW Team MTEK,BMW M8 GTE,LMGTE Pro,,Spa 2,6,2018-2019,124,5:44:53.459,9 Laps,4.313,Michelin,Classified,73.0,2:14.208,187.9,Augusto FARFUS,Antonio Felix DA COSTA,,2018-2019_Spa 2,LMGTE Pro,GT (GTE Pro/Am),134.208
Ford Chip Ganassi Team UK #67,19,5,Ford Chip Ganassi Team UK,Ford GT,LMGTE Pro,,Spa 2,6,2018-2019,124,5:44:53.575,9 Laps,0.116,Michelin,Classified,46.0,2:14.914,186.9,Andy PRIAULX,Harry TINCKNELL,,2018-2019_Spa 2,LMGTE Pro,GT (GTE Pro/Am),134.914
AF Corse #71,20,6,AF Corse,Ferrari 488 GTE EVO,LMGTE Pro,,Spa 2,6,2018-2019,124,5:44:53.622,9 Laps,0.047,Michelin,Classified,48.0,2:16.109,185.2,Davide RIGON,Sam BIRD,,2018-2019_Spa 2,LMGTE Pro,GT (GTE Pro/Am),136.109
Aston Martin Racing #95,21,7,Aston Martin Racing,Aston Martin Vantage AMR,LMGTE Pro,,Spa 2,6,2018-2019,124,5:44:54.507,9 Laps,0.885,Michelin,Classified,72.0,2:16.276,185.0,Marco SØRENSEN,Nicki THIIM,,2018-2019_Spa 2,LMGTE Pro,GT (GTE Pro/Am),136.276
Porsche GT Team #91,22,8,Porsche GT Team,Porsche 911 RSR,LMGTE Pro,,Spa 2,6,2018-2019,124,5:45:04.278,9 Laps,9.771,Michelin,Classified,72.0,2:15.784,185.7,Richard LIETZ,Gianmaria BRUNI,,2018-2019_Spa 2,LMGTE Pro,GT (GTE Pro/Am),135.784
BMW Team MTEK #81,23,9,BMW Team MTEK,BMW M8 GTE,LMGTE Pro,,Spa 2,6,2018-2019,124,5:45:05.877,9 Laps,1.599,Michelin,Classified,52.0,2:14.515,187.4,Martin TOMCZYK,Nicky CATSBURG,,2018-2019_Spa 2,LMGTE Pro,GT (GTE Pro/Am),134.515
Ford Chip Ganassi Team UK #66,24,10,Ford Chip Ganassi Team UK,Ford GT,LMGTE Pro,,Spa 2,6,2018-2019,123,5:44:53.812,10 Laps,1 Laps,Michelin,Classified,52.0,2:15.629,185.9,Stefan MÜCKE,Olivier PLA,,2018-2019_Spa 2,LMGTE Pro,GT (GTE Pro/Am),135.629
Dempsey - Proton Racing #77,25,1,Dempsey - Proton Racing,Porsche 911 RSR,LMGTE Am,,Spa 2,6,2018-2019,122,5:44:49.089,11 Laps,1 Laps,Michelin,Classified,44.0,2:18.004,182.7,Christian RIED,Riccardo PERA,Matt CAMPBELL,2018-2019_Spa 2,LMGTE Am,GT (GTE Pro/Am),138.004
TF Sport #90,26,2,TF Sport,Aston Martin Vantage,LMGTE Am,,Spa 2,6,2018-2019,122,5:44:54.433,11 Laps,5.344,Michelin,Classified,44.0,2:17.933,182.8,Salih YOLUC,Euan HANKEY,Charles EASTWOOD,2018-2019_Spa 2,LMGTE Am,GT (GTE Pro/Am),137.933
Clearwater Racing #61,27,3,Clearwater Racing,Ferrari F488 GTE,LMGTE Am,,Spa 2,6,2018-2019,122,5:45:05.233,11 Laps,10.800,Michelin,Classified,74.0,2:18.341,182.3,Luis PEREZ-COMPANC,Matteo CRESSONI,Matthew GRIFFIN,2018-2019_Spa 2,LMGTE Am,GT (GTE Pro/Am),138.341
Spirit of Race #54,28,4,Spirit of Race,Ferrari F488 GTE,LMGTE Am,,Spa 2,6,2018-2019,122,5:45:21.806,11 Laps,16.573,Michelin,Classified,71.0,2:17.516,183.4,Thomas FLOHR,Francesco CASTELLACCI,Giancarlo FISICHELLA,2018-2019_Spa 2,LMGTE Am,GT (GTE Pro/Am),137.516
Team Project 1 #56,29,5,Team Project 1,Porsche 911 RSR,LMGTE Am,,Spa 2,6,2018-2019,122,5:45:22.294,11 Laps,0.488,Michelin,Classified,72.0,2:17.763,183.0,Jörg BERGMEISTER,Patrick LINDSEY,Egidio PERFETTI,2018-2019_Spa 2,LMGTE Am,GT (GTE Pro/Am),137.763
Aston Martin Racing #98,30,6,Aston Martin Racing,Aston Martin Vantage,LMGTE Am,,Spa 2,6,2018-2019,121,5:44:49.972,12 Laps,1 Laps,Michelin,Classified,39.0,2:19.509,180.7,Paul DALLA LANA,Pedro LAMY,Mathias LAUDA,2018-2019_Spa 2,LMGTE Am,GT (GTE Pro/Am),139.50900000000001
Gulf Racing #86,31,7,Gulf Racing,Porsche 911 RSR,LMGTE Am,,Spa 2,6,2018-2019,121,5:45:26.932,12 Laps,36.960,Michelin,Classified,69.0,2:16.802,184.3,Michael WAINWRIGHT,Benjamin BARKER,Thomas PREINING,2018-2019_Spa 2,LMGTE Am,GT (GTE Pro/Am),136.802
MR Racing #70,32,8,MR Racing,Ferrari F488 GTE,LMGTE Am,,Spa 2,6,2018-2019,120,5:45:23.027,13 Laps,1 Laps,Michelin,Classified,59.0,2:18.079,182.6,Motoaki ISHIKAWA,Olivier BERETTA,Edward CHEEVER,2018-2019_Spa 2,LMGTE Am,GT (GTE Pro/Am),138.079
Dempsey - Proton Racing #88,33,9,Dempsey - Proton Racing,Porsche 911 RSR,LMGTE Am,,Spa 2,6,2018-2019,115,5:45:02.549,18 Laps,5 Laps,Michelin,Classified,2.0,2:17.769,183.0,Gianluca RODA,Giorgio RODA JR,Matteo CAIROLI,2018-2019_Spa 2,LMGTE Am,GT (GTE Pro/Am),137.769
Bykolles Racing Team #4,34,7,Bykolles Racing Team,Enso CLM P1/01 - Gibson,LMP1,,Spa 2,6,2018-2019,95,5:45:25.920,38 Laps,20 Laps,Michelin,Classified,40.0,2:04.591,202.4,Tom DILLMANN,Oliver WEBB,Paolo RUBERTI,2018-2019_Spa 2,LMP1,Top Class (LMP1/Hypercar),124.591
Toyota Gazoo Racing #7,1,1,Toyota Gazoo Racing,Toyota TS050 - Hybrid,LMP1,H,Silverstone,4,2019-2020,129,4:00:57.709,,,Michelin,Classified,8.0,1:37.289,218.4,Mike CONWAY,Kamui KOBAYASHI,Jose Maria LOPEZ,2019-2020_Silverstone,LMP1,Top Class (LMP1/Hypercar),97.289
Toyota Gazoo Racing #8,2,2,Toyota Gazoo Racing,Toyota TS050 - Hybrid,LMP1,H,Silverstone,4,2019-2020,129,4:00:59.610,1.901,1.901,Michelin,Classified,8.0,1:37.349,218.2,Sébastien BUEMI,Kazuki NAKAJIMA,Brendon HARTLEY,2019-2020_Silverstone,LMP1,Top Class (LMP1/Hypercar),97.34899999999999
Rebellion Racing #3,3,3,Rebellion Racing,Rebellion R13 - Gibson,LMP1,,Silverstone,4,2019-2020,128,4:02:35.108,1 Laps,1 Laps,Michelin,Classified,9.0,1:38.410,215.9,Nathanaël BERTHON,Pipo DERANI,Loïc DUVAL,2019-2020_Silverstone,LMP1,Top Class (LMP1/Hypercar),98.41
Team LNT #5,4,4,Team LNT,Ginetta G60-LT-P1-AER,LMP1,,Silverstone,4,2019-2020,124,4:01:20.815,5 Laps,4 Laps,Michelin,Classified,100.0,1:39.271,214.0,Charlie ROBERTSON,Ben HANLEY,Egor ORUDZHEV,2019-2020_Silverstone,LMP1,Top Class (LMP1/Hypercar),99.271
Cool Racing #42,5,1,Cool Racing,Oreca 07 - Gibson,LMP2,,Silverstone,4,2019-2020,124,4:01:22.238,5 Laps,1.423,Michelin,Classified,44.0,1:43.953,204.4,Nicolas LAPIERRE,Antonin BORGA,,2019-2020_Silverstone,LMP2,LMP2,103.953
Signatech Alpine ELF #36,6,2,Signatech Alpine ELF,Alpine A470 - Gibson,LMP2,,Silverstone,4,2019-2020,124,4:02:11.549,5 Laps,49.311,Michelin,Classified,91.0,1:44.389,203.5,Thomas LAURENT,André NEGRÃO,Pierre RAGUES,2019-2020_Silverstone,LMP2,LMP2,104.38900000000001
Racing Team Nederland #29,7,3,Racing Team Nederland,Oreca 07 - Gibson,LMP2,,Silverstone,4,2019-2020,124,4:02:13.971,5 Laps,2.422,Michelin,Classified,9.0,1:43.404,205.4,Frits VAN EERD,Giedo VAN DER GARDE,Job VAN UITERT,2019-2020_Silverstone,LMP2,LMP2,103.404
Jackie Chan DC Racing #37,8,4,Jackie Chan DC Racing,Oreca 07 - Gibson,LMP2,,Silverstone,4,2019-2020,124,4:02:21.210,5 Laps,7.239,Goodyear,Classified,71.0,1:44.028,204.2,Ho-Pin TUNG,Gabriel AUBRY,Will STEVENS,2019-2020_Silverstone,LMP2,LMP2,104.02799999999999
JOTA #38,9,5,JOTA,Oreca 07 - Gibson,LMP2,,Silverstone,4,2019-2020,124,4:02:21.695,5 Laps,0.485,Goodyear,Classified,111.0,1:44.179,203.9,Roberto GONZALEZ,Antonio Felix DA COSTA,,2019-2020_Silverstone,LMP2,LMP2,104.179
Rebellion Racing #1,10,5,Rebellion Racing,Rebellion R13 - Gibson,LMP1,,Silverstone,4,2019-2020,123,4:02:12.702,6 Laps,1 Laps,Michelin,Classified,9.0,1:38.490,215.7,Bruno SENNA,Gustavo MENEZES,Norman NATO,2019-2020_Silverstone,LMP1,Top Class (LMP1/Hypercar),98.49000000000001
Cetilar Racing #47,11,6,Cetilar Racing,Dallara P217 - Gibson,LMP2,,Silverstone,4,2019-2020,122,4:01:19.970,7 Laps,1 Laps,Michelin,Classified,72.0,1:44.945,202.4,Roberto LACORTE,Andrea BELICCHI,Giorgio SERNAGIOTTO,2019-2020_Silverstone,LMP2,LMP2,104.945
High Class Racing #33,12,7,High Class Racing,Oreca 07 - Gibson,LMP2,,Silverstone,4,2019-2020,122,4:02:14.610,7 Laps,54.640,Goodyear,Classified,87.0,1:44.446,203.4,Mark PATTERSON,Kenta YAMASHITA,Anders FJORDBACH,2019-2020_Silverstone,LMP2,LMP2,104.446
Porsche GT Team #91,13,1,Porsche GT Team,Porsche 911 RSR - 19,LMGTE Pro,,Silverstone,4,2019-2020,115,4:01:15.704,14 Laps,7 Laps,Michelin,Classified,40.0,1:56.198,182.8,Gianmaria BRUNI,Richard LIETZ,,2019-2020_Silverstone,LMGTE Pro,GT (GTE Pro/Am),116.19800000000001
Porsche GT Team #92,14,2,Porsche GT Team,Porsche 911 RSR - 19,LMGTE Pro,,Silverstone,4,2019-2020,115,4:01:19.506,14 Laps,3.802,Michelin,Classified,38.0,1:55.817,183.4,Michael CHRISTENSEN,Kevin ESTRE,,2019-2020_Silverstone,LMGTE Pro,GT (GTE Pro/Am),115.81700000000001
Aston Martin Racing #97,15,3,Aston Martin Racing,Aston Martin Vantage AMR,LMGTE Pro,,Silverstone,4,2019-2020,115,4:01:21.990,14 Laps,2.484,Michelin,Classified,41.0,1:55.772,183.5,Alexander LYNN,Maxime MARTIN,,2019-2020_Silverstone,LMGTE Pro,GT (GTE Pro/Am),115.77199999999999
AF Corse #51,16,4,AF Corse,Ferrari F488 GTE EVO,LMGTE Pro,,Silverstone,4,2019-2020,115,4:01:31.758,14 Laps,9.768,Michelin,Classified,43.0,1:55.903,183.3,James CALADO,Alessandro PIER GUIDI,,2019-2020_Silverstone,LMGTE Pro,GT (GTE Pro/Am),115.90299999999999
Aston Martin Racing #95,17,5,Aston Martin Racing,Aston Martin Vantage AMR,LMGTE Pro,,Silverstone,4,2019-2020,114,4:01:29.200,15 Laps,1 Laps,Michelin,Classified,68.0,1:55.900,183.3,Marco SØRENSEN,Nicki THIIM,,2019-2020_Silverstone,LMGTE Pro,GT (GTE Pro/Am),115.9
AF Corse #83,18,1,AF Corse,Ferrari 488 GTE EVO,LMGTE Am,,Silverstone,4,2019-2020,114,4:02:44.660,15 Laps,1'15.460,Michelin,Classified,101.0,1:56.952,181.6,François PERRODO,Emmanuel COLLARD,Nicklas NIELSEN,2019-2020_Silverstone,LMGTE Am,GT (GTE Pro/Am),116.952
Aston Martin Racing #98,19,2,Aston Martin Racing,Aston Martin Vantage AMR,LMGTE Am,,Silverstone,4,2019-2020,113,4:01:08.923,16 Laps,1 Laps,Michelin,Classified,110.0,1:56.983,181.6,Paul DALLA LANA,Darren TURNER,Ross GUNN,2019-2020_Silverstone,LMGTE Am,GT (GTE Pro/Am),116.983
MR Racing #70,20,3,MR Racing,Ferrari 488 GTE EVO,LMGTE Am,,Silverstone,4,2019-2020,113,4:01:19.885,16 Laps,10.962,Michelin,Classified,66.0,1:56.596,182.2,Motoaki ISHIKAWA,Olivier BERETTA,Kei COZZOLINO,2019-2020_Silverstone,LMGTE Am,GT (GTE Pro/Am),116.596
Gulf Racing #86,21,4,Gulf Racing,Porsche 911 RSR,LMGTE Am,,Silverstone,4,2019-2020,113,4:01:24.669,16 Laps,4.784,Michelin,Classified,107.0,1:57.669,180.5,Michael WAINWRIGHT,Andrew WATSON,Benjamin BARKER,2019-2020_Silverstone,LMGTE Am,GT (GTE Pro/Am),117.669
Dempsey - Proton Racing #77,22,5,Dempsey - Proton Racing,Porsche 911 RSR,LMGTE Am,,Silverstone,4,2019-2020,113,4:01:32.278,16 Laps,7.609,Michelin,Classified,110.0,1:57.301,181.1,Christian RIED,Matt CAMPBELL,Riccardo PERA,2019-2020_Silverstone,LMGTE Am,GT (GTE Pro/Am),117.301
Team Project 1 #56,23,6,Team Project 1,Porsche 911 RSR,LMGTE Am,,Silverstone,4,2019-2020,113,4:01:41.570,16 Laps,9.292,Michelin,Classified,64.0,1:56.916,181.7,Egidio PERFETTI,David KOLKMANN,Matteo CAIROLI,2019-2020_Silverstone,LMGTE Am,GT (GTE Pro/Am),116.916
TF Sport #90,24,7,TF Sport,Aston Martin Vantage AMR,LMGTE Am,,Silverstone,4,2019-2020,113,4:02:09.221,16 Laps,27.651,Michelin,Classified,75.0,1:56.520,182.3,Salih YOLUC,Charles EASTWOOD,Jonathan ADAM,2019-2020_Silverstone,LMGTE Am,GT (GTE Pro/Am),116.52000000000001
Red River Sport #62,25,8,Red River Sport,Ferrari 488 GTE EVO,LMGTE Am,,Silverstone,4,2019-2020,113,4:02:24.380,16 Laps,15.159,Michelin,Classified,94.0,1:57.014,181.5,Bonamy GRIMES,Johnny MOWLEM,Charles HOLLINGS,2019-2020_Silverstone,LMGTE Am,GT (GTE Pro/Am),117.01400000000001
AF Corse #54,26,9,AF Corse,Ferrari 488 GTE EVO,LMGTE Am,,Silverstone,4,2019-2020,113,4:02:43.473,16 Laps,19.093,Michelin,Classified,107.0,1:57.161,181.3,Thomas FLOHR,Francesco CASTELLACCI,Giancarlo FISICHELLA,2019-2020_Silverstone,LMGTE Am,GT (GTE Pro/Am),117.161
Team Project 1 #57,27,10,Team Project 1,Porsche 911 RSR,LMGTE Am,,Silverstone,4,2019-2020,112,4:00:59.253,17 Laps,1 Laps,Michelin,Classified,64.0,1:56.969,181.6,Ben KEATING,Felipe FRAGA,Jeroen BLEEKEMOLEN,2019-2020_Silverstone,LMGTE Am,GT (GTE Pro/Am),116.969
Team LNT #6,28,6,Team LNT,Ginetta G60-LT-P1-AER,LMP1,,Silverstone,4,2019-2020,112,4:01:35.831,17 Laps,36.578,Michelin,Classified,9.0,1:39.180,214.2,Michael SIMPSON,Oliver JARVIS,Guy SMITH,2019-2020_Silverstone,LMP1,Top Class (LMP1/Hypercar),99.18
Dempsey - Proton Racing #88,29,11,Dempsey - Proton Racing,Porsche 911 RSR,LMGTE Am,,Silverstone,4,2019-2020,111,4:02:00.671,18 Laps,1 Laps,Michelin,Classified,107.0,1:57.395,181.0,Thomas PREINING,Gian Luca GIRAUDI,Ricardo SANCHEZ,2019-2020_Silverstone,LMGTE Am,GT (GTE Pro/Am),117.39500000000001
AF Corse #71,30,6,AF Corse,Ferrari F488 GTE EVO,LMGTE Pro,,Silverstone,4,2019-2020,54,1:54:41.638,75 Laps,57 Laps,Michelin,Not classified,17.0,1:55.762,183.5,Davide RIGON,Miguel MOLINA,,2019-2020_Silverstone,LMGTE Pro,GT (GTE Pro/Am),115.762
United Autosports #22,31,8,United Autosports,Oreca 07 - Gibson,LMP2,,Silverstone,4,2019-2020,2,3:52.039,127 Laps,52 Laps,Michelin,Not classified,2.0,2:02.553,173.3,Philip HANSON,Filipe ALBUQUERQUE,Paul DI RESTA,2019-2020_Silverstone,LMP2,LMP2,122.553
Toyota Gazoo Racing #8,1,1,Toyota Gazoo Racing,Toyota TS050 - Hybrid,LMP1,H,Fuji,6,2019-2020,232,6:00:30.025,,,Michelin,Classified,6.0,1:26.657,189.6,Sébastien BUEMI,Kazuki NAKAJIMA,Brendon HARTLEY,2019-2020_Fuji,LMP1,Top Class (LMP1/Hypercar),86.657
Toyota Gazoo Racing #7,2,2,Toyota Gazoo Racing,Toyota TS050 - Hybrid,LMP1,H,Fuji,6,2019-2020,232,6:01:03.980,33.955,33.955,Michelin,Classified,204.0,1:27.353,188.1,Mike CONWAY,Kamui KOBAYASHI,Jose Maria LOPEZ,2019-2020_Fuji,LMP1,Top Class (LMP1/Hypercar),87.35300000000001
Rebellion Racing #1,3,3,Rebellion Racing,Rebellion R13 - Gibson,LMP1,,Fuji,6,2019-2020,230,6:01:48.901,2 Laps,2 Laps,Michelin,Classified,191.0,1:27.238,188.3,Bruno SENNA,Gustavo MENEZES,Norman NATO,2019-2020_Fuji,LMP1,Top Class (LMP1/Hypercar),87.238
Racing Team Nederland #29,4,1,Racing Team Nederland,Oreca 07 - Gibson,LMP2,,Fuji,6,2019-2020,222,6:01:00.959,10 Laps,8 Laps,Michelin,Classified,185.0,1:30.042,182.4,Frits VAN EERD,Giedo VAN DER GARDE,Nyck DE VRIES,2019-2020_Fuji,LMP2,LMP2,90.042
Jackie Chan DC Racing #37,5,2,Jackie Chan DC Racing,Oreca 07 - Gibson,LMP2,,Fuji,6,2019-2020,221,6:00:45.427,11 Laps,1 Laps,Goodyear,Classified,137.0,1:31.147,180.2,Ho-Pin TUNG,Gabriel AUBRY,Will STEVENS,2019-2020_Fuji,LMP2,LMP2,91.14699999999999
United Autosports #22,6,3,United Autosports,Oreca 07 - Gibson,LMP2,,Fuji,6,2019-2020,220,6:01:06.580,12 Laps,1 Laps,Michelin,Classified,133.0,1:31.205,180.1,Philip HANSON,Filipe ALBUQUERQUE,Oliver JARVIS,2019-2020_Fuji,LMP2,LMP2,91.205
High Class Racing #33,7,4,High Class Racing,Oreca 07 - Gibson,LMP2,,Fuji,6,2019-2020,219,6:00:53.048,13 Laps,1 Laps,Goodyear,Classified,9.0,1:31.412,179.7,Mark PATTERSON,Kenta YAMASHITA,Anders FJORDBACH,2019-2020_Fuji,LMP2,LMP2,91.412
Cool Racing #42,8,5,Cool Racing,Oreca 07 - Gibson,LMP2,,Fuji,6,2019-2020,219,6:01:38.526,13 Laps,45.478,Michelin,Classified,141.0,1:30.155,182.2,Nicolas LAPIERRE,Antonin BORGA,Alexandre COIGNY,2019-2020_Fuji,LMP2,LMP2,90.155
Team LNT #6,9,4,Team LNT,Ginetta G60-LT-P1-AER,LMP1,,Fuji,6,2019-2020,218,6:01:12.566,14 Laps,1 Laps,Michelin,Classified,171.0,1:27.023,188.8,Charlie ROBERTSON,Michael SIMPSON,Guy SMITH,2019-2020_Fuji,LMP1,Top Class (LMP1/Hypercar),87.023
Signatech Alpine ELF #36,10,6,Signatech Alpine ELF,Alpine A470 - Gibson,LMP2,,Fuji,6,2019-2020,217,6:02:02.253,15 Laps,1 Laps,Michelin,Classified,181.0,1:31.215,180.1,Thomas LAURENT,André NEGRÃO,Pierre RAGUES,2019-2020_Fuji,LMP2,LMP2,91.215
Team LNT #5,11,5,Team LNT,Ginetta G60-LT-P1-AER,LMP1,,Fuji,6,2019-2020,216,6:00:45.034,16 Laps,1 Laps,Michelin,Classified,7.0,1:27.643,187.4,Luca GHIOTTO,Ben HANLEY,Egor ORUDZHEV,2019-2020_Fuji,LMP1,Top Class (LMP1/Hypercar),87.643
Cetilar Racing #47,12,7,Cetilar Racing,Dallara P217 - Gibson,LMP2,,Fuji,6,2019-2020,216,6:00:48.159,16 Laps,3.125,Michelin,Classified,139.0,1:32.924,176.8,Roberto LACORTE,Andrea BELICCHI,Giorgio SERNAGIOTTO,2019-2020_Fuji,LMP2,LMP2,92.924
Aston Martin Racing #95,13,1,Aston Martin Racing,Aston Martin Vantage AMR,LMGTE Pro,,Fuji,6,2019-2020,211,6:02:03.122,21 Laps,5 Laps,Michelin,Classified,177.0,1:38.363,167.0,Marco SØRENSEN,Nicki THIIM,,2019-2020_Fuji,LMGTE Pro,GT (GTE Pro/Am),98.363
Porsche GT Team #92,14,2,Porsche GT Team,Porsche 911 RSR - 19,LMGTE Pro,,Fuji,6,2019-2020,210,6:00:40.739,22 Laps,1 Laps,Michelin,Classified,9.0,1:38.382,167.0,Michael CHRISTENSEN,Kevin ESTRE,,2019-2020_Fuji,LMGTE Pro,GT (GTE Pro/Am),98.382
Aston Martin Racing #97,15,3,Aston Martin Racing,Aston Martin Vantage AMR,LMGTE Pro,,Fuji,6,2019-2020,210,6:01:05.354,22 Laps,24.615,Michelin,Classified,128.0,1:38.041,167.6,Alexander LYNN,Maxime MARTIN,,2019-2020_Fuji,LMGTE Pro,GT (GTE Pro/Am),98.041
AF Corse #51,16,4,AF Corse,Ferrari F488 GTE EVO,LMGTE Pro,,Fuji,6,2019-2020,210,6:01:21.912,22 Laps,16.558,Michelin,Classified,181.0,1:37.645,168.2,James CALADO,Alessandro PIER GUIDI,,2019-2020_Fuji,LMGTE Pro,GT (GTE Pro/Am),97.64500000000001
AF Corse #71,17,5,AF Corse,Ferrari F488 GTE EVO,LMGTE Pro,,Fuji,6,2019-2020,209,6:01:25.115,23 Laps,1 Laps,Michelin,Classified,135.0,1:38.150,167.4,Davide RIGON,Miguel MOLINA,,2019-2020_Fuji,LMGTE Pro,GT (GTE Pro/Am),98.15
Porsche GT Team #91,18,6,Porsche GT Team,Porsche 911 RSR - 19,LMGTE Pro,,Fuji,6,2019-2020,208,6:01:03.442,24 Laps,1 Laps,Michelin,Classified,49.0,1:38.569,166.7,Gianmaria BRUNI,Richard LIETZ,,2019-2020_Fuji,LMGTE Pro,GT (GTE Pro/Am),98.569
TF Sport #90,19,1,TF Sport,Aston Martin Vantage AMR,LMGTE Am,,Fuji,6,2019-2020,208,6:01:45.760,24 Laps,42.318,Michelin,Classified,69.0,1:38.433,166.9,Salih YOLUC,Charles EASTWOOD,Jonathan ADAM,2019-2020_Fuji,LMGTE Am,GT (GTE Pro/Am),98.43299999999999
AF Corse #83,20,2,AF Corse,Ferrari 488 GTE EVO,LMGTE Am,,Fuji,6,2019-2020,207,6:00:35.678,25 Laps,1 Laps,Michelin,Classified,134.0,1:38.108,167.4,François PERRODO,Emmanuel COLLARD,Nicklas NIELSEN,2019-2020_Fuji,LMGTE Am,GT (GTE Pro/Am),98.108
Team Project 1 #57,21,3,Team Project 1,Porsche 911 RSR,LMGTE Am,,Fuji,6,2019-2020,207,6:01:09.124,25 Laps,33.446,Michelin,Classified,134.0,1:38.766,166.3,Ben KEATING,Felipe FRAGA,Jeroen BLEEKEMOLEN,2019-2020_Fuji,LMGTE Am,GT (GTE Pro/Am),98.76599999999999
MR Racing #70,22,4,MR Racing,Ferrari 488 GTE EVO,LMGTE Am,,Fuji,6,2019-2020,207,6:01:36.940,25 Laps,27.816,Michelin,Classified,133.0,1:38.296,167.1,Motoaki ISHIKAWA,Olivier BERETTA,Kei COZZOLINO,2019-2020_Fuji,LMGTE Am,GT (GTE Pro/Am),98.29599999999999
Dempsey - Proton Racing #77,23,5,Dempsey - Proton Racing,Porsche 911 RSR,LMGTE Am,,Fuji,6,2019-2020,207,6:01:43.844,25 Laps,6.904,Michelin,Classified,139.0,1:38.807,166.3,Christian RIED,Riccardo PERA,Matt CAMPBELL,2019-2020_Fuji,LMGTE Am,GT (GTE Pro/Am),98.807
AF Corse #54,24,6,AF Corse,Ferrari 488 GTE EVO,LMGTE Am,,Fuji,6,2019-2020,206,6:01:05.189,26 Laps,1 Laps,Michelin,Classified,132.0,1:38.353,167.0,Thomas FLOHR,Francesco CASTELLACCI,Giancarlo FISICHELLA,2019-2020_Fuji,LMGTE Am,GT (GTE Pro/Am),98.35300000000001
Team Project 1 #56,25,7,Team Project 1,Porsche 911 RSR,LMGTE Am,,Fuji,6,2019-2020,206,6:01:43.945,26 Laps,38.756,Michelin,Classified,118.0,1:38.809,166.2,Egidio PERFETTI,David HEINEMEIER-HANSSON,Matteo CAIROLI,2019-2020_Fuji,LMGTE Am,GT (GTE Pro/Am),98.809
Gulf Racing #86,26,8,Gulf Racing,Porsche 911 RSR,LMGTE Am,,Fuji,6,2019-2020,204,6:00:30.167,28 Laps,2 Laps,Michelin,Classified,176.0,1:38.794,166.3,Michael WAINWRIGHT,Andrew WATSON,Benjamin BARKER,2019-2020_Fuji,LMGTE Am,GT (GTE Pro/Am),98.794
Dempsey - Proton Racing #88,27,9,Dempsey - Proton Racing,Porsche 911 RSR,LMGTE Am,,Fuji,6,2019-2020,198,6:00:51.301,34 Laps,6 Laps,Michelin,Classified,164.0,1:38.475,166.8,Satoshi HOSHINO,Adrien DE LEENER,Thomas PREINING,2019-2020_Fuji,LMGTE Am,GT (GTE Pro/Am),98.475
Red River Sport #62,28,10,Red River Sport,Ferrari 488 GTE EVO,LMGTE Am,,Fuji,6,2019-2020,197,6:01:17.089,35 Laps,1 Laps,Michelin,Classified,117.0,1:39.166,165.6,Bonamy GRIMES,Johnny MOWLEM,Charles HOLLINGS,2019-2020_Fuji,LMGTE Am,GT (GTE Pro/Am),99.166
Aston Martin Racing #98,29,11,Aston Martin Racing,Aston Martin Vantage AMR,LMGTE Am,,Fuji,6,2019-2020,186,6:01:46.697,46 Laps,11 Laps,Michelin,Classified,156.0,1:38.731,166.4,Paul DALLA LANA,Darren TURNER,Ross GUNN,2019-2020_Fuji,LMGTE Am,GT (GTE Pro/Am),98.731
JOTA #38,30,8,JOTA,Oreca 07 - Gibson,LMP2,,Fuji,6,2019-2020,222,6:01:26.767,10 Laps,-36 Laps,Goodyear,Classified,186.0,1:31.055,180.4,Roberto GONZALEZ,Antonio Felix DA COSTA,Anthony DAVIDSON,2019-2020_Fuji,LMP2,LMP2,91.055
Rebellion Racing #1,1,1,Rebellion Racing,Rebellion R13 - Gibson,LMP1,,Shanghai,4,2019-2020,125,4:00:59.195,,,Michelin,Classified,25.0,1:49.701,178.9,Bruno SENNA,Gustavo MENEZES,Norman NATO,2019-2020_Shanghai,LMP1,Top Class (LMP1/Hypercar),109.701
Toyota Gazoo Racing #8,2,2,Toyota Gazoo Racing,Toyota TS050 - Hybrid,LMP1,H,Shanghai,4,2019-2020,125,4:02:06.179,1'06.984,1'06.984,Michelin,Classified,4.0,1:50.330,177.9,Sébastien BUEMI,Kazuki NAKAJIMA,Brendon HARTLEY,2019-2020_Shanghai,LMP1,Top Class (LMP1/Hypercar),110.33
Toyota Gazoo Racing #7,3,3,Toyota Gazoo Racing,Toyota TS050 - Hybrid,LMP1,H,Shanghai,4,2019-2020,124,4:01:06.971,1 Laps,1 Laps,Michelin,Classified,3.0,1:50.159,178.1,Mike CONWAY,Kamui KOBAYASHI,Jose Maria LOPEZ,2019-2020_Shanghai,LMP1,Top Class (LMP1/Hypercar),110.15899999999999
Team LNT #5,4,4,Team LNT,Ginetta G60-LT-P1-AER,LMP1,,Shanghai,4,2019-2020,124,4:02:17.754,1 Laps,1'10.783,Michelin,Classified,4.0,1:49.235,179.6,Jordan KING,Ben HANLEY,Egor ORUDZHEV,2019-2020_Shanghai,LMP1,Top Class (LMP1/Hypercar),109.235
Team LNT #6,5,5,Team LNT,Ginetta G60-LT-P1-AER,LMP1,,Shanghai,4,2019-2020,123,4:01:30.617,2 Laps,1 Laps,Michelin,Classified,2.0,1:48.428,181.0,Charlie ROBERTSON,Michael SIMPSON,Guy SMITH,2019-2020_Shanghai,LMP1,Top Class (LMP1/Hypercar),108.428
JOTA #38,6,1,JOTA,Oreca 07 - Gibson,LMP2,,Shanghai,4,2019-2020,121,4:01:57.448,4 Laps,2 Laps,Goodyear,Classified,3.0,1:52.626,174.2,Roberto GONZALEZ,Antonio Felix DA COSTA,Anthony DAVIDSON,2019-2020_Shanghai,LMP2,LMP2,112.626
Jackie Chan DC Racing #37,7,2,Jackie Chan DC Racing,Oreca 07 - Gibson,LMP2,,Shanghai,4,2019-2020,121,4:02:14.538,4 Laps,17.090,Goodyear,Classified,2.0,1:52.213,174.9,Ho-Pin TUNG,Gabriel AUBRY,Will STEVENS,2019-2020_Shanghai,LMP2,LMP2,112.213
United Autosports #22,8,3,United Autosports,Oreca 07 - Gibson,LMP2,,Shanghai,4,2019-2020,121,4:02:19.175,4 Laps,4.637,Michelin,Classified,98.0,1:53.578,172.8,Philip HANSON,Filipe ALBUQUERQUE,Paul DI RESTA,2019-2020_Shanghai,LMP2,LMP2,113.578
Signatech Alpine ELF #36,9,4,Signatech Alpine ELF,Alpine A470 - Gibson,LMP2,,Shanghai,4,2019-2020,120,4:01:48.484,5 Laps,1 Laps,Michelin,Classified,3.0,1:52.856,173.9,Thomas LAURENT,André NEGRÃO,Pierre RAGUES,2019-2020_Shanghai,LMP2,LMP2,112.856
Racing Team Nederland #29,10,5,Racing Team Nederland,Oreca 07 - Gibson,LMP2,,Shanghai,4,2019-2020,120,4:01:51.228,5 Laps,2.744,Michelin,Classified,2.0,1:52.529,174.4,Frits VAN EERD,Giedo VAN DER GARDE,Nyck DE VRIES,2019-2020_Shanghai,LMP2,LMP2,112.529
High Class Racing #33,11,6,High Class Racing,Oreca 07 - Gibson,LMP2,,Shanghai,4,2019-2020,120,4:02:27.091,5 Laps,35.863,Goodyear,Classified,3.0,1:53.882,172.3,Mark PATTERSON,Kenta YAMASHITA,Anders FJORDBACH,2019-2020_Shanghai,LMP2,LMP2,113.882
Cetilar Racing #47,12,7,Cetilar Racing,Dallara P217 - Gibson,LMP2,,Shanghai,4,2019-2020,119,4:02:21.029,6 Laps,1 Laps,Michelin,Classified,5.0,1:55.127,170.5,Roberto LACORTE,Andrea BELICCHI,Giorgio SERNAGIOTTO,2019-2020_Shanghai,LMP2,LMP2,115.12700000000001
AF Corse #51,13,1,AF Corse,Ferrari F488 GTE EVO,LMGTE Pro,,Shanghai,4,2019-2020,115,4:02:02.387,10 Laps,4 Laps,Michelin,Classified,2.0,2:01.607,161.4,James CALADO,Alessandro PIER GUIDI,,2019-2020_Shanghai,LMGTE Pro,GT (GTE Pro/Am),121.607
Porsche GT Team #92,14,2,Porsche GT Team,Porsche 911 RSR - 19,LMGTE Pro,,Shanghai,4,2019-2020,115,4:02:09.144,10 Laps,6.757,Michelin,Classified,85.0,2:00.948,162.2,Michael CHRISTENSEN,Kevin ESTRE,,2019-2020_Shanghai,LMGTE Pro,GT (GTE Pro/Am),120.948
Porsche GT Team #91,15,3,Porsche GT Team,Porsche 911 RSR - 19,LMGTE Pro,,Shanghai,4,2019-2020,115,4:02:22.572,10 Laps,13.428,Michelin,Classified,86.0,2:01.352,161.7,Gianmaria BRUNI,Richard LIETZ,,2019-2020_Shanghai,LMGTE Pro,GT (GTE Pro/Am),121.352
Aston Martin Racing #97,16,4,Aston Martin Racing,Aston Martin Vantage AMR,LMGTE Pro,,Shanghai,4,2019-2020,115,4:02:31.099,10 Laps,8.527,Michelin,Classified,3.0,2:01.681,161.3,Alexander LYNN,Maxime MARTIN,,2019-2020_Shanghai,LMGTE Pro,GT (GTE Pro/Am),121.681
Aston Martin Racing #95,17,5,Aston Martin Racing,Aston Martin Vantage AMR,LMGTE Pro,,Shanghai,4,2019-2020,115,4:02:37.304,10 Laps,6.205,Michelin,Classified,86.0,2:01.547,161.4,Marco SØRENSEN,Nicki THIIM,,2019-2020_Shanghai,LMGTE Pro,GT (GTE Pro/Am),121.547
AF Corse #71,18,6,AF Corse,Ferrari F488 GTE EVO,LMGTE Pro,,Shanghai,4,2019-2020,115,4:02:47.502,10 Laps,10.198,Michelin,Classified,85.0,2:02.004,160.8,Davide RIGON,Miguel MOLINA,,2019-2020_Shanghai,LMGTE Pro,GT (GTE Pro/Am),122.004
TF Sport #90,19,1,TF Sport,Aston Martin Vantage AMR,LMGTE Am,,Shanghai,4,2019-2020,113,4:02:09.998,12 Laps,2 Laps,Michelin,Classified,85.0,2:02.744,159.9,Salih YOLUC,Charles EASTWOOD,Jonathan ADAM,2019-2020_Shanghai,LMGTE Am,GT (GTE Pro/Am),122.744
Team Project 1 #57,20,2,Team Project 1,Porsche 911 RSR,LMGTE Am,,Shanghai,4,2019-2020,113,4:02:26.249,12 Laps,16.251,Michelin,Classified,58.0,2:02.737,159.9,Ben KEATING,Larry TEN VOORDE,Jeroen BLEEKEMOLEN,2019-2020_Shanghai,LMGTE Am,GT (GTE Pro/Am),122.737
Aston Martin Racing #98,21,3,Aston Martin Racing,Aston Martin Vantage AMR,LMGTE Am,,Shanghai,4,2019-2020,113,4:02:38.459,12 Laps,12.210,Michelin,Classified,92.0,2:02.187,160.6,Paul DALLA LANA,Darren TURNER,Ross GUNN,2019-2020_Shanghai,LMGTE Am,GT (GTE Pro/Am),122.187
AF Corse #83,22,4,AF Corse,Ferrari 488 GTE EVO,LMGTE Am,,Shanghai,4,2019-2020,113,4:02:53.764,12 Laps,15.305,Michelin,Classified,83.0,2:02.360,160.4,François PERRODO,Emmanuel COLLARD,Nicklas NIELSEN,2019-2020_Shanghai,LMGTE Am,GT (GTE Pro/Am),122.36
Team Project 1 #56,23,5,Team Project 1,Porsche 911 RSR,LMGTE Am,,Shanghai,4,2019-2020,112,4:01:02.416,13 Laps,1 Laps,Michelin,Classified,83.0,2:02.532,160.2,Egidio PERFETTI,David HEINEMEIER-HANSSON,Matteo CAIROLI,2019-2020_Shanghai,LMGTE Am,GT (GTE Pro/Am),122.532
Dempsey - Proton Racing #88,24,6,Dempsey - Proton Racing,Porsche 911 RSR,LMGTE Am,,Shanghai,4,2019-2020,112,4:01:33.969,13 Laps,31.553,Michelin,Classified,84.0,2:02.500,160.2,Angelo NEGRO,William BAMBER,Thomas PREINING,2019-2020_Shanghai,LMGTE Am,GT (GTE Pro/Am),122.5
MR Racing #70,25,7,MR Racing,Ferrari 488 GTE EVO,LMGTE Am,,Shanghai,4,2019-2020,112,4:01:47.768,13 Laps,13.799,Michelin,Classified,83.0,2:02.772,159.8,Motoaki ISHIKAWA,Olivier BERETTA,Kei COZZOLINO,2019-2020_Shanghai,LMGTE Am,GT (GTE Pro/Am),122.772
AF Corse #54,26,8,AF Corse,Ferrari 488 GTE EVO,LMGTE Am,,Shanghai,4,2019-2020,112,4:02:06.350,13 Laps,18.582,Michelin,Classified,77.0,2:03.395,159.0,Thomas FLOHR,Francesco CASTELLACCI,Giancarlo FISICHELLA,2019-2020_Shanghai,LMGTE Am,GT (GTE Pro/Am),123.395
Gulf Racing #86,27,9,Gulf Racing,Porsche 911 RSR,LMGTE Am,,Shanghai,4,2019-2020,112,4:02:20.429,13 Laps,14.079,Michelin,Classified,90.0,2:02.724,159.9,Michael WAINWRIGHT,Andrew WATSON,Benjamin BARKER,2019-2020_Shanghai,LMGTE Am,GT (GTE Pro/Am),122.724
Red River Sport #62,28,10,Red River Sport,Ferrari 488 GTE EVO,LMGTE Am,,Shanghai,4,2019-2020,112,4:02:56.211,13 Laps,35.782,Michelin,Classified,83.0,2:03.306,159.1,Bonamy GRIMES,Johnny MOWLEM,Charles HOLLINGS,2019-2020_Shanghai,LMGTE Am,GT (GTE Pro/Am),123.306
Dempsey - Proton Racing #77,29,11,Dempsey - Proton Racing,Porsche 911 RSR,LMGTE Am,,Shanghai,4,2019-2020,111,4:03:20.697,14 Laps,1 Laps,Michelin,Classified,77.0,2:03.184,159.3,Christian RIED,Riccardo PERA,Matt CAMPBELL,2019-2020_Shanghai,LMGTE Am,GT (GTE Pro/Am),123.184
Proton Competition #78,30,12,Proton Competition,Porsche 911 RSR,LMGTE Am,,Shanghai,4,2019-2020,107,4:01:24.668,18 Laps,4 Laps,Michelin,Classified,102.0,2:01.920,161.0,Philippe PRETTE,Louis PRETTE,Vincent ABRIL,2019-2020_Shanghai,LMGTE Am,GT (GTE Pro/Am),121.92
Cool Racing #42,31,8,Cool Racing,Oreca 07 - Gibson,LMP2,,Shanghai,4,2019-2020,30,59:20.744,95 Laps,77 Laps,Michelin,Not classified,3.0,1:52.996,173.7,Nicolas LAPIERRE,Antonin BORGA,Alexandre COIGNY,2019-2020_Shanghai,LMP2,LMP2,112.99600000000001
Toyota Gazoo Racing #7,1,1,Toyota Gazoo Racing,Toyota TS050 - Hybrid,LMP1,H,Bahrain,8,2019-2020,263,8:00:13.867,,,Michelin,Classified,203.0,1:42.637,189.8,Mike CONWAY,Kamui KOBAYASHI,Jose Maria LOPEZ,2019-2020_Bahrain,LMP1,Top Class (LMP1/Hypercar),102.637
Toyota Gazoo Racing #8,2,3,Toyota Gazoo Racing,Toyota TS050 - Hybrid,LMP1,H,Bahrain,8,2019-2020,263,8:01:18.461,1'04.594,1'04.594,Michelin,Classified,151.0,1:42.833,189.5,Sébastien BUEMI,Kazuki NAKAJIMA,Brendon HARTLEY,2019-2020_Bahrain,LMP1,Top Class (LMP1/Hypercar),102.833
Jackie Chan DC Racing #37,3,1,Jackie Chan DC Racing,Oreca 07 - Gibson,LMP2,,Bahrain,8,2019-2020,247,8:01:17.284,16 Laps,16 Laps,Goodyear,Classified,188.0,1:49.978,177.2,Ho-Pin TUNG,Gabriel AUBRY,Will STEVENS,2019-2020_Bahrain,LMP2,LMP2,109.97800000000001
JOTA #38,4,3,JOTA,Oreca 07 - Gibson,LMP2,,Bahrain,8,2019-2020,247,8:01:19.178,16 Laps,1.894,Goodyear,Classified,209.0,1:48.801,179.1,Roberto GONZALEZ,Antonio Felix DA COSTA,Anthony DAVIDSON,2019-2020_Bahrain,LMP2,LMP2,108.801
Racing Team Nederland #29,5,5,Racing Team Nederland,Oreca 07 - Gibson,LMP2,,Bahrain,8,2019-2020,247,8:01:34.002,16 Laps,14.824,Michelin,Classified,184.0,1:49.813,177.4,Frits VAN EERD,Giedo VAN DER GARDE,Nyck DE VRIES,2019-2020_Bahrain,LMP2,LMP2,109.813
United Autosports #22,6,7,United Autosports,Oreca 07 - Gibson,LMP2,,Bahrain,8,2019-2020,247,8:01:45.475,16 Laps,11.473,Michelin,Classified,207.0,1:49.371,178.1,Philip HANSON,Filipe ALBUQUERQUE,Paul DI RESTA,2019-2020_Bahrain,LMP2,LMP2,109.37100000000001
Signatech Alpine ELF #36,7,9,Signatech Alpine ELF,Alpine A470 - Gibson,LMP2,,Bahrain,8,2019-2020,246,8:00:26.161,17 Laps,1 Laps,Michelin,Classified,134.0,1:48.838,179.0,Thomas LAURENT,André NEGRÃO,Pierre RAGUES,2019-2020_Bahrain,LMP2,LMP2,108.838
Porsche GT Team #92,8,1,Porsche GT Team,Porsche 911 RSR - 19,LMGTE Pro,,Bahrain,8,2019-2020,235,8:00:44.676,28 Laps,11 Laps,Michelin,Classified,181.0,1:57.230,166.2,Michael CHRISTENSEN,Kevin ESTRE,,2019-2020_Bahrain,LMGTE Pro,GT (GTE Pro/Am),117.22999999999999
Porsche GT Team #91,9,3,Porsche GT Team,Porsche 911 RSR - 19,LMGTE Pro,,Bahrain,8,2019-2020,235,8:00:47.562,28 Laps,2.886,Michelin,Classified,179.0,1:57.169,166.3,Gianmaria BRUNI,Richard LIETZ,,2019-2020_Bahrain,LMGTE Pro,GT (GTE Pro/Am),117.169
AF Corse #71,10,5,AF Corse,Ferrari 488 GTE Evo,LMGTE Pro,,Bahrain,8,2019-2020,235,8:01:58.111,28 Laps,1'10.549,Michelin,Classified,120.0,1:57.840,165.3,Davide RIGON,Miguel MOLINA,,2019-2020_Bahrain,LMGTE Pro,GT (GTE Pro/Am),117.84
Aston Martin Racing #97,11,7,Aston Martin Racing,Aston Martin Vantage AMR,LMGTE Pro,,Bahrain,8,2019-2020,234,8:00:43.080,29 Laps,1 Laps,Michelin,Classified,185.0,1:57.392,166.0,Richard WESTBROOK,Maxime MARTIN,,2019-2020_Bahrain,LMGTE Pro,GT (GTE Pro/Am),117.392
Aston Martin Racing #95,12,9,Aston Martin Racing,Aston Martin Vantage AMR,LMGTE Pro,,Bahrain,8,2019-2020,233,8:00:43.248,30 Laps,1 Laps,Michelin,Classified,3.0,1:57.892,165.3,Marco SØRENSEN,Nicki THIIM,,2019-2020_Bahrain,LMGTE Pro,GT (GTE Pro/Am),117.892
Team Project 1 #56,13,1,Team Project 1,Porsche 911 RSR,LMGTE Am,,Bahrain,8,2019-2020,232,8:00:52.072,31 Laps,1 Laps,Michelin,Classified,181.0,1:58.199,164.8,Egidio PERFETTI,Larry TEN VOORDE,Jörg BERGMEISTER,2019-2020_Bahrain,LMGTE Am,GT (GTE Pro/Am),118.199
AF Corse #83,14,3,AF Corse,Ferrari 488 GTE Evo,LMGTE Am,,Bahrain,8,2019-2020,232,8:01:27.695,31 Laps,35.623,Michelin,Classified,214.0,1:58.176,164.9,François PERRODO,Emmanuel COLLARD,Nicklas NIELSEN,2019-2020_Bahrain,LMGTE Am,GT (GTE Pro/Am),118.176
Dempsey - Proton Racing #88,15,5,Dempsey - Proton Racing,Porsche 911 RSR,LMGTE Am,,Bahrain,8,2019-2020,232,8:01:28.705,31 Laps,1.010,Michelin,Classified,126.0,1:57.430,165.9,Khaled AL QUBAISI,Jaxon EVANS,Marco HOLZER,2019-2020_Bahrain,LMGTE Am,GT (GTE Pro/Am),117.43
AF Corse #54,16,7,AF Corse,Ferrari 488 GTE Evo,LMGTE Am,,Bahrain,8,2019-2020,232,8:02:02.226,31 Laps,33.521,Michelin,Classified,119.0,1:58.466,164.5,Thomas FLOHR,Francesco CASTELLACCI,Giancarlo FISICHELLA,2019-2020_Bahrain,LMGTE Am,GT (GTE Pro/Am),118.46600000000001
Gulf Racing #86,17,9,Gulf Racing,Porsche 911 RSR,LMGTE Am,,Bahrain,8,2019-2020,232,8:02:04.387,31 Laps,2.161,Michelin,Classified,179.0,1:57.711,165.5,Michael WAINWRIGHT,Alessio PICARIELLO,Benjamin BARKER,2019-2020_Bahrain,LMGTE Am,GT (GTE Pro/Am),117.711
Team Project 1 #57,18,11,Team Project 1,Porsche 911 RSR,LMGTE Am,,Bahrain,8,2019-2020,231,8:00:28.092,32 Laps,1 Laps,Michelin,Classified,94.0,1:58.394,164.6,Ben KEATING,Dylan PEREIRA,Jeroen BLEEKEMOLEN,2019-2020_Bahrain,LMGTE Am,GT (GTE Pro/Am),118.394
AF Corse #51,19,11,AF Corse,Ferrari 488 GTE Evo,LMGTE Pro,,Bahrain,8,2019-2020,231,8:00:33.331,32 Laps,5.239,Michelin,Classified,63.0,1:57.940,165.2,James CALADO,Daniel SERRA,,2019-2020_Bahrain,LMGTE Pro,GT (GTE Pro/Am),117.94
Dempsey - Proton Racing #77,20,13,Dempsey - Proton Racing,Porsche 911 RSR,LMGTE Am,,Bahrain,8,2019-2020,231,8:00:35.014,32 Laps,1.683,Michelin,Classified,126.0,1:58.279,164.7,Christian RIED,Riccardo PERA,Dennis OLSEN,2019-2020_Bahrain,LMGTE Am,GT (GTE Pro/Am),118.279
TF Sport #90,21,15,TF Sport,Aston Martin Vantage AMR,LMGTE Am,,Bahrain,8,2019-2020,231,8:00:50.154,32 Laps,15.140,Michelin,Classified,146.0,1:58.781,164.0,Salih YOLUC,Charles EASTWOOD,Jonathan ADAM,2019-2020_Bahrain,LMGTE Am,GT (GTE Pro/Am),118.781
Aston Martin Racing #98,22,17,Aston Martin Racing,Aston Martin Vantage AMR,LMGTE Am,,Bahrain,8,2019-2020,231,8:00:50.733,32 Laps,0.579,Michelin,Classified,177.0,1:57.460,165.9,Paul DALLA LANA,Pedro LAMY,Ross GUNN,2019-2020_Bahrain,LMGTE Am,GT (GTE Pro/Am),117.46000000000001
Red River Sport #62,23,19,Red River Sport,Ferrari 488 GTE Evo,LMGTE Am,,Bahrain,8,2019-2020,231,8:00:51.461,32 Laps,0.728,Michelin,Classified,181.0,1:58.291,164.7,Bonamy GRIMES,Kei COZZOLINO,Colin NOBLE,2019-2020_Bahrain,LMGTE Am,GT (GTE Pro/Am),118.291
Cetilar Racing #47,24,11,Cetilar Racing,Dallara P217 - Gibson,LMP2,,Bahrain,8,2019-2020,231,8:02:02.988,32 Laps,1'11.527,Michelin,Classified,176.0,1:50.824,175.8,Roberto LACORTE,Andrea BELICCHI,Giorgio SERNAGIOTTO,2019-2020_Bahrain,LMP2,LMP2,110.824
Rebellion Racing #1,1,1,Rebellion Racing,Rebellion R13 - Gibson,LMP1,,Cota,6,2019-2020,189,6:01:37.705,,,Michelin,Classified,137.0,1:49.503,181.2,Bruno SENNA,Gustavo MENEZES,Norman NATO,2019-2020_Cota,LMP1,Top Class (LMP1/Hypercar),109.503
Toyota Gazoo Racing #8,2,2,Toyota Gazoo Racing,Toyota TS050 - Hybrid,LMP1,H,Cota,6,2019-2020,189,6:02:29.229,51.524,51.524,Michelin,Classified,3.0,1:50.589,179.5,Sébastien BUEMI,Kazuki NAKAJIMA,Brendon HARTLEY,2019-2020_Cota,LMP1,Top Class (LMP1/Hypercar),110.589
Toyota Gazoo Racing #7,3,3,Toyota Gazoo Racing,Toyota TS050 - Hybrid,LMP1,H,Cota,6,2019-2020,187,6:01:54.436,2 Laps,2 Laps,Michelin,Classified,172.0,1:51.970,177.3,Mike CONWAY,Kamui KOBAYASHI,Jose Maria LOPEZ,2019-2020_Cota,LMP1,Top Class (LMP1/Hypercar),111.97
United Autosports #22,4,1,United Autosports,Oreca 07 - Gibson,LMP2,,Cota,6,2019-2020,182,6:02:18.381,7 Laps,5 Laps,Michelin,Classified,3.0,1:54.257,173.7,Philip HANSON,Filipe ALBUQUERQUE,Paul DI RESTA,2019-2020_Cota,LMP2,LMP2,114.257
Jackie Chan DC Racing #37,5,2,Jackie Chan DC Racing,Oreca 07 - Gibson,LMP2,,Cota,6,2019-2020,182,6:02:42.533,7 Laps,24.152,Goodyear,Classified,3.0,1:54.246,173.7,Ho-Pin TUNG,Gabriel AUBRY,Will STEVENS,2019-2020_Cota,LMP2,LMP2,114.24600000000001
JOTA #38,6,3,JOTA,Oreca 07 - Gibson,LMP2,,Cota,6,2019-2020,181,6:01:38.296,8 Laps,1 Laps,Goodyear,Classified,158.0,1:54.434,173.4,Roberto GONZALEZ,Antonio Felix DA COSTA,Anthony DAVIDSON,2019-2020_Cota,LMP2,LMP2,114.434
Cool Racing #42,7,4,Cool Racing,Oreca 07 - Gibson,LMP2,,Cota,6,2019-2020,181,6:01:57.198,8 Laps,18.902,Michelin,Classified,155.0,1:52.989,175.7,Nicolas LAPIERRE,Antonin BORGA,Alexandre COIGNY,2019-2020_Cota,LMP2,LMP2,112.989
Racing Team Nederland #29,8,5,Racing Team Nederland,Oreca 07 - Gibson,LMP2,,Cota,6,2019-2020,181,6:01:58.720,8 Laps,1.522,Michelin,Classified,103.0,1:52.545,176.3,Frits VAN EERD,Giedo VAN DER GARDE,Nyck DE VRIES,2019-2020_Cota,LMP2,LMP2,112.545
Signatech Alpine ELF #36,9,6,Signatech Alpine ELF,Alpine A470 - Gibson,LMP2,,Cota,6,2019-2020,180,6:02:32.039,9 Laps,1 Laps,Michelin,Classified,3.0,1:54.253,173.7,Thomas LAURENT,André NEGRÃO,Pierre RAGUES,2019-2020_Cota,LMP2,LMP2,114.253
High Class Racing #33,10,7,High Class Racing,Oreca 07 - Gibson,LMP2,,Cota,6,2019-2020,179,6:02:10.867,10 Laps,1 Laps,Michelin,Classified,5.0,1:54.530,173.3,Mark PATTERSON,Kenta YAMASHITA,Anders FJORDBACH,2019-2020_Cota,LMP2,LMP2,114.53
Cetilar Racing #47,11,8,Cetilar Racing,Dallara P217 - Gibson,LMP2,,Cota,6,2019-2020,178,6:01:59.800,11 Laps,1 Laps,Michelin,Classified,121.0,1:55.681,171.6,Roberto LACORTE,Andrea BELICCHI,Giorgio SERNAGIOTTO,2019-2020_Cota,LMP2,LMP2,115.681
DragonSpeed #21,12,9,DragonSpeed,Oreca 07 - Gibson,LMP2,,Cota,6,2019-2020,177,6:02:19.047,12 Laps,1 Laps,Michelin,Classified,5.0,1:54.715,173.0,Henrik HEDMAN,Ben HANLEY,Colin BRAUN,2019-2020_Cota,LMP2,LMP2,114.715
Aston Martin Racing #95,13,1,Aston Martin Racing,Aston Martin Vantage AMR,LMGTE Pro,,Cota,6,2019-2020,173,6:03:45.630,16 Laps,4 Laps,Michelin,Classified,4.0,2:02.522,162.0,Marco SØRENSEN,Nicki THIIM,,2019-2020_Cota,LMGTE Pro,GT (GTE Pro/Am),122.522
Porsche GT Team #92,14,2,Porsche GT Team,Porsche 911 RSR - 19,LMGTE Pro,,Cota,6,2019-2020,172,6:01:39.601,17 Laps,1 Laps,Michelin,Classified,95.0,2:03.071,161.3,Michael CHRISTENSEN,Kevin ESTRE,,2019-2020_Cota,LMGTE Pro,GT (GTE Pro/Am),123.071
AF Corse #51,15,3,AF Corse,Ferrari 488 GTE EVO,LMGTE Pro,,Cota,6,2019-2020,172,6:01:47.544,17 Laps,7.943,Michelin,Classified,4.0,2:02.917,161.5,James CALADO,Alessandro PIER GUIDI,,2019-2020_Cota,LMGTE Pro,GT (GTE Pro/Am),122.917
Aston Martin Racing #97,16,4,Aston Martin Racing,Aston Martin Vantage AMR,LMGTE Pro,,Cota,6,2019-2020,172,6:02:00.827,17 Laps,13.283,Michelin,Classified,3.0,2:02.750,161.7,Alexander LYNN,Maxime MARTIN,,2019-2020_Cota,LMGTE Pro,GT (GTE Pro/Am),122.75
AF Corse #71,17,5,AF Corse,Ferrari 488 GTE EVO,LMGTE Pro,,Cota,6,2019-2020,172,6:03:15.966,17 Laps,1'15.139,Michelin,Classified,5.0,2:03.120,161.2,Davide RIGON,Miguel MOLINA,,2019-2020_Cota,LMGTE Pro,GT (GTE Pro/Am),123.12
Corvette Racing #63,18,6,Corvette Racing,Chevrolet Corvette C8.R,LMGTE Pro,,Cota,6,2019-2020,170,6:01:50.640,19 Laps,2 Laps,Michelin,Classified,5.0,2:04.020,160.0,Jan MAGNUSSEN,Mike ROCKENFELLER,,2019-2020_Cota,LMGTE Pro,GT (GTE Pro/Am),124.02
TF Sport #90,19,1,TF Sport,Aston Martin Vantage AMR,LMGTE Am,,Cota,6,2019-2020,170,6:03:11.698,19 Laps,1'21.058,Michelin,Classified,111.0,2:03.967,160.1,Salih YOLUC,Charles EASTWOOD,Jonathan ADAM,2019-2020_Cota,LMGTE Am,GT (GTE Pro/Am),123.967
Aston Martin Racing #98,20,2,Aston Martin Racing,Aston Martin Vantage AMR,LMGTE Am,,Cota,6,2019-2020,170,6:03:15.369,19 Laps,3.671,Michelin,Classified,115.0,2:03.850,160.2,Paul DALLA LANA,Darren TURNER,Ross GUNN,2019-2020_Cota,LMGTE Am,GT (GTE Pro/Am),123.85
Porsche GT Team #91,21,7,Porsche GT Team,Porsche 911 RSR - 19,LMGTE Pro,,Cota,6,2019-2020,170,6:03:29.081,19 Laps,13.712,Michelin,Classified,129.0,2:02.977,161.4,Gianmaria BRUNI,Richard LIETZ,,2019-2020_Cota,LMGTE Pro,GT (GTE Pro/Am),122.977
Team Project 1 #56,22,3,Team Project 1,Porsche 911 RSR,LMGTE Am,,Cota,6,2019-2020,170,6:03:32.925,19 Laps,3.844,Michelin,Classified,160.0,2:03.926,160.2,Egidio PERFETTI,Laurents HÖRR,Matteo CAIROLI,2019-2020_Cota,LMGTE Am,GT (GTE Pro/Am),123.926
AF Corse #83,23,4,AF Corse,Ferrari 488 GTE EVO,LMGTE Am,,Cota,6,2019-2020,170,6:03:35.598,19 Laps,2.673,Michelin,Classified,151.0,2:03.579,160.6,François PERRODO,Emmanuel COLLARD,Nicklas NIELSEN,2019-2020_Cota,LMGTE Am,GT (GTE Pro/Am),123.579
Dempsey - Proton Racing #77,24,5,Dempsey - Proton Racing,Porsche 911 RSR,LMGTE Am,,Cota,6,2019-2020,169,6:02:25.223,20 Laps,1 Laps,Michelin,Classified,157.0,2:03.508,160.7,Christian RIED,Riccardo PERA,Matt CAMPBELL,2019-2020_Cota,LMGTE Am,GT (GTE Pro/Am),123.508
Gulf Racing #86,25,6,Gulf Racing,Porsche 911 RSR,LMGTE Am,,Cota,6,2019-2020,169,6:02:39.986,20 Laps,14.763,Michelin,Classified,113.0,2:03.702,160.4,Michael WAINWRIGHT,Andrew WATSON,Benjamin BARKER,2019-2020_Cota,LMGTE Am,GT (GTE Pro/Am),123.702
AF Corse #54,26,7,AF Corse,Ferrari 488 GTE EVO,LMGTE Am,,Cota,6,2019-2020,168,6:01:54.536,21 Laps,1 Laps,Michelin,Classified,157.0,2:04.014,160.0,Thomas FLOHR,Francesco CASTELLACCI,Giancarlo FISICHELLA,2019-2020_Cota,LMGTE Am,GT (GTE Pro/Am),124.014
Red River Sport #62,27,8,Red River Sport,Ferrari 488 GTE EVO,LMGTE Am,,Cota,6,2019-2020,168,6:02:06.457,21 Laps,11.921,Michelin,Classified,159.0,2:04.016,160.0,Bonamy GRIMES,Johnny MOWLEM,Charles HOLLINGS,2019-2020_Cota,LMGTE Am,GT (GTE Pro/Am),124.016
Dempsey - Proton Racing #88,28,9,Dempsey - Proton Racing,Porsche 911 RSR,LMGTE Am,,Cota,6,2019-2020,168,6:02:41.040,21 Laps,34.583,Michelin,Classified,141.0,2:04.078,160.0,Bret CURTIS,Adrien DE LEENER,Thomas PREINING,2019-2020_Cota,LMGTE Am,GT (GTE Pro/Am),124.078
MR Racing #70,29,10,MR Racing,Ferrari 488 GTE EVO,LMGTE Am,,Cota,6,2019-2020,168,6:02:55.469,21 Laps,14.429,Michelin,Classified,155.0,2:03.603,160.6,Motoaki ISHIKAWA,Olivier BERETTA,Kei COZZOLINO,2019-2020_Cota,LMGTE Am,GT (GTE Pro/Am),123.603
Team Project 1 #57,30,11,Team Project 1,Porsche 911 RSR,LMGTE Am,,Cota,6,2019-2020,160,6:03:24.507,29 Laps,8 Laps,Michelin,Classified,130.0,2:04.602,159.3,Ben KEATING,Felipe FRAGA,Jeroen BLEEKEMOLEN,2019-2020_Cota,LMGTE Am,GT (GTE Pro/Am),124.602
Toyota Gazoo Racing #8,1,1,Toyota Gazoo Racing,Toyota TS050 - Hybrid,LMP1,H,LeMans,24,2019-2020,387,24:01:45.305,,,Michelin,Classified,3.0,3:19.762,245.6,Sébastien BUEMI,Kazuki NAKAJIMA,Brendon HARTLEY,2019-2020_LeMans,LMP1,Top Class (LMP1/Hypercar),199.762
Rebellion Racing #1,2,2,Rebellion Racing,Rebellion R13 - Gibson,LMP1,,LeMans,24,2019-2020,382,24:03:05.492,5 Laps,5 Laps,Michelin,Classified,4.0,3:19.264,246.2,Bruno SENNA,Norman NATO,Gustavo MENEZES,2019-2020_LeMans,LMP1,Top Class (LMP1/Hypercar),199.264
Toyota Gazoo Racing #7,3,3,Toyota Gazoo Racing,Toyota TS050 - Hybrid,LMP1,H,LeMans,24,2019-2020,381,24:03:18.565,6 Laps,1 Laps,Michelin,Classified,4.0,3:19.357,246.1,Mike CONWAY,Kamui KOBAYASHI,Jose Maria LOPEZ,2019-2020_LeMans,LMP1,Top Class (LMP1/Hypercar),199.357
Rebellion Racing #3,4,4,Rebellion Racing,Rebellion R13 - Gibson,LMP1,,LeMans,24,2019-2020,381,24:04:27.973,6 Laps,1'09.408,Michelin,Classified,318.0,3:21.854,243.0,Romain DUMAS,Nathanaël BERTHON,Louis DELETRAZ,2019-2020_LeMans,LMP1,Top Class (LMP1/Hypercar),201.85399999999998
United Autosports #22,5,1,United Autosports,Oreca 07 - Gibson,LMP2,,LeMans,24,2019-2020,370,24:02:33.577,17 Laps,11 Laps,Michelin,Classified,3.0,3:29.709,233.9,Philip HANSON,Filipe ALBUQUERQUE,Paul DI RESTA,2019-2020_LeMans,LMP2,LMP2,209.709
JOTA #38,6,2,JOTA,Oreca 07 - Gibson,LMP2,,LeMans,24,2019-2020,370,24:03:06.408,17 Laps,32.831,Goodyear,Classified,251.0,3:30.452,233.1,Anthony DAVIDSON,Antonio Felix DA COSTA,Roberto GONZALEZ,2019-2020_LeMans,LMP2,LMP2,210.452
Panis Racing #31,7,3,Panis Racing,Oreca 07 - Gibson,LMP2,,LeMans,24,2019-2020,368,24:01:57.436,19 Laps,2 Laps,Goodyear,Classified,298.0,3:29.689,233.9,Nicolas JAMIN,Julien CANAL,Matthieu VAXIVIERE,2019-2020_LeMans,LMP2,LMP2,209.689
Signatech Alpine ELF #36,8,4,Signatech Alpine ELF,Alpine A470 - Gibson,LMP2,,LeMans,24,2019-2020,367,24:03:13.572,20 Laps,1 Laps,Michelin,Classified,333.0,3:29.750,233.9,André NEGRÃO,Pierre RAGUES,Thomas LAURENT,2019-2020_LeMans,LMP2,LMP2,209.75
G-Drive Racing #26,9,5,G-Drive Racing,Aurus 01 - Gibson,LMP2,,LeMans,24,2019-2020,367,24:04:11.150,20 Laps,57.578,Michelin,Classified,314.0,3:28.821,234.9,Roman RUSINOV,Jean-Eric VERGNE,Mikkel JENSEN,2019-2020_LeMans,LMP2,LMP2,208.821
IDEC Sport #28,10,6,IDEC Sport,Oreca 07 - Gibson,LMP2,,LeMans,24,2019-2020,366,24:02:57.605,21 Laps,1 Laps,Michelin,Classified,277.0,3:29.599,234.0,Paul LAFARGUE,Paul Loup CHATIN,Richard BRADLEY,2019-2020_LeMans,LMP2,LMP2,209.599
Algarve Pro Racing #25,11,7,Algarve Pro Racing,Oreca 07 - Gibson,LMP2,,LeMans,24,2019-2020,365,24:05:13.245,22 Laps,1 Laps,Goodyear,Classified,3.0,3:31.567,231.9,John FALB,Simon TRUMMER,Matthew MCMURRY,2019-2020_LeMans,LMP2,LMP2,211.567
Cool Racing #42,12,8,Cool Racing,Oreca 07 - Gibson,LMP2,,LeMans,24,2019-2020,365,24:05:45.485,22 Laps,32.240,Michelin,Classified,339.0,3:29.424,234.2,Nicolas LAPIERRE,Antonin BORGA,Alexandre COIGNY,2019-2020_LeMans,LMP2,LMP2,209.424
Richard Mille Racing Team #50,13,9,Richard Mille Racing Team,Oreca 07 - Gibson,LMP2,,LeMans,24,2019-2020,364,24:02:34.603,23 Laps,1 Laps,Michelin,Classified,267.0,3:32.231,231.1,Tatiana CALDERON,Sophia FLÖRSCH,Beitske VISSER,2019-2020_LeMans,LMP2,LMP2,212.231
Cetilar Racing #47,14,10,Cetilar Racing,Dallara P217 - Gibson,LMP2,,LeMans,24,2019-2020,363,24:03:34.377,24 Laps,1 Laps,Michelin,Classified,297.0,3:32.261,231.1,Roberto LACORTE,Andrea BELICCHI,Giorgio SERNAGIOTTO,2019-2020_LeMans,LMP2,LMP2,212.261
IDEC Sport #17,15,11,IDEC Sport,Oreca 07 - Gibson,LMP2,,LeMans,24,2019-2020,363,24:04:26.139,24 Laps,51.762,Michelin,Classified,193.0,3:29.609,234.0,Patrick PILET,Kyle TILLEY,Jonathan KENNARD,2019-2020_LeMans,LMP2,LMP2,209.609
DragonSpeed USA #27,16,12,DragonSpeed USA,Oreca 07 - Gibson,LMP2,,LeMans,24,2019-2020,361,24:03:47.200,26 Laps,2 Laps,Michelin,Classified,330.0,3:29.500,234.1,Henrik HEDMAN,Ben HANLEY,Renger VAN DER ZANDE,2019-2020_LeMans,LMP2,LMP2,209.5
United Autosports #32,17,13,United Autosports,Oreca 07 - Gibson,LMP2,,LeMans,24,2019-2020,359,24:02:34.108,28 Laps,2 Laps,Michelin,Classified,248.0,3:27.508,236.4,Will OWEN,Alex BRUNDLE,Job VAN UITERT,2019-2020_LeMans,LMP2,LMP2,207.508
Eurasia Motorsport #35,18,14,Eurasia Motorsport,Ligier JSP217 - Gibson,LMP2,,LeMans,24,2019-2020,351,24:01:57.100,36 Laps,8 Laps,Michelin,Classified,320.0,3:32.415,230.9,Nobuya YAMANAKA,Nicholas FOSTER,Roberto MERHI,2019-2020_LeMans,LMP2,LMP2,212.415
Racing Team Nederland #29,19,15,Racing Team Nederland,Oreca 07 - Gibson,LMP2,,LeMans,24,2019-2020,349,24:02:13.424,38 Laps,2 Laps,Michelin,Classified,142.0,3:28.983,234.7,Frits VAN EERD,Giedo VAN DER GARDE,Nyck DE VRIES,2019-2020_LeMans,LMP2,LMP2,208.983
Aston Martin Racing #97,20,1,Aston Martin Racing,Aston Martin Vantage AMR,LMGTE Pro,,LeMans,24,2019-2020,346,24:03:11.428,41 Laps,3 Laps,Michelin,Classified,182.0,3:50.321,213.0,Maxime MARTIN,Alexander LYNN,Harry TINCKNELL,2019-2020_LeMans,LMGTE Pro,GT (GTE Pro/Am),230.321
AF Corse #51,21,2,AF Corse,Ferrari 488 GTE Evo,LMGTE Pro,,LeMans,24,2019-2020,346,24:04:44.592,41 Laps,1'33.164,Michelin,Classified,114.0,3:51.002,212.4,Alessandro PIER GUIDI,James CALADO,Daniel SERRA,2019-2020_LeMans,LMGTE Pro,GT (GTE Pro/Am),231.002
Aston Martin Racing #95,22,3,Aston Martin Racing,Aston Martin Vantage AMR,LMGTE Pro,,LeMans,24,2019-2020,343,24:03:11.461,44 Laps,3 Laps,Michelin,Classified,223.0,3:51.277,212.1,Nicki THIIM,Marco SØRENSEN,Richard WESTBROOK,2019-2020_LeMans,LMGTE Pro,GT (GTE Pro/Am),231.277
Risi Competizione #82,23,4,Risi Competizione,Ferrari 488 GTE Evo,LMGTE Pro,,LeMans,24,2019-2020,339,24:02:47.574,48 Laps,4 Laps,Michelin,Classified,280.0,3:51.408,212.0,Olivier PLA,Sébastien BOURDAIS,Jules GOUNON,2019-2020_LeMans,LMGTE Pro,GT (GTE Pro/Am),231.40800000000002
TF Sport #90,24,1,TF Sport,Aston Martin Vantage AMR,LMGTE Am,,LeMans,24,2019-2020,339,24:04:20.981,48 Laps,1'33.407,Michelin,Classified,164.0,3:53.055,210.5,Salih YOLUC,Charles EASTWOOD,Jonathan ADAM,2019-2020_LeMans,LMGTE Am,GT (GTE Pro/Am),233.055
Dempsey - Proton Racing #77,25,2,Dempsey - Proton Racing,Porsche 911 RSR,LMGTE Am,,LeMans,24,2019-2020,339,24:05:10.733,48 Laps,49.752,Michelin,Classified,168.0,3:53.747,209.9,Christian RIED,Riccardo PERA,Matt CAMPBELL,2019-2020_LeMans,LMGTE Am,GT (GTE Pro/Am),233.747
AF Corse #83,26,3,AF Corse,Ferrari 488 GTE Evo,LMGTE Am,,LeMans,24,2019-2020,339,24:05:13.780,48 Laps,3.047,Michelin,Classified,39.0,3:54.303,209.4,François PERRODO,Emmanuel COLLARD,Nicklas NIELSEN,2019-2020_LeMans,LMGTE Am,GT (GTE Pro/Am),234.303
Team Project 1 #56,27,4,Team Project 1,Porsche 911 RSR,LMGTE Am,,LeMans,24,2019-2020,339,24:05:22.100,48 Laps,8.320,Michelin,Classified,2.0,3:53.434,210.1,Egidio PERFETTI,Larry TEN VOORDE,Matteo CAIROLI,2019-2020_LeMans,LMGTE Am,GT (GTE Pro/Am),233.434
Nielsen Racing #24,28,16,Nielsen Racing,Oreca 07 - Gibson,LMP2,,LeMans,24,2019-2020,338,24:01:53.228,49 Laps,1 Laps,Michelin,Classified,284.0,3:30.858,232.6,Garett GRIST,Alex KAPADIA,Anthony WELLS,2019-2020_LeMans,LMP2,LMP2,210.858
Gulf Racing #86,29,5,Gulf Racing,Porsche 911 RSR,LMGTE Am,,LeMans,24,2019-2020,337,24:05:18.281,50 Laps,1 Laps,Michelin,Classified,3.0,3:53.928,209.7,Michael WAINWRIGHT,Benjamin BARKER,Andrew WATSON,2019-2020_LeMans,LMGTE Am,GT (GTE Pro/Am),233.928
JMW Motorsport #66,30,6,JMW Motorsport,Ferrari 488 GTE Evo,LMGTE Am,,LeMans,24,2019-2020,335,24:02:26.468,52 Laps,2 Laps,Michelin,Classified,279.0,3:55.302,208.5,Richard HEISTAND,Maxwell ROOT,Jan MAGNUSSEN,2019-2020_LeMans,LMGTE Am,GT (GTE Pro/Am),235.302
Porsche GT Team #91,31,5,Porsche GT Team,Porsche 911 RSR - 19,LMGTE Pro,,LeMans,24,2019-2020,335,24:02:32.655,52 Laps,6.187,Michelin,Classified,224.0,3:52.695,210.8,Gianmaria BRUNI,Richard LIETZ,Frédéric MAKOWIECKI,2019-2020_LeMans,LMGTE Pro,GT (GTE Pro/Am),232.695
Luzich Racing #61,32,7,Luzich Racing,Ferrari 488 GTE Evo,LMGTE Am,,LeMans,24,2019-2020,335,24:05:16.339,52 Laps,2'43.684,Michelin,Classified,170.0,3:53.847,209.8,Francesco PIOVANETTI,Oswaldo NEGRI JR,Côme LEDOGAR,2019-2020_LeMans,LMGTE Am,GT (GTE Pro/Am),233.847
Aston Martin Racing #98,33,8,Aston Martin Racing,Aston Martin Vantage AMR,LMGTE Am,,LeMans,24,2019-2020,333,24:04:11.477,54 Laps,2 Laps,Michelin,Classified,2.0,3:52.449,211.0,Paul DALLA LANA,Ross GUNN,Augusto FARFUS,2019-2020_LeMans,LMGTE Am,GT (GTE Pro/Am),232.449
Iron Lynx #85,34,9,Iron Lynx,Ferrari 488 GTE Evo,LMGTE Am,,LeMans,24,2019-2020,332,24:02:08.755,55 Laps,1 Laps,Michelin,Classified,211.0,3:55.910,207.9,Manuela GOSTNER,Rahel FREY,Michelle GATTING,2019-2020_LeMans,LMGTE Am,GT (GTE Pro/Am),235.91
Porsche GT Team #92,35,6,Porsche GT Team,Porsche 911 RSR - 19,LMGTE Pro,,LeMans,24,2019-2020,331,24:02:11.979,56 Laps,1 Laps,Michelin,Classified,101.0,3:52.136,211.3,Michael CHRISTENSEN,Kevin ESTRE,Laurens VANTHOOR,2019-2020_LeMans,LMGTE Pro,GT (GTE Pro/Am),232.136
Dempsey - Proton Racing #99,36,10,Dempsey - Proton Racing,Porsche 911 RSR,LMGTE Am,,LeMans,24,2019-2020,331,24:03:35.684,56 Laps,1'23.705,Michelin,Classified,164.0,3:54.210,209.4,Vutthikorn INTHRAPHUVASAK,Lucas LÉGERET,Julien ANDLAUER,2019-2020_LeMans,LMGTE Am,GT (GTE Pro/Am),234.21
Iron Lynx #60,37,11,Iron Lynx,Ferrari 488 GTE Evo,LMGTE Am,,LeMans,24,2019-2020,331,24:05:10.804,56 Laps,1'35.120,Michelin,Classified,128.0,3:55.180,208.6,Claudio SCHIAVONI,Sergio PIANEZZOLA,Paolo RUBERTI,2019-2020_LeMans,LMGTE Am,GT (GTE Pro/Am),235.18
Proton Competition #78,38,12,Proton Competition,Porsche 911 RSR,LMGTE Am,,LeMans,24,2019-2020,330,24:02:09.310,57 Laps,1 Laps,Michelin,Classified,165.0,3:56.086,207.8,Horst Jr FELBERMAYR,Michele BERETTA,Max VAN SPLUNTEREN,2019-2020_LeMans,LMGTE Am,GT (GTE Pro/Am),236.086
AF Corse #54,39,13,AF Corse,Ferrari 488 GTE Evo,LMGTE Am,,LeMans,24,2019-2020,330,24:03:20.670,57 Laps,1'11.360,Michelin,Classified,226.0,3:54.199,209.5,Thomas FLOHR,Francesco CASTELLACCI,Giancarlo FISICHELLA,2019-2020_LeMans,LMGTE Am,GT (GTE Pro/Am),234.199
Team Project 1 #57,40,14,Team Project 1,Porsche 911 RSR,LMGTE Am,,LeMans,24,2019-2020,326,24:04:13.737,61 Laps,4 Laps,Michelin,Classified,147.0,3:54.315,209.3,Ben KEATING,Felipe FRAGA,Jeroen BLEEKEMOLEN,2019-2020_LeMans,LMGTE Am,GT (GTE Pro/Am),234.315
Red River Sport #62,41,15,Red River Sport,Ferrari 488 GTE Evo,LMGTE Am,,LeMans,24,2019-2020,325,24:03:26.422,62 Laps,1 Laps,Michelin,Classified,65.0,3:57.558,206.5,Bonamy GRIMES,Johnny MOWLEM,Charles HOLLINGS,2019-2020_LeMans,LMGTE Am,GT (GTE Pro/Am),237.558
Inter Europol Competition #34,42,17,Inter Europol Competition,Ligier JSP217 - Gibson,LMP2,,LeMans,24,2019-2020,316,24:03:57.784,71 Laps,9 Laps,Michelin,Classified,71.0,3:34.600,228.6,Jakub SMIECHOWSKI,René BINDER,Matevos ISAAKYAN,2019-2020_LeMans,LMP2,LMP2,214.6
Team Project 1 #89,43,16,Team Project 1,Porsche 911 RSR,LMGTE Am,,LeMans,24,2019-2020,313,24:02:46.180,74 Laps,3 Laps,Michelin,Classified,288.0,3:56.621,207.3,Steve BROOKS,Julien PIGUET,Andreas LASKARATOS,2019-2020_LeMans,LMGTE Am,GT (GTE Pro/Am),236.621
SO24-Has by Graff #39,44,18,SO24-Has by Graff,Oreca 07 - Gibson,LMP2,,LeMans,24,2019-2020,357,23:15:48.615,30 Laps,-44 Laps,Michelin,Not classified,3.0,3:30.423,233.1,James ALLEN,Vincent CAPILLAIRE,Charles MILESI,2019-2020_LeMans,LMP2,LMP2,210.423
AF Corse #71,45,7,AF Corse,Ferrari 488 GTE Evo,LMGTE Pro,,LeMans,24,2019-2020,340,23:58:50.020,47 Laps,17 Laps,Michelin,Not classified,219.0,3:52.059,211.4,Davide RIGON,Miguel MOLINA,Sam BIRD,2019-2020_LeMans,LMGTE Pro,GT (GTE Pro/Am),232.059
Hub Auto Racing #72,46,17,Hub Auto Racing,Ferrari 488 GTE Evo,LMGTE Am,,LeMans,24,2019-2020,273,20:06:06.609,114 Laps,67 Laps,Michelin,Not classified,271.0,3:53.878,209.7,Morris CHEN,Tom BLOMQVIST,Marcos GOMES,2019-2020_LeMans,LMGTE Am,GT (GTE Pro/Am),233.878
Dempsey - Proton Racing #88,47,18,Dempsey - Proton Racing,Porsche 911 RSR,LMGTE Am,,LeMans,24,2019-2020,238,24:06:00.292,149 Laps,35 Laps,Michelin,Not classified,4.0,3:55.339,208.4,Thomas PREINING,Dominique BASTIEN,Adrien DE LEENER,2019-2020_LeMans,LMGTE Am,GT (GTE Pro/Am),235.339
Iron Lynx #75,48,19,Iron Lynx,Ferrari 488 GTE Evo,LMGTE Am,,LeMans,24,2019-2020,211,15:42:35.591,176 Laps,27 Laps,Michelin,Not classified,193.0,3:54.734,209.0,Rino MASTRONARDI,Matteo CRESSONI,Andrea PICCINI,2019-2020_LeMans,LMGTE Am,GT (GTE Pro/Am),234.734
DragonSpeed USA #21,49,19,DragonSpeed USA,Oreca 07 - Gibson,LMP2,,LeMans,24,2019-2020,192,12:57:52.187,195 Laps,19 Laps,Michelin,Retired,173.0,3:31.584,231.8,Juan Pablo MONTOYA,Timothé BURET,Memo ROJAS,2019-2020_LeMans,LMP2,LMP2,211.584
WeatherTech Racing #63,50,8,WeatherTech Racing,Ferrari 488 GTE Evo,LMGTE Pro,,LeMans,24,2019-2020,185,13:41:12.528,202 Laps,7 Laps,Michelin,Retired,3.0,3:52.056,211.4,Cooper MACNEIL,Toni VILANDER,Jeffrey SEGAL,2019-2020_LeMans,LMGTE Pro,GT (GTE Pro/Am),232.05599999999998
MR Racing #70,51,20,MR Racing,Ferrari 488 GTE Evo,LMGTE Am,,LeMans,24,2019-2020,172,13:23:15.074,215 Laps,13 Laps,Michelin,Retired,151.0,3:53.677,209.9,Takeshi KIMURA,Vincent ABRIL,Kei COZZOLINO,2019-2020_LeMans,LMGTE Am,GT (GTE Pro/Am),233.677
G-Drive Racing by Algarve #16,52,20,G-Drive Racing by Algarve,Aurus 01 - Gibson,LMP2,,LeMans,24,2019-2020,105,7:44:11.624,282 Laps,67 Laps,Goodyear,Retired,45.0,3:30.570,233.0,Ryan CULLEN,Oliver JARVIS,Nicholas TANDY,2019-2020_LeMans,LMP2,LMP2,210.57
Duqueine Team #30,53,21,Duqueine Team,Oreca 07 - Gibson,LMP2,,LeMans,24,2019-2020,100,6:30:06.632,287 Laps,5 Laps,Michelin,Retired,46.0,3:31.429,232.0,Jonathan HIRSCHI,Konstantin TERESCHENKO,Tristan GOMMENDY,2019-2020_LeMans,LMP2,LMP2,211.429
Bykolles Racing Team #4,54,5,Bykolles Racing Team,ENSO CLM P1/01 - Gibson,LMP1,,LeMans,24,2019-2020,97,6:49:35.608,290 Laps,3 Laps,Michelin,Retired,4.0,3:27.680,236.2,Tom DILLMANN,Bruno SPENGLER,Oliver WEBB,2019-2020_LeMans,LMP1,Top Class (LMP1/Hypercar),207.68
High Class Racing #33,55,22,High Class Racing,Oreca 07 - Gibson,LMP2,,LeMans,24,2019-2020,88,11:33:21.552,299 Laps,9 Laps,Michelin,Retired,3.0,3:31.018,232.5,Kenta YAMASHITA,Mark PATTERSON,Anders FJORDBACH,2019-2020_LeMans,LMP2,LMP2,211.018
AF Corse #52,56,21,AF Corse,Ferrari 488 GTE Evo,LMGTE Am,,LeMans,24,2019-2020,80,5:40:44.154,307 Laps,8 Laps,Michelin,Retired,65.0,4:02.204,202.5,Christoph ULRICH,Steffen GÖRIG,Alexander WEST,2019-2020_LeMans,LMGTE Am,GT (GTE Pro/Am),242.204
Spirit of Race #55,57,22,Spirit of Race,Ferrari 488 GTE Evo,LMGTE Am,,LeMans,24,2019-2020,78,6:20:12.957,309 Laps,2 Laps,Michelin,Retired,9.0,3:55.891,208.0,Duncan CAMERON,Aaron SCOTT,Matthew GRIFFIN,2019-2020_LeMans,LMGTE Am,GT (GTE Pro/Am),235.891
Eurointernational #11,58,23,Eurointernational,Ligier JSP217 - Gibson,LMP2,,LeMans,24,2019-2020,26,1:40:32.248,361 Laps,52 Laps,Michelin,Retired,5.0,3:35.008,228.1,Adrien TAMBAY,Erik MARIS,Christophe D'ANSEMBOURG,2019-2020_LeMans,LMP2,LMP2,215.008
Jackie Chan DC Racing #37,59,24,Jackie Chan DC Racing,Oreca 07 - Gibson,LMP2,,LeMans,24,2019-2020,141,10:51:53.595,246 Laps,-115 Laps,Goodyear,Classified,122.0,3:30.490,233.0,Ho-Pin TUNG,Gabriel AUBRY,Will STEVENS,2019-2020_LeMans,LMP2,LMP2,210.49
Toyota Gazoo Racing #7,1,1,Toyota Gazoo Racing,Toyota TS050 - Hybrid,LMP1,H,Spa,6,2019-2020,143,6:00:02.534,,,Michelin,Classified,35.0,2:02.239,206.3,Mike CONWAY,Kamui KOBAYASHI,Jose Maria LOPEZ,2019-2020_Spa,LMP1,Top Class (LMP1/Hypercar),122.239
Toyota Gazoo Racing #8,2,2,Toyota Gazoo Racing,Toyota TS050 - Hybrid,LMP1,H,Spa,6,2019-2020,143,6:00:36.704,34.170,34.170,Michelin,Classified,89.0,2:02.310,206.1,Sébastien BUEMI,Kazuki NAKAJIMA,Brendon HARTLEY,2019-2020_Spa,LMP1,Top Class (LMP1/Hypercar),122.31
Rebellion Racing #1,3,3,Rebellion Racing,Rebellion R13 - Gibson,LMP1,,Spa,6,2019-2020,142,6:00:34.722,1 Laps,1 Laps,Michelin,Classified,86.0,2:02.154,206.4,Bruno SENNA,Gustavo MENEZES,Norman NATO,2019-2020_Spa,LMP1,Top Class (LMP1/Hypercar),122.154
United Autosports #22,4,1,United Autosports,Oreca 07 - Gibson,LMP2,,Spa,6,2019-2020,140,6:01:53.374,3 Laps,2 Laps,Michelin,Classified,124.0,2:06.339,199.6,Philip HANSON,Filipe ALBUQUERQUE,Paul DI RESTA,2019-2020_Spa,LMP2,LMP2,126.339
Cool Racing #42,5,2,Cool Racing,Oreca 07 - Gibson,LMP2,,Spa,6,2019-2020,139,6:00:44.691,4 Laps,1 Laps,Michelin,Classified,90.0,2:07.141,198.3,Nicolas LAPIERRE,Antonin BORGA,Alexandre COIGNY,2019-2020_Spa,LMP2,LMP2,127.141
Racing Team Nederland #29,6,3,Racing Team Nederland,Oreca 07 - Gibson,LMP2,,Spa,6,2019-2020,139,6:00:55.007,4 Laps,10.316,Michelin,Classified,34.0,2:06.646,199.1,Frits VAN EERD,Giedo VAN DER GARDE,Job VAN UITERT,2019-2020_Spa,LMP2,LMP2,126.646
JOTA #38,7,4,JOTA,Oreca 07 - Gibson,LMP2,,Spa,6,2019-2020,139,6:01:32.622,4 Laps,37.615,Goodyear,Classified,113.0,2:05.601,200.7,Roberto GONZALEZ,Antonio Felix DA COSTA,Anthony DAVIDSON,2019-2020_Spa,LMP2,LMP2,125.601
Cetilar Racing #47,8,5,Cetilar Racing,Dallara P217 - Gibson,LMP2,,Spa,6,2019-2020,137,6:01:21.630,6 Laps,2 Laps,Michelin,Classified,34.0,2:08.185,196.7,Roberto LACORTE,Andrea BELICCHI,Giorgio SERNAGIOTTO,2019-2020_Spa,LMP2,LMP2,128.185
Porsche GT Team #92,9,1,Porsche GT Team,Porsche 911 RSR - 19,LMGTE Pro,,Spa,6,2019-2020,135,6:00:21.491,8 Laps,2 Laps,Michelin,Classified,33.0,2:16.099,185.3,Michael CHRISTENSEN,Kevin ESTRE,,2019-2020_Spa,LMGTE Pro,GT (GTE Pro/Am),136.099
Aston Martin Racing #95,10,2,Aston Martin Racing,Aston Martin Vantage AMR,LMGTE Pro,,Spa,6,2019-2020,135,6:00:27.114,8 Laps,5.623,Michelin,Classified,103.0,2:16.263,185.0,Marco SØRENSEN,Nicki THIIM,,2019-2020_Spa,LMGTE Pro,GT (GTE Pro/Am),136.263
Aston Martin Racing #97,11,3,Aston Martin Racing,Aston Martin Vantage AMR,LMGTE Pro,,Spa,6,2019-2020,135,6:00:56.608,8 Laps,29.494,Michelin,Classified,115.0,2:16.495,184.7,Alexander LYNN,Maxime MARTIN,,2019-2020_Spa,LMGTE Pro,GT (GTE Pro/Am),136.495
AF Corse #51,12,4,AF Corse,Ferrari 488 GTE Evo,LMGTE Pro,,Spa,6,2019-2020,135,6:00:58.114,8 Laps,1.506,Michelin,Classified,112.0,2:16.642,184.5,James CALADO,Alessandro PIER GUIDI,,2019-2020_Spa,LMGTE Pro,GT (GTE Pro/Am),136.642
Porsche GT Team #91,13,5,Porsche GT Team,Porsche 911 RSR - 19,LMGTE Pro,,Spa,6,2019-2020,135,6:00:58.481,8 Laps,0.367,Michelin,Classified,113.0,2:16.539,184.7,Gianmaria BRUNI,Richard LIETZ,,2019-2020_Spa,LMGTE Pro,GT (GTE Pro/Am),136.539
AF Corse #71,14,6,AF Corse,Ferrari 488 GTE Evo,LMGTE Pro,,Spa,6,2019-2020,135,6:01:22.364,8 Laps,23.883,Michelin,Classified,112.0,2:17.540,183.3,Davide RIGON,Miguel MOLINA,,2019-2020_Spa,LMGTE Pro,GT (GTE Pro/Am),137.54
AF Corse #83,15,1,AF Corse,Ferrari 488 GTE Evo,LMGTE Am,,Spa,6,2019-2020,134,6:01:09.883,9 Laps,1 Laps,Michelin,Classified,83.0,2:17.731,183.1,François PERRODO,Emmanuel COLLARD,Nicklas NIELSEN,2019-2020_Spa,LMGTE Am,GT (GTE Pro/Am),137.731
Dempsey - Proton Racing #77,16,2,Dempsey - Proton Racing,Porsche 911 RSR,LMGTE Am,,Spa,6,2019-2020,134,6:01:12.781,9 Laps,2.898,Michelin,Classified,111.0,2:17.639,183.2,Christian RIED,Riccardo PERA,Matt CAMPBELL,2019-2020_Spa,LMGTE Am,GT (GTE Pro/Am),137.639
TF Sport #90,17,3,TF Sport,Aston Martin Vantage AMR,LMGTE Am,,Spa,6,2019-2020,134,6:02:06.034,9 Laps,53.253,Michelin,Classified,112.0,2:18.075,182.6,Salih YOLUC,Charles EASTWOOD,Jonathan ADAM,2019-2020_Spa,LMGTE Am,GT (GTE Pro/Am),138.075
Team Project 1 #56,18,4,Team Project 1,Porsche 911 RSR,LMGTE Am,,Spa,6,2019-2020,133,6:00:13.350,10 Laps,1 Laps,Michelin,Classified,113.0,2:17.898,182.8,Egidio PERFETTI,Laurents HÖRR,Matteo CAIROLI,2019-2020_Spa,LMGTE Am,GT (GTE Pro/Am),137.898
Dempsey - Proton Racing #88,19,5,Dempsey - Proton Racing,Porsche 911 RSR,LMGTE Am,,Spa,6,2019-2020,133,6:00:44.318,10 Laps,30.968,Michelin,Classified,82.0,2:18.943,181.5,Gian Luca GIRAUDI,Ricardo SANCHEZ,Lucas LÉGERET,2019-2020_Spa,LMGTE Am,GT (GTE Pro/Am),138.943
Team Project 1 #57,20,6,Team Project 1,Porsche 911 RSR,LMGTE Am,,Spa,6,2019-2020,133,6:00:49.351,10 Laps,5.033,Michelin,Classified,83.0,2:18.007,182.7,Ben KEATING,Felipe FRAGA,Jeroen BLEEKEMOLEN,2019-2020_Spa,LMGTE Am,GT (GTE Pro/Am),138.007
AF Corse #54,21,7,AF Corse,Ferrari 488 GTE Evo,LMGTE Am,,Spa,6,2019-2020,133,6:01:34.818,10 Laps,45.467,Michelin,Classified,113.0,2:18.591,181.9,Thomas FLOHR,Francesco CASTELLACCI,Giancarlo FISICHELLA,2019-2020_Spa,LMGTE Am,GT (GTE Pro/Am),138.591
Red River Sport #62,22,8,Red River Sport,Ferrari 488 GTE Evo,LMGTE Am,,Spa,6,2019-2020,132,6:00:12.202,11 Laps,1 Laps,Michelin,Classified,109.0,2:18.301,182.3,Bonamy GRIMES,Johnny MOWLEM,Charles HOLLINGS,2019-2020_Spa,LMGTE Am,GT (GTE Pro/Am),138.301
Jackie Chan DC Racing #37,23,6,Jackie Chan DC Racing,Oreca 07 - Gibson,LMP2,,Spa,6,2019-2020,132,6:01:05.125,11 Laps,52.923,Goodyear,Classified,118.0,2:05.855,200.3,Ho-Pin TUNG,Ryan CULLEN,Will STEVENS,2019-2020_Spa,LMP2,LMP2,125.855
High Class Racing #33,24,7,High Class Racing,Oreca 07 - Gibson,LMP2,,Spa,6,2019-2020,132,6:01:42.853,11 Laps,37.728,Michelin,Classified,102.0,2:08.499,196.2,Mark PATTERSON,Kenta YAMASHITA,Anders FJORDBACH,2019-2020_Spa,LMP2,LMP2,128.499
Aston Martin Racing #98,25,9,Aston Martin Racing,Aston Martin Vantage AMR,LMGTE Am,,Spa,6,2019-2020,131,6:02:11.873,12 Laps,1 Laps,Michelin,Classified,79.0,2:17.287,183.7,Paul DALLA LANA,Augusto FARFUS,Ross GUNN,2019-2020_Spa,LMGTE Am,GT (GTE Pro/Am),137.287
Gulf Racing #86,26,10,Gulf Racing,Porsche 911 RSR,LMGTE Am,,Spa,6,2019-2020,130,6:00:08.562,13 Laps,1 Laps,Michelin,Classified,116.0,2:18.446,182.1,Michael WAINWRIGHT,Andrew WATSON,Benjamin BARKER,2019-2020_Spa,LMGTE Am,GT (GTE Pro/Am),138.446
Bykolles Racing Team #4,27,4,Bykolles Racing Team,Enso CLM P1/01,LMP1,,Spa,6,2019-2020,126,6:00:17.188,17 Laps,4 Laps,Michelin,Classified,37.0,2:05.044,201.6,Tom DILLMANN,Bruno SPENGLER,Oliver WEBB,2019-2020_Spa,LMP1,Top Class (LMP1/Hypercar),125.044
Eurasia Motorsport #35,28,8,Eurasia Motorsport,Ligier JSP217 - Gibson,LMP2,,Spa,6,2019-2020,122,6:01:11.819,21 Laps,4 Laps,Michelin,Classified,102.0,2:06.943,198.6,Nobuya YAMANAKA,Nicholas FOSTER,Roberto MERHI,2019-2020_Spa,LMP2,LMP2,126.943
Signatech Alpine ELF #36,29,9,Signatech Alpine ELF,Alpine A470 - Gibson,LMP2,,Spa,6,2019-2020,106,4:37:45.427,37 Laps,16 Laps,Michelin,Not classified,35.0,2:06.802,198.8,Thomas LAURENT,André NEGRÃO,Pierre RAGUES,2019-2020_Spa,LMP2,LMP2,126.80199999999999
Toyota Gazoo Racing #8,1,1,Toyota Gazoo Racing,Toyota GR010 HYBRID,HYPERCAR,H,Algarve,8,2021,300,8:00:15.414,,,Michelin,Classified,225.0,1:31.006,184.1,Sébastien BUEMI,Kazuki NAKAJIMA,Brendon HARTLEY,2021_Algarve,Hypercar,Top Class (LMP1/Hypercar),91.006
Toyota Gazoo Racing #7,2,2,Toyota Gazoo Racing,Toyota GR010 HYBRID,HYPERCAR,H,Algarve,8,2021,300,8:00:17.214,1.800,1.800,Michelin,Classified,258.0,1:31.103,183.9,Mike CONWAY,Kamui KOBAYASHI,Jose Maria LOPEZ,2021_Algarve,Hypercar,Top Class (LMP1/Hypercar),91.10300000000001
Alpine Elf Matmut #36,3,3,Alpine Elf Matmut,Alpine A480 - Gibson,HYPERCAR,,Algarve,8,2021,300,8:01:24.011,1'08.597,1'06.797,Michelin,Classified,212.0,1:30.919,184.2,André NEGRÃO,Nicolas LAPIERRE,Matthieu VAXIVIERE,2021_Algarve,Hypercar,Top Class (LMP1/Hypercar),90.919
JOTA #38,4,1,JOTA,Oreca 07 - Gibson,LMP2,,Algarve,8,2021,296,8:01:16.228,4 Laps,4 Laps,Goodyear,Classified,234.0,1:32.092,181.9,Roberto GONZALEZ,Antonio Felix DA COSTA,Anthony DAVIDSON,2021_Algarve,LMP2,LMP2,92.092
JOTA #28,5,2,JOTA,Oreca 07 - Gibson,LMP2,,Algarve,8,2021,296,8:01:20.917,4 Laps,4.689,Goodyear,Classified,209.0,1:31.970,182.1,Sean GELAEL,Stoffel VANDOORNE,Tom BLOMQVIST,2021_Algarve,LMP2,LMP2,91.97
United Autosports USA #22,6,3,United Autosports USA,Oreca 07 - Gibson,LMP2,,Algarve,8,2021,295,8:00:21.890,5 Laps,1 Laps,Goodyear,Classified,235.0,1:32.509,181.1,Philip HANSON,Wayne BOYD,Paul DI RESTA,2021_Algarve,LMP2,LMP2,92.509
Team WRT #31,7,4,Team WRT,Oreca 07 - Gibson,LMP2,,Algarve,8,2021,295,8:00:52.085,5 Laps,30.195,Goodyear,Classified,141.0,1:32.445,181.2,Robin FRIJNS,Ferdinand HABSBURG,Charles MILESI,2021_Algarve,LMP2,LMP2,92.445
Inter Europol Competition #34,8,5,Inter Europol Competition,Oreca 07 - Gibson,LMP2,,Algarve,8,2021,293,8:00:29.186,7 Laps,2 Laps,Goodyear,Classified,286.0,1:32.383,181.3,Jakub SMIECHOWSKI,Louis DELETRAZ,Alex BRUNDLE,2021_Algarve,LMP2,LMP2,92.38300000000001
Richard Mille Racing Team #1,9,6,Richard Mille Racing Team,Oreca 07 - Gibson,LMP2,,Algarve,8,2021,290,8:00:28.349,10 Laps,3 Laps,Goodyear,Classified,222.0,1:33.755,178.7,Tatiana CALDERON,Sophia FLOERSCH,Beitske VISSER,2021_Algarve,LMP2,LMP2,93.755
Realteam Racing #70,10,7,Realteam Racing,Oreca 07 - Gibson,LMP2,P/A,Algarve,8,2021,290,8:01:06.800,10 Laps,38.451,Goodyear,Classified,205.0,1:32.392,181.3,Esteban GARCIA,Mathias BECHE,Norman NATO,2021_Algarve,LMP2,LMP2,92.392
DragonSpeed USA #21,11,8,DragonSpeed USA,Oreca 07 - Gibson,LMP2,P/A,Algarve,8,2021,288,8:01:35.919,12 Laps,2 Laps,Goodyear,Classified,233.0,1:32.473,181.1,Henrik HEDMAN,Juan Pablo MONTOYA,Ben HANLEY,2021_Algarve,LMP2,LMP2,92.473
High Class Racing #20,12,9,High Class Racing,Oreca 07 - Gibson,LMP2,P/A,Algarve,8,2021,285,8:01:41.204,15 Laps,3 Laps,Goodyear,Classified,262.0,1:32.685,180.7,Jan MAGNUSSEN,Anders FJORDBACH,Dennis ANDERSEN,2021_Algarve,LMP2,LMP2,92.685
Racing Team Nederland #29,13,10,Racing Team Nederland,Oreca 07 - Gibson,LMP2,P/A,Algarve,8,2021,280,8:00:52.926,20 Laps,5 Laps,Goodyear,Classified,231.0,1:32.467,181.2,Frits VAN EERD,Giedo VAN DER GARDE,Job VAN UITERT,2021_Algarve,LMP2,LMP2,92.467
AF Corse #51,14,1,AF Corse,Ferrari 488 GTE Evo,LMGTE Pro,,Algarve,8,2021,279,8:00:44.728,21 Laps,1 Laps,Michelin,Classified,198.0,1:38.944,169.3,Alessandro PIER GUIDI,James CALADO,,2021_Algarve,LMGTE Pro,GT (GTE Pro/Am),98.944
AF Corse #52,15,2,AF Corse,Ferrari 488 GTE Evo,LMGTE Pro,,Algarve,8,2021,279,8:01:09.794,21 Laps,25.066,Michelin,Classified,266.0,1:38.757,169.6,Daniel SERRA,Miguel MOLINA,,2021_Algarve,LMGTE Pro,GT (GTE Pro/Am),98.757
Porsche GT Team #92,16,3,Porsche GT Team,Porsche 911 RSR - 19,LMGTE Pro,,Algarve,8,2021,279,8:01:29.771,21 Laps,19.977,Michelin,Classified,212.0,1:38.760,169.6,Kevin ESTRE,Neel JANI,Michael CHRISTENSEN,2021_Algarve,LMGTE Pro,GT (GTE Pro/Am),98.75999999999999
Porsche GT Team #91,17,4,Porsche GT Team,Porsche 911 RSR - 19,LMGTE Pro,,Algarve,8,2021,278,8:00:53.322,22 Laps,1 Laps,Michelin,Classified,249.0,1:38.911,169.4,Gianmaria BRUNI,Richard LIETZ,Frederic MAKOWIECKI,2021_Algarve,LMGTE Pro,GT (GTE Pro/Am),98.911
Cetilar Racing #47,18,1,Cetilar Racing,Ferrari 488 GTE Evo,LMGTE Am,,Algarve,8,2021,274,8:00:21.640,26 Laps,4 Laps,Michelin,Classified,244.0,1:38.925,169.3,Roberto LACORTE,Giorgio SERNAGIOTTO,Antonio FUOCO,2021_Algarve,LMGTE Am,GT (GTE Pro/Am),98.925
Team Project 1 #56,19,2,Team Project 1,Porsche 911 RSR - 19,LMGTE Am,,Algarve,8,2021,274,8:00:27.470,26 Laps,5.830,Michelin,Classified,194.0,1:39.312,168.7,Egidio PERFETTI,Matteo CAIROLI,Riccardo PERA,2021_Algarve,LMGTE Am,GT (GTE Pro/Am),99.312
AF Corse #54,20,3,AF Corse,Ferrari 488 GTE Evo,LMGTE Am,,Algarve,8,2021,274,8:01:12.873,26 Laps,45.403,Michelin,Classified,204.0,1:39.766,167.9,Thomas FLOHR,Francesco CASTELLACCI,Giancarlo FISICHELLA,2021_Algarve,LMGTE Am,GT (GTE Pro/Am),99.76599999999999
Aston Martin Racing #98,21,4,Aston Martin Racing,Aston Martin Vantage AMR,LMGTE Am,,Algarve,8,2021,274,8:01:40.360,26 Laps,27.487,Michelin,Classified,249.0,1:39.980,167.5,Paul DALLA LANA,Augusto FARFUS,Marcos GOMES,2021_Algarve,LMGTE Am,GT (GTE Pro/Am),99.97999999999999
Kessel Racing #57,22,5,Kessel Racing,Ferrari 488 GTE Evo,LMGTE Am,,Algarve,8,2021,274,8:01:54.470,26 Laps,14.110,Michelin,Classified,273.0,1:39.443,168.4,Takeshi KIMURA,Mikkel JENSEN,Scott ANDREWS,2021_Algarve,LMGTE Am,GT (GTE Pro/Am),99.443
Iron Lynx #60,23,6,Iron Lynx,Ferrari 488 GTE Evo,LMGTE Am,,Algarve,8,2021,273,8:00:26.271,27 Laps,1 Laps,Michelin,Classified,238.0,1:39.760,167.9,Claudio SCHIAVONI,Andrea PICCINI,Matteo CRESSONI,2021_Algarve,LMGTE Am,GT (GTE Pro/Am),99.75999999999999
Iron Lynx #85,24,7,Iron Lynx,Ferrari 488 GTE Evo,LMGTE Am,,Algarve,8,2021,273,8:01:39.125,27 Laps,1'12.854,Michelin,Classified,235.0,1:40.019,167.5,Rahel FREY,Michelle GATTING,Manuela GOSTNER,2021_Algarve,LMGTE Am,GT (GTE Pro/Am),100.019
TF Sport #33,25,8,TF Sport,Aston Martin Vantage AMR,LMGTE Am,,Algarve,8,2021,272,8:00:58.435,28 Laps,1 Laps,Michelin,Classified,271.0,1:40.275,167.0,Ben KEATING,Dylan PEREIRA,Felipe FRAGA,2021_Algarve,LMGTE Am,GT (GTE Pro/Am),100.275
GR Racing #86,26,9,GR Racing,Porsche 911 RSR - 19,LMGTE Am,,Algarve,8,2021,271,8:00:29.488,29 Laps,1 Laps,Michelin,Classified,229.0,1:39.581,168.2,Michael WAINWRIGHT,Benjamin BARKER,Tom GAMBLE,2021_Algarve,LMGTE Am,GT (GTE Pro/Am),99.581
Dempsey - Proton Racing #88,27,10,Dempsey - Proton Racing,Porsche 911 RSR - 19,LMGTE Am,,Algarve,8,2021,269,8:00:46.324,31 Laps,2 Laps,Michelin,Classified,202.0,1:39.403,168.5,Dominique BASTIEN,Marco SEEFRIED,Julien ANDLAUER,2021_Algarve,LMGTE Am,GT (GTE Pro/Am),99.40299999999999
AF Corse #83,28,11,AF Corse,Ferrari 488 GTE Evo,LMGTE Am,,Algarve,8,2021,267,8:00:46.023,33 Laps,2 Laps,Michelin,Classified,221.0,1:39.961,167.6,François PERRODO,Nicklas NIELSEN,Alessio ROVERA,2021_Algarve,LMGTE Am,GT (GTE Pro/Am),99.961
ARC Bratislava #44,29,11,ARC Bratislava,Ligier JSP217 - Gibson,LMP2,P/A,Algarve,8,2021,261,8:01:07.754,39 Laps,6 Laps,Goodyear,Classified,161.0,1:34.650,177.0,Miroslav KONOPKA,Oliver WEBB,Thomas JACKSON,2021_Algarve,LMP2,LMP2,94.65
Glickenhaus Racing #709,30,4,Glickenhaus Racing,Glickenhaus 007 LMH,HYPERCAR,,Algarve,8,2021,246,8:00:18.660,54 Laps,15 Laps,Michelin,Classified,197.0,1:32.451,181.2,Ryan BRISCOE,Romain DUMAS,Richard WESTBROOK,2021_Algarve,Hypercar,Top Class (LMP1/Hypercar),92.451
Dempsey - Proton Racing #77,31,12,Dempsey - Proton Racing,Porsche 911 RSR - 19,LMGTE Am,,Algarve,8,2021,88,2:38:37.830,212 Laps,158 Laps,Michelin,Not classified,68.0,1:40.543,166.6,Christian RIED,Jaxon EVANS,Matt CAMPBELL,2021_Algarve,LMGTE Am,GT (GTE Pro/Am),100.543
D'Station Racing #777,32,13,D'Station Racing,Aston Martin Vantage AMR,LMGTE Am,,Algarve,8,2021,69,2:02:10.649,231 Laps,19 Laps,Michelin,Not classified,6.0,1:41.392,165.2,Satoshi HOSHINO,Tomonobu FUJII,Andrew WATSON,2021_Algarve,LMGTE Am,GT (GTE Pro/Am),101.392
Toyota Gazoo Racing #7,1,1,Toyota Gazoo Racing,Toyota GR010 HYBRID,HYPERCAR,H,LeMans,24,2021,371,24:00:50.768,,,Michelin,Classified,161.0,3:27.734,236.1,Mike CONWAY,Kamui KOBAYASHI,Jose Maria LOPEZ,2021_LeMans,Hypercar,Top Class (LMP1/Hypercar),207.734
Toyota Gazoo Racing #8,2,2,Toyota Gazoo Racing,Toyota GR010 HYBRID,HYPERCAR,H,LeMans,24,2021,369,24:00:50.861,2 Laps,2 Laps,Michelin,Classified,60.0,3:27.607,236.3,Sébastien BUEMI,Kazuki NAKAJIMA,Brendon HARTLEY,2021_LeMans,Hypercar,Top Class (LMP1/Hypercar),207.607
Alpine Elf Matmut #36,3,3,Alpine Elf Matmut,Alpine A480 - Gibson,HYPERCAR,,LeMans,24,2021,367,24:01:13.643,4 Laps,2 Laps,Michelin,Classified,322.0,3:28.994,234.7,André NEGRÃO,Nicolas LAPIERRE,Matthieu VAXIVIERE,2021_LeMans,Hypercar,Top Class (LMP1/Hypercar),208.994
Glickenhaus Racing #708,4,4,Glickenhaus Racing,Glickenhaus 007 LMH,HYPERCAR,,LeMans,24,2021,367,24:03:47.746,4 Laps,2'34.103,Michelin,Classified,342.0,3:30.102,233.5,Luis Felipe DERANI,Franck MAILLEUX,Olivier PLA,2021_LeMans,Hypercar,Top Class (LMP1/Hypercar),210.102
Glickenhaus Racing #709,5,5,Glickenhaus Racing,Glickenhaus 007 LMH,HYPERCAR,,LeMans,24,2021,364,24:03:08.937,7 Laps,3 Laps,Michelin,Classified,275.0,3:29.427,234.2,Ryan BRISCOE,Richard WESTBROOK,Romain DUMAS,2021_LeMans,Hypercar,Top Class (LMP1/Hypercar),209.427
Team WRT #31,6,1,Team WRT,Oreca 07 - Gibson,LMP2,,LeMans,24,2021,363,24:00:53.576,8 Laps,1 Laps,Goodyear,Classified,253.0,3:33.494,229.8,Robin FRIJNS,Ferdinand HABSBURG,Charles MILESI,2021_LeMans,LMP2,LMP2,213.494
JOTA #28,7,2,JOTA,Oreca 07 - Gibson,LMP2,,LeMans,24,2021,363,24:00:54.303,8 Laps,0.727,Goodyear,Classified,337.0,3:31.703,231.7,Sean GELAEL,Stoffel VANDOORNE,Tom BLOMQVIST,2021_LeMans,LMP2,LMP2,211.703
Panis Racing #65,8,3,Panis Racing,Oreca 07 - Gibson,LMP2,,LeMans,24,2021,362,24:02:56.556,9 Laps,1 Laps,Goodyear,Classified,349.0,3:31.096,232.4,Julien CANAL,Will STEVENS,James ALLEN,2021_LeMans,LMP2,LMP2,211.096
United Autosports #23,9,4,United Autosports,Oreca 07 - Gibson,LMP2,,LeMans,24,2021,361,24:04:26.714,10 Laps,1 Laps,Goodyear,Classified,311.0,3:33.013,230.3,Paul DI RESTA,Alexander LYNN,Wayne BOYD,2021_LeMans,LMP2,LMP2,213.013
Inter Europol Competition #34,10,5,Inter Europol Competition,Oreca 07 - Gibson,LMP2,,LeMans,24,2021,360,24:01:38.757,11 Laps,1 Laps,Goodyear,Classified,322.0,3:31.663,231.8,Jakub SMIECHOWSKI,Renger VAN DER ZANDE,Alex BRUNDLE,2021_LeMans,LMP2,LMP2,211.663
IDEC Sport #48,11,6,IDEC Sport,Oreca 07 - Gibson,LMP2,,LeMans,24,2021,359,24:02:12.856,12 Laps,1 Laps,Goodyear,Classified,319.0,3:31.734,231.7,Paul LAFARGUE,Paul Loup CHATIN,Patrick PILET,2021_LeMans,LMP2,LMP2,211.734
G-Drive Racing #26,12,7,G-Drive Racing,Aurus 01 - Gibson,LMP2,,LeMans,24,2021,358,24:01:22.547,13 Laps,1 Laps,Goodyear,Classified,308.0,3:31.435,232.0,Roman RUSINOV,Franco COLAPINTO,Nyck DE VRIES,2021_LeMans,LMP2,LMP2,211.435
JOTA #38,13,8,JOTA,Oreca 07 - Gibson,LMP2,,LeMans,24,2021,358,24:02:09.758,13 Laps,47.211,Goodyear,Classified,268.0,3:32.288,231.1,Roberto GONZALEZ,Antonio Felix DA COSTA,Anthony DAVIDSON,2021_LeMans,LMP2,LMP2,212.288
Duqueine Team #30,14,9,Duqueine Team,Oreca 07 - Gibson,LMP2,,LeMans,24,2021,357,24:00:54.199,14 Laps,1 Laps,Goodyear,Classified,327.0,3:33.743,229.5,René BINDER,Guillermo ROJAS,Tristan GOMMENDY,2021_LeMans,LMP2,LMP2,213.743
DragonSpeed USA #21,15,10,DragonSpeed USA,Oreca 07 - Gibson,LMP2,P/A,LeMans,24,2021,356,24:01:29.753,15 Laps,1 Laps,Goodyear,Classified,320.0,3:33.995,229.2,Henrik HEDMAN,Ben HANLEY,Juan Pablo MONTOYA,2021_LeMans,LMP2,LMP2,213.995
Racing Team Nederland #29,16,11,Racing Team Nederland,Oreca 07 - Gibson,LMP2,P/A,LeMans,24,2021,356,24:01:59.005,15 Laps,29.252,Goodyear,Classified,348.0,3:33.086,230.2,Frits VAN EERD,Giedo VAN DER GARDE,Job VAN UITERT,2021_LeMans,LMP2,LMP2,213.086
Realteam Racing #70,17,12,Realteam Racing,Oreca 07 - Gibson,LMP2,P/A,LeMans,24,2021,356,24:03:49.671,15 Laps,1'50.666,Goodyear,Classified,224.0,3:34.283,228.9,Esteban GARCIA,Loïc DUVAL,Norman NATO,2021_LeMans,LMP2,LMP2,214.28300000000002
High Class Racing #20,18,13,High Class Racing,Oreca 07 - Gibson,LMP2,P/A,LeMans,24,2021,353,24:01:47.930,18 Laps,3 Laps,Goodyear,Classified,331.0,3:33.598,229.7,Dennis ANDERSEN,Ricky TAYLOR,Marco SØRENSEN,2021_LeMans,LMP2,LMP2,213.598
SO24-Dirob by Graff #39,19,14,SO24-Dirob by Graff,Oreca 07 - Gibson,LMP2,P/A,LeMans,24,2021,352,24:02:21.811,19 Laps,1 Laps,Goodyear,Classified,330.0,3:35.650,227.5,Vincent CAPILLAIRE,Arnold ROBIN,Maxime ROBIN,2021_LeMans,LMP2,LMP2,215.65
AF Corse #51,20,1,AF Corse,Ferrari 488 GTE Evo,LMGTE Pro,,LeMans,24,2021,345,24:00:53.654,26 Laps,7 Laps,Michelin,Classified,288.0,3:47.818,215.3,Alessandro PIER GUIDI,James CALADO,Côme LEDOGAR,2021_LeMans,LMGTE Pro,GT (GTE Pro/Am),227.81799999999998
Corvette Racing #63,21,2,Corvette Racing,Chevrolet Corvette C8.R,LMGTE Pro,,LeMans,24,2021,345,24:01:35.340,26 Laps,41.686,Michelin,Classified,277.0,3:47.716,215.4,Antonio GARCIA,Jordan TAYLOR,Nicky CATSBURG,2021_LeMans,LMGTE Pro,GT (GTE Pro/Am),227.716
Porsche GT Team #92,22,3,Porsche GT Team,Porsche 911 RSR - 19,LMGTE Pro,,LeMans,24,2021,344,24:04:19.356,27 Laps,1 Laps,Michelin,Classified,295.0,3:48.366,214.8,Kevin ESTRE,Neel JANI,Michael CHRISTENSEN,2021_LeMans,LMGTE Pro,GT (GTE Pro/Am),228.36599999999999
Porsche GT Team #91,23,4,Porsche GT Team,Porsche 911 RSR - 19,LMGTE Pro,,LeMans,24,2021,343,24:04:02.596,28 Laps,1 Laps,Michelin,Classified,259.0,3:48.895,214.3,Gianmaria BRUNI,Richard LIETZ,Frédéric MAKOWIECKI,2021_LeMans,LMGTE Pro,GT (GTE Pro/Am),228.895
ARC Bratislava #44,24,15,ARC Bratislava,Oreca 07 - Gibson,LMP2,P/A,LeMans,24,2021,342,24:01:29.078,29 Laps,1 Laps,Goodyear,Classified,281.0,3:33.748,229.5,Miroslav KONOPKA,Oliver WEBB,Matej KONOPKA,2021_LeMans,LMP2,LMP2,213.748
AF Corse #83,25,1,AF Corse,Ferrari 488 GTE Evo,LMGTE Am,,LeMans,24,2021,340,24:04:24.967,31 Laps,2 Laps,Michelin,Classified,157.0,3:50.943,212.4,François PERRODO,Nicklas NIELSEN,Alessio ROVERA,2021_LeMans,LMGTE Am,GT (GTE Pro/Am),230.94299999999998
TF Sport #33,26,2,TF Sport,Aston Martin Vantage AMR,LMGTE Am,,LeMans,24,2021,339,24:02:05.682,32 Laps,1 Laps,Michelin,Classified,269.0,3:49.707,213.5,Ben KEATING,Dylan PEREIRA,Felipe FRAGA,2021_LeMans,LMGTE Am,GT (GTE Pro/Am),229.707
Iron Lynx #80,27,3,Iron Lynx,Ferrari 488 GTE Evo,LMGTE Am,,LeMans,24,2021,338,24:01:50.393,33 Laps,1 Laps,Michelin,Classified,202.0,3:51.237,212.1,Matteo CRESSONI,Rino MASTRONARDI,Callum ILOTT,2021_LeMans,LMGTE Am,GT (GTE Pro/Am),231.237
Racing Team India Eurasia #74,28,16,Racing Team India Eurasia,Ligier JSP217 - Gibson,LMP2,P/A,LeMans,24,2021,338,24:03:57.555,33 Laps,2'07.162,Goodyear,Classified,260.0,3:38.722,224.3,James WINSLOW,John CORBETT,Tom CLOET,2021_LeMans,LMP2,LMP2,218.722
High Class Racing #49,29,17,High Class Racing,Oreca 07 - Gibson,LMP2,,LeMans,24,2021,336,24:01:47.968,35 Laps,2 Laps,Goodyear,Classified,272.0,3:34.444,228.7,Anders FJORDBACH,Jan MAGNUSSEN,Kevin MAGNUSSEN,2021_LeMans,LMP2,LMP2,214.44400000000002
Iron Lynx #60,30,4,Iron Lynx,Ferrari 488 GTE Evo,LMGTE Am,,LeMans,24,2021,335,24:02:55.737,36 Laps,1 Laps,Michelin,Classified,184.0,3:52.188,211.3,Claudio SCHIAVONI,Paolo RUBERTI,Raffaele GIAMMARIA,2021_LeMans,LMGTE Am,GT (GTE Pro/Am),232.188
Dempsey - Proton Racing #77,31,5,Dempsey - Proton Racing,Porsche 911 RSR - 19,LMGTE Am,,LeMans,24,2021,335,24:03:28.782,36 Laps,33.045,Michelin,Classified,251.0,3:52.722,210.8,Christian RIED,Jaxon EVANS,Matt CAMPBELL,2021_LeMans,LMGTE Am,GT (GTE Pro/Am),232.722
Association SRT41 #84,32,1,Association SRT41,Oreca 07 - Gibson,INNOVATIVE CAR,,LeMans,24,2021,334,24:03:22.554,37 Laps,1 Laps,Goodyear,Classified,257.0,3:37.066,226.0,Takuma AOKI,Nigel BAILLY,Matthieu LAHAYE,2021_LeMans,Experimental,Experimental,217.066
D'Station Racing #777,33,6,D'Station Racing,Aston Martin Vantage AMR,LMGTE Am,,LeMans,24,2021,333,24:01:20.816,38 Laps,1 Laps,Michelin,Classified,276.0,3:51.731,211.7,Satoshi HOSHINO,Tomonobu FUJII,Andrew WATSON,2021_LeMans,LMGTE Am,GT (GTE Pro/Am),231.731
Absolute Racing #18,34,7,Absolute Racing,Porsche 911 RSR - 19,LMGTE Am,,LeMans,24,2021,332,24:00:54.484,39 Laps,1 Laps,Michelin,Classified,321.0,3:51.384,212.0,Andrew HARYANTO,Alessio PICARIELLO,Marco SEEFRIED,2021_LeMans,LMGTE Am,GT (GTE Pro/Am),231.38400000000001
TF Sport #95,35,8,TF Sport,Aston Martin Vantage AMR,LMGTE Am,,LeMans,24,2021,332,24:01:21.055,39 Laps,26.571,Michelin,Classified,320.0,3:50.870,212.5,John HARTSHORNE,Oliver HANCOCK,Ross GUNN,2021_LeMans,LMGTE Am,GT (GTE Pro/Am),230.87
Iron Lynx #85,36,9,Iron Lynx,Ferrari 488 GTE Evo,LMGTE Am,,LeMans,24,2021,332,24:03:14.207,39 Laps,1'53.152,Michelin,Classified,114.0,3:52.043,211.4,Rahel FREY,Sarah BOVY,Michelle GATTING,2021_LeMans,LMGTE Am,GT (GTE Pro/Am),232.043
AF Corse #52,37,5,AF Corse,Ferrari 488 GTE Evo,LMGTE Pro,,LeMans,24,2021,331,24:03:27.666,40 Laps,1 Laps,Michelin,Classified,291.0,3:47.809,215.3,Daniel SERRA,Miguel MOLINA,Sam BIRD,2021_LeMans,LMGTE Pro,GT (GTE Pro/Am),227.809
Herberth Motorsport #69,38,10,Herberth Motorsport,Porsche 911 RSR - 19,LMGTE Am,,LeMans,24,2021,330,24:01:35.871,41 Laps,1 Laps,Michelin,Classified,281.0,3:54.746,209.0,Robert RENAUER,Ralf BOHN,Rolf INEICHEN,2021_LeMans,LMGTE Am,GT (GTE Pro/Am),234.746
AF Corse #54,39,11,AF Corse,Ferrari 488 GTE Evo,LMGTE Am,,LeMans,24,2021,329,24:04:15.815,42 Laps,1 Laps,Michelin,Classified,245.0,3:50.696,212.6,Thomas FLOHR,Giancarlo FISICHELLA,Francesco CASTELLACCI,2021_LeMans,LMGTE Am,GT (GTE Pro/Am),230.696
United Autosports USA #22,40,18,United Autosports USA,Oreca 07 - Gibson,LMP2,,LeMans,24,2021,328,24:01:51.294,43 Laps,1 Laps,Goodyear,Classified,324.0,3:32.263,231.1,Philip HANSON,Fabio SCHERER,Filipe ALBUQUERQUE,2021_LeMans,LMP2,LMP2,212.263
Inception Racing #71,41,12,Inception Racing,Ferrari 488 GTE Evo,LMGTE Am,,LeMans,24,2021,327,24:00:58.759,44 Laps,1 Laps,Michelin,Classified,186.0,3:50.863,212.5,Brendan IRIBE,Ollie MILLROY,Ben BARNICOAT,2021_LeMans,LMGTE Am,GT (GTE Pro/Am),230.863
Dempsey - Proton Racing #88,42,13,Dempsey - Proton Racing,Porsche 911 RSR - 19,LMGTE Am,,LeMans,24,2021,327,24:02:04.599,44 Laps,1'05.840,Michelin,Classified,205.0,3:51.807,211.6,Julien ANDLAUER,Dominique BASTIEN,Lance ARNOLD,2021_LeMans,LMGTE Am,GT (GTE Pro/Am),231.80700000000002
GR Racing #86,43,14,GR Racing,Porsche 911 RSR - 19,LMGTE Am,,LeMans,24,2021,322,24:02:59.412,49 Laps,5 Laps,Michelin,Classified,299.0,3:51.084,212.3,Michael WAINWRIGHT,Benjamin BARKER,Tom GAMBLE,2021_LeMans,LMGTE Am,GT (GTE Pro/Am),231.084
Corvette Racing #64,44,6,Corvette Racing,Chevrolet Corvette C8.R,LMGTE Pro,,LeMans,24,2021,313,24:04:09.820,58 Laps,9 Laps,Michelin,Classified,273.0,3:47.501,215.6,Tommy MILNER,Nicholas TANDY,Alexander SIMS,2021_LeMans,LMGTE Pro,GT (GTE Pro/Am),227.501
Team WRT #41,45,19,Team WRT,Oreca 07 - Gibson,LMP2,,LeMans,24,2021,362,23:56:37.967,9 Laps,-49 Laps,Goodyear,Not classified,335.0,3:31.887,231.5,Robert KUBICA,Louis DELETRAZ,Yifei YE,2021_LeMans,LMP2,LMP2,211.887
Risi Competizione #82,46,20,Risi Competizione,Oreca 07 - Gibson,LMP2,,LeMans,24,2021,275,19:08:27.205,96 Laps,87 Laps,Goodyear,Not classified,261.0,3:31.646,231.8,Ryan CULLEN,Oliver JARVIS,Felipe NASR,2021_LeMans,LMP2,LMP2,211.64600000000002
Rinaldi Racing #388,47,15,Rinaldi Racing,Ferrari 488 GTE Evo,LMGTE Am,,LeMans,24,2021,271,20:21:46.823,100 Laps,4 Laps,Michelin,Retired,137.0,3:52.113,211.3,Pierre EHRET,Christian HOOK,Jeroen BLEEKEMOLEN,2021_LeMans,LMGTE Am,GT (GTE Pro/Am),232.113
PR1 Motorsports Mathiasen #24,48,21,PR1 Motorsports Mathiasen,Oreca 07 - Gibson,LMP2,P/A,LeMans,24,2021,261,19:28:50.174,110 Laps,10 Laps,Goodyear,Retired,225.0,3:33.805,229.4,Patrick KELLY,Gabriel AUBRY,Simon TRUMMER,2021_LeMans,LMP2,LMP2,213.805
Hub Auto Racing #72,49,7,Hub Auto Racing,Porsche 911 RSR - 19,LMGTE Pro,,LeMans,24,2021,227,16:26:23.653,144 Laps,34 Laps,Michelin,Retired,219.0,3:50.923,212.4,Dries VANTHOOR,Alvaro PARENTE,Maxime MARTIN,2021_LeMans,LMGTE Pro,GT (GTE Pro/Am),230.923
WeatherTech Racing #79,50,8,WeatherTech Racing,Porsche 911 RSR - 19,LMGTE Pro,,LeMans,24,2021,139,10:27:21.538,232 Laps,88 Laps,Michelin,Retired,18.0,3:49.579,213.7,Cooper MACNEIL,Earl BAMBER,Laurens VANTHOOR,2021_LeMans,LMGTE Pro,GT (GTE Pro/Am),229.579
Team Project 1 #46,51,16,Team Project 1,Porsche 911 RSR - 19,LMGTE Am,,LeMans,24,2021,138,10:48:47.118,233 Laps,1 Laps,Michelin,Retired,18.0,3:54.418,209.3,Dennis OLSEN,Anders BUCHARDT,Robert FOLEY,2021_LeMans,LMGTE Am,GT (GTE Pro/Am),234.418
Kessel Racing #57,52,17,Kessel Racing,Ferrari 488 GTE Evo,LMGTE Am,,LeMans,24,2021,128,9:46:32.228,243 Laps,10 Laps,Michelin,Retired,21.0,3:51.064,212.3,Takeshi KIMURA,Scott ANDREWS,Mikkel JENSEN,2021_LeMans,LMGTE Am,GT (GTE Pro/Am),231.064
JMW Motorsport #66,53,18,JMW Motorsport,Ferrari 488 GTE Evo,LMGTE Am,,LeMans,24,2021,117,9:20:35.788,254 Laps,11 Laps,Michelin,Retired,45.0,3:52.744,210.8,Thomas NEUBAUER,Rodrigo SALES,Jody FANNIN,2021_LeMans,LMGTE Am,GT (GTE Pro/Am),232.744
Spirit of Race #55,54,19,Spirit of Race,Ferrari 488 GTE Evo,LMGTE Am,,LeMans,24,2021,109,8:36:05.287,262 Laps,8 Laps,Michelin,Retired,22.0,3:52.793,210.7,Duncan CAMERON,David PEREL,Matthew GRIFFIN,2021_LeMans,LMGTE Am,GT (GTE Pro/Am),232.793
G-Drive Racing #25,55,22,G-Drive Racing,Aurus 01 - Gibson,LMP2,P/A,LeMans,24,2021,108,7:57:54.957,263 Laps,1 Laps,Goodyear,Retired,26.0,3:35.212,227.9,John FALB,Roberto MERHI,Rui ANDRADE,2021_LeMans,LMP2,LMP2,215.212
Cetilar Racing #47,56,20,Cetilar Racing,Ferrari 488 GTE Evo,LMGTE Am,,LeMans,24,2021,90,6:56:22.572,281 Laps,18 Laps,Michelin,Retired,20.0,3:51.354,212.0,Roberto LACORTE,Giorgio SERNAGIOTTO,Antonio FUOCO,2021_LeMans,LMGTE Am,GT (GTE Pro/Am),231.35399999999998
Team Project 1 #56,57,21,Team Project 1,Porsche 911 RSR - 19,LMGTE Am,,LeMans,24,2021,84,6:20:24.435,287 Laps,6 Laps,Michelin,Retired,23.0,3:52.210,211.2,Egidio PERFETTI,Matteo CAIROLI,Riccardo PERA,2021_LeMans,LMGTE Am,GT (GTE Pro/Am),232.21
United Autosports #32,58,23,United Autosports,Oreca 07 - Gibson,LMP2,,LeMans,24,2021,75,5:10:04.179,296 Laps,9 Laps,Goodyear,Retired,48.0,3:34.196,229.0,Nicolas JAMIN,Jonathan ABERDEIN,Manuel MALDONADO,2021_LeMans,LMP2,LMP2,214.196
Richard Mille Racing Team #1,59,24,Richard Mille Racing Team,Oreca 07 - Gibson,LMP2,,LeMans,24,2021,74,5:05:41.433,297 Laps,1 Laps,Goodyear,Retired,20.0,3:35.137,228.0,Tatiana CALDERON,Sophia FLOERSCH,Beitske VISSER,2021_LeMans,LMP2,LMP2,215.137
Proton Competition #99,60,22,Proton Competition,Porsche 911 RSR - 19,LMGTE Am,,LeMans,24,2021,66,4:54:53.633,305 Laps,8 Laps,Michelin,Retired,41.0,3:53.285,210.3,Harry TINCKNELL,Vuttikhorn INTHRAPHUVASAK,Florian LATORRE,2021_LeMans,LMGTE Am,GT (GTE Pro/Am),233.285
Aston Martin Racing #98,61,23,Aston Martin Racing,Aston Martin Vantage AMR,LMGTE Am,,LeMans,24,2021,45,3:11:43.090,326 Laps,21 Laps,Michelin,Retired,20.0,3:51.740,211.7,Paul DALLA LANA,Nicki THIIM,Marcos GOMES,2021_LeMans,LMGTE Am,GT (GTE Pro/Am),231.74
Toyota Gazoo Racing #8,1,1,Toyota Gazoo Racing,Toyota GR010 HYBRID,HYPERCAR,H,Spa,6,2021,162,6:00:17.733,,,Michelin,Classified,140.0,2:03.930,203.5,Sébastien BUEMI,Kazuki NAKAJIMA,Brendon HARTLEY,2021_Spa,Hypercar,Top Class (LMP1/Hypercar),123.93
Alpine Elf Matmut #36,2,2,Alpine Elf Matmut,Alpine A480 - Gibson,HYPERCAR,,Spa,6,2021,162,6:01:24.929,1'07.196,1'07.196,Michelin,Classified,89.0,2:04.822,202.0,André NEGRÃO,Nicolas LAPIERRE,Matthieu VAXIVIERE,2021_Spa,Hypercar,Top Class (LMP1/Hypercar),124.822
Toyota Gazoo Racing #7,3,3,Toyota Gazoo Racing,Toyota GR010 HYBRID,HYPERCAR,H,Spa,6,2021,161,6:00:46.363,1 Laps,1 Laps,Michelin,Classified,155.0,2:05.030,201.7,Mike CONWAY,Kamui KOBAYASHI,Jose Maria LOPEZ,2021_Spa,Hypercar,Top Class (LMP1/Hypercar),125.03
United Autosports USA #22,4,1,United Autosports USA,Oreca 07 - Gibson,LMP2,,Spa,6,2021,161,6:01:55.453,1 Laps,1'09.090,Goodyear,Classified,2.0,2:05.605,200.7,Philip HANSON,Fabio SCHERER,Filipe ALBUQUERQUE,2021_Spa,LMP2,LMP2,125.605
JOTA #38,5,2,JOTA,Oreca 07 - Gibson,LMP2,,Spa,6,2021,160,6:00:47.699,2 Laps,1 Laps,Goodyear,Classified,43.0,2:06.543,199.3,Roberto GONZALEZ,Antonio Felix DA COSTA,Anthony DAVIDSON,2021_Spa,LMP2,LMP2,126.543
JOTA #28,6,3,JOTA,Oreca 07 - Gibson,LMP2,,Spa,6,2021,160,6:00:59.804,2 Laps,12.105,Goodyear,Classified,113.0,2:06.819,198.8,Sean GELAEL,Stoffel VANDOORNE,Tom BLOMQVIST,2021_Spa,LMP2,LMP2,126.819
Racing Team Nederland #29,7,4,Racing Team Nederland,Oreca 07 - Gibson,LMP2,P/A,Spa,6,2021,159,6:00:32.548,3 Laps,1 Laps,Goodyear,Classified,122.0,2:06.384,199.5,Frits VAN EERD,Giedo VAN DER GARDE,Job VAN UITERT,2021_Spa,LMP2,LMP2,126.384
Inter Europol Competition #34,8,5,Inter Europol Competition,Oreca 07 - Gibson,LMP2,,Spa,6,2021,159,6:02:06.270,3 Laps,1'33.722,Goodyear,Classified,79.0,2:07.012,198.5,Jakub SMIECHOWSKI,Renger VAN DER ZANDE,Alex BRUNDLE,2021_Spa,LMP2,LMP2,127.012
Realteam Racing #70,9,6,Realteam Racing,Oreca 07 - Gibson,LMP2,P/A,Spa,6,2021,158,6:00:58.103,4 Laps,1 Laps,Goodyear,Classified,35.0,2:06.434,199.4,Esteban GARCIA,Loïc DUVAL,Norman NATO,2021_Spa,LMP2,LMP2,126.434
DragonSpeed USA #21,10,7,DragonSpeed USA,Oreca 07 - Gibson,LMP2,P/A,Spa,6,2021,158,6:01:00.342,4 Laps,2.239,Goodyear,Classified,82.0,2:06.392,199.5,Henrik HEDMAN,Juan Pablo MONTOYA,Ben HANLEY,2021_Spa,LMP2,LMP2,126.392
Richard Mille Racing Team #1,11,8,Richard Mille Racing Team,Oreca 07 - Gibson,LMP2,,Spa,6,2021,158,6:02:22.851,4 Laps,1'22.509,Goodyear,Classified,83.0,2:08.144,196.8,Tatiana CALDERON,Sophia FLOERSCH,Beitske VISSER,2021_Spa,LMP2,LMP2,128.144
High Class Racing #20,12,9,High Class Racing,Oreca 07 - Gibson,LMP2,P/A,Spa,6,2021,157,6:00:23.109,5 Laps,1 Laps,Goodyear,Classified,121.0,2:07.231,198.2,Jan MAGNUSSEN,Anders FJORDBACH,Dennis ANDERSEN,2021_Spa,LMP2,LMP2,127.231
G-Drive Racing #25,13,10,G-Drive Racing,Aurus 01 - Gibson,LMP2,P/A,Spa,6,2021,157,6:01:11.900,5 Laps,48.791,Goodyear,Classified,52.0,2:07.442,197.8,John FALB,Rui ANDRADE,Roberto MERHI,2021_Spa,LMP2,LMP2,127.44200000000001
PR1 Motorsports #24,14,11,PR1 Motorsports,Oreca 07 - Gibson,LMP2,P/A,Spa,6,2021,157,6:01:16.839,5 Laps,4.939,Goodyear,Classified,43.0,2:07.333,198.0,Patrick KELLY,Gabriel AUBRY,Simon TRUMMER,2021_Spa,LMP2,LMP2,127.333
Porsche GT Team #92,15,1,Porsche GT Team,Porsche 911 RSR - 19,LMGTE Pro,,Spa,6,2021,153,6:00:39.401,9 Laps,4 Laps,Michelin,Classified,4.0,2:13.658,188.6,Kevin ESTRE,Neel JANI,,2021_Spa,LMGTE Pro,GT (GTE Pro/Am),133.658
AF Corse #51,16,2,AF Corse,Ferrari 488 GTE Evo,LMGTE Pro,,Spa,6,2021,153,6:01:14.037,9 Laps,34.636,Michelin,Classified,55.0,2:14.577,187.4,Alessandro PIER GUIDI,James CALADO,,2021_Spa,LMGTE Pro,GT (GTE Pro/Am),134.577
AF Corse #52,17,3,AF Corse,Ferrari 488 GTE Evo,LMGTE Pro,,Spa,6,2021,153,6:02:28.427,9 Laps,1'14.390,Michelin,Classified,2.0,2:14.785,187.1,Daniel SERRA,Miguel MOLINA,,2021_Spa,LMGTE Pro,GT (GTE Pro/Am),134.785
Corvette Racing #63,18,4,Corvette Racing,Chevrolet Corvette C8.R,LMGTE Pro,,Spa,6,2021,152,6:01:03.835,10 Laps,1 Laps,Michelin,Classified,128.0,2:14.622,187.3,Antonio GARCIA,Oliver GAVIN,,2021_Spa,LMGTE Pro,GT (GTE Pro/Am),134.622
Porsche GT Team #91,19,5,Porsche GT Team,Porsche 911 RSR - 19,LMGTE Pro,,Spa,6,2021,152,6:01:20.845,10 Laps,17.010,Michelin,Classified,124.0,2:14.631,187.3,Gianmaria BRUNI,Richard LIETZ,,2021_Spa,LMGTE Pro,GT (GTE Pro/Am),134.631
AF Corse #83,20,1,AF Corse,Ferrari 488 GTE Evo,LMGTE Am,,Spa,6,2021,152,6:01:37.303,10 Laps,16.458,Michelin,Classified,80.0,2:14.111,188.0,François PERRODO,Nicklas NIELSEN,Alessio ROVERA,2021_Spa,LMGTE Am,GT (GTE Pro/Am),134.111
TF Sport #33,21,2,TF Sport,Aston Martin Vantage AMR,LMGTE Am,,Spa,6,2021,152,6:02:21.764,10 Laps,44.461,Michelin,Classified,57.0,2:14.598,187.3,Ben KEATING,Dylan PEREIRA,Felipe FRAGA,2021_Spa,LMGTE Am,GT (GTE Pro/Am),134.598
Cetilar Racing #47,22,3,Cetilar Racing,Ferrari 488 GTE Evo,LMGTE Am,,Spa,6,2021,151,6:01:25.630,11 Laps,1 Laps,Michelin,Classified,133.0,2:14.694,187.2,Roberto LACORTE,Giorgio SERNAGIOTTO,Antonio FUOCO,2021_Spa,LMGTE Am,GT (GTE Pro/Am),134.694
AF Corse #54,23,4,AF Corse,Ferrari 488 GTE Evo,LMGTE Am,,Spa,6,2021,151,6:01:34.474,11 Laps,8.844,Michelin,Classified,79.0,2:14.149,188.0,Thomas FLOHR,Francesco CASTELLACCI,Giancarlo FISICHELLA,2021_Spa,LMGTE Am,GT (GTE Pro/Am),134.149
Dempsey - Proton Racing #88,24,5,Dempsey - Proton Racing,Porsche 911 RSR - 19,LMGTE Am,,Spa,6,2021,151,6:01:52.403,11 Laps,17.929,Michelin,Classified,134.0,2:14.719,187.2,Andrew HARYANTO,Marco SEEFRIED,Alessio PICARIELLO,2021_Spa,LMGTE Am,GT (GTE Pro/Am),134.719
Aston Martin Racing #98,25,6,Aston Martin Racing,Aston Martin Vantage AMR,LMGTE Am,,Spa,6,2021,151,6:02:24.865,11 Laps,32.462,Michelin,Classified,81.0,2:15.093,186.6,Paul DALLA LANA,Augusto FARFUS,Marcos GOMES,2021_Spa,LMGTE Am,GT (GTE Pro/Am),135.093
D'Station Racing #777,26,7,D'Station Racing,Aston Martin Vantage AMR,LMGTE Am,,Spa,6,2021,150,6:00:22.375,12 Laps,1 Laps,Michelin,Classified,107.0,2:14.946,186.8,Satoshi HOSHINO,Tomonobu FUJII,Andrew WATSON,2021_Spa,LMGTE Am,GT (GTE Pro/Am),134.946
Iron Lynx #85,27,8,Iron Lynx,Ferrari 488 GTE Evo,LMGTE Am,,Spa,6,2021,150,6:01:53.357,12 Laps,1'30.982,Michelin,Classified,55.0,2:15.121,186.6,Rahel FREY,Katherine LEGGE,Manuela GOSTNER,2021_Spa,LMGTE Am,GT (GTE Pro/Am),135.121
Iron Lynx #60,28,9,Iron Lynx,Ferrari 488 GTE Evo,LMGTE Am,,Spa,6,2021,149,6:00:38.128,13 Laps,1 Laps,Michelin,Classified,52.0,2:14.863,187.0,Claudio SCHIAVONI,Andrea PICCINI,Matteo CRESSONI,2021_Spa,LMGTE Am,GT (GTE Pro/Am),134.863
Team WRT #31,29,12,Team WRT,Oreca 07 - Gibson,LMP2,,Spa,6,2021,127,6:01:42.133,35 Laps,22 Laps,Goodyear,Classified,127.0,2:06.550,199.2,Robin FRIJNS,Ferdinand HABSBURG,Charles MILESI,2021_Spa,LMP2,LMP2,126.55
Dempsey - Proton Racing #77,30,10,Dempsey - Proton Racing,Porsche 911 RSR - 19,LMGTE Am,,Spa,6,2021,138,5:29:25.036,24 Laps,-11 Laps,Michelin,Not classified,107.0,2:15.210,186.5,Christian RIED,Jaxon EVANS,Matt CAMPBELL,2021_Spa,LMGTE Am,GT (GTE Pro/Am),135.21
G-Drive Racing #26,31,13,G-Drive Racing,Aurus 01 - Gibson,LMP2,,Spa,6,2021,125,4:40:45.426,37 Laps,13 Laps,Goodyear,Not classified,86.0,2:05.917,200.2,Roman RUSINOV,Franco COLAPINTO,Nick DE VRIES,2021_Spa,LMP2,LMP2,125.917
GR Racing #86,32,11,GR Racing,Porsche 911 RSR - 19,LMGTE Am,,Spa,6,2021,0,,162 Laps,125 Laps,Michelin,Retired,,,,Michael WAINWRIGHT,Benjamin BARKER,Tom GAMBLE,2021_Spa,LMGTE Am,GT (GTE Pro/Am),
ARC Bratislava #44,33,14,ARC Bratislava,Ligier JSP217 - Gibson,LMP2,P/A,Spa,6,2021,0,,162 Laps,,Goodyear,Retired,,,,Miroslav KONOPKA,Thomas JACKSON,Darren BURKE,2021_Spa,LMP2,LMP2,
Toyota Gazoo Racing #7,1,1,Toyota Gazoo Racing,Toyota GR010 HYBRID,HYPERCAR,H,Monza,6,2021,204,6:01:12.290,,,Michelin,Classified,181.0,1:36.951,215.1,Mike CONWAY,Kamui KOBAYASHI,Jose Maria LOPEZ,2021_Monza,Hypercar,Top Class (LMP1/Hypercar),96.951
Alpine Elf Matmut #36,2,2,Alpine Elf Matmut,Alpine A480 - Gibson,HYPERCAR,,Monza,6,2021,204,6:02:13.198,1'00.908,1'00.908,Michelin,Classified,127.0,1:37.544,213.8,André NEGRÃO,Nicolas LAPIERRE,Matthieu VAXIVIERE,2021_Monza,Hypercar,Top Class (LMP1/Hypercar),97.544
United Autosports USA #22,3,1,United Autosports USA,Oreca 07 - Gibson,LMP2,,Monza,6,2021,200,6:01:28.074,4 Laps,4 Laps,Goodyear,Classified,162.0,1:39.602,209.4,Philip HANSON,Fabio SCHERER,Filipe ALBUQUERQUE,2021_Monza,LMP2,LMP2,99.602
Glickenhaus Racing #709,4,3,Glickenhaus Racing,Glickenhaus 007 LMH,HYPERCAR,,Monza,6,2021,200,6:01:56.384,4 Laps,28.310,Michelin,Classified,119.0,1:37.265,214.4,Romain DUMAS,Franck MAILLEUX,Richard WESTBROOK,2021_Monza,Hypercar,Top Class (LMP1/Hypercar),97.265
Team WRT #31,5,2,Team WRT,Oreca 07 - Gibson,LMP2,,Monza,6,2021,200,6:02:25.770,4 Laps,29.386,Goodyear,Classified,4.0,1:39.782,209.0,Robin FRIJNS,Ferdinand HABSBURG,Charles MILESI,2021_Monza,LMP2,LMP2,99.782
Racing Team Nederland #29,6,3,Racing Team Nederland,Oreca 07 - Gibson,LMP2,P/A,Monza,6,2021,200,6:02:50.983,4 Laps,25.213,Goodyear,Classified,8.0,1:39.969,208.6,Frits VAN EERD,Paul Loup CHATIN,Nyck DE VRIES,2021_Monza,LMP2,LMP2,99.969
Inter Europol Competition #34,7,4,Inter Europol Competition,Oreca 07 - Gibson,LMP2,,Monza,6,2021,199,6:02:15.188,5 Laps,1 Laps,Goodyear,Classified,156.0,1:40.423,207.7,Jakub SMIECHOWSKI,Renger VAN DER ZANDE,Alex BRUNDLE,2021_Monza,LMP2,LMP2,100.423
JOTA #28,8,5,JOTA,Oreca 07 - Gibson,LMP2,,Monza,6,2021,199,6:02:27.670,5 Laps,12.482,Goodyear,Classified,108.0,1:40.221,208.1,Sean GELAEL,Stoffel VANDOORNE,Tom BLOMQVIST,2021_Monza,LMP2,LMP2,100.221
DragonSpeed USA #21,9,6,DragonSpeed USA,Oreca 07 - Gibson,LMP2,P/A,Monza,6,2021,199,6:02:51.647,5 Laps,23.977,Goodyear,Classified,62.0,1:39.915,208.7,Henrik HEDMAN,Juan Pablo MONTOYA,Ben HANLEY,2021_Monza,LMP2,LMP2,99.91499999999999
Realteam Racing #70,10,7,Realteam Racing,Oreca 07 - Gibson,LMP2,P/A,Monza,6,2021,198,6:01:20.443,6 Laps,1 Laps,Goodyear,Classified,82.0,1:39.912,208.7,Esteban GARCIA,Loïc DUVAL,Norman NATO,2021_Monza,LMP2,LMP2,99.912
Richard Mille Racing Team #1,11,8,Richard Mille Racing Team,Oreca 07 - Gibson,LMP2,,Monza,6,2021,198,6:02:22.632,6 Laps,1'02.189,Goodyear,Classified,167.0,1:40.843,206.8,Tatiana CALDERON,Sophia FLOERSCH,,2021_Monza,LMP2,LMP2,100.843
High Class Racing #20,12,9,High Class Racing,Oreca 07 - Gibson,LMP2,P/A,Monza,6,2021,197,6:02:13.670,7 Laps,1 Laps,Goodyear,Classified,7.0,1:40.915,206.7,Jan MAGNUSSEN,Anders FJORDBACH,Dennis ANDERSEN,2021_Monza,LMP2,LMP2,100.91499999999999
Risi Competizione #82,13,10,Risi Competizione,Oreca 07 - Gibson,LMP2,,Monza,6,2021,196,6:02:54.086,8 Laps,1 Laps,Goodyear,Classified,5.0,1:40.299,207.9,Ryan CULLEN,Oliver JARVIS,Felipe NASR,2021_Monza,LMP2,LMP2,100.299
ARC Bratislava #44,14,11,ARC Bratislava,Ligier JSP217 - Gibson,LMP2,P/A,Monza,6,2021,191,6:02:48.039,13 Laps,5 Laps,Goodyear,Classified,4.0,1:41.392,205.7,Miroslav KONOPKA,Oliver WEBB,Matej KONOPKA,2021_Monza,LMP2,LMP2,101.392
Porsche GT Team #92,15,1,Porsche GT Team,Porsche 911 RSR - 19,LMGTE Pro,,Monza,6,2021,190,6:01:17.213,14 Laps,1 Laps,Michelin,Classified,4.0,1:46.339,196.1,Kevin ESTRE,Neel JANI,,2021_Monza,LMGTE Pro,GT (GTE Pro/Am),106.339
AF Corse #51,16,2,AF Corse,Ferrari 488 GTE Evo,LMGTE Pro,,Monza,6,2021,190,6:01:49.316,14 Laps,32.103,Michelin,Classified,4.0,1:46.475,195.9,Alessandro PIER GUIDI,James CALADO,,2021_Monza,LMGTE Pro,GT (GTE Pro/Am),106.475
Porsche GT Team #91,17,3,Porsche GT Team,Porsche 911 RSR - 19,LMGTE Pro,,Monza,6,2021,190,6:02:08.359,14 Laps,19.043,Michelin,Classified,148.0,1:46.627,195.6,Gianmaria BRUNI,Richard LIETZ,,2021_Monza,LMGTE Pro,GT (GTE Pro/Am),106.62700000000001
AF Corse #52,18,4,AF Corse,Ferrari 488 GTE Evo,LMGTE Pro,,Monza,6,2021,190,6:02:11.784,14 Laps,3.425,Michelin,Classified,4.0,1:46.592,195.7,Daniel SERRA,Miguel MOLINA,,2021_Monza,LMGTE Pro,GT (GTE Pro/Am),106.592
AF Corse #83,19,1,AF Corse,Ferrari 488 GTE Evo,LMGTE Am,,Monza,6,2021,187,6:01:43.886,17 Laps,3 Laps,Michelin,Classified,6.0,1:46.917,195.1,François PERRODO,Nicklas NIELSEN,Alessio ROVERA,2021_Monza,LMGTE Am,GT (GTE Pro/Am),106.917
Aston Martin Racing #98,20,2,Aston Martin Racing,Aston Martin Vantage AMR,LMGTE Am,,Monza,6,2021,187,6:02:27.933,17 Laps,44.047,Michelin,Classified,183.0,1:47.129,194.7,Paul DALLA LANA,Augusto FARFUS,Marcos GOMES,2021_Monza,LMGTE Am,GT (GTE Pro/Am),107.12899999999999
D'Station Racing #777,21,3,D'Station Racing,Aston Martin Vantage AMR,LMGTE Am,,Monza,6,2021,187,6:02:28.732,17 Laps,0.799,Michelin,Classified,150.0,1:47.432,194.1,Satoshi HOSHINO,Tomonobu FUJII,Andrew WATSON,2021_Monza,LMGTE Am,GT (GTE Pro/Am),107.432
Team Project 1 #56,22,4,Team Project 1,Porsche 911 RSR - 19,LMGTE Am,,Monza,6,2021,187,6:02:46.482,17 Laps,17.750,Michelin,Classified,126.0,1:47.694,193.6,Egidio PERFETTI,Matteo CAIROLI,Riccardo PERA,2021_Monza,LMGTE Am,GT (GTE Pro/Am),107.694
Dempsey - Proton Racing #77,23,5,Dempsey - Proton Racing,Porsche 911 RSR - 19,LMGTE Am,,Monza,6,2021,186,6:01:29.804,18 Laps,1 Laps,Michelin,Classified,179.0,1:47.535,193.9,Christian RIED,Jaxon EVANS,Matt CAMPBELL,2021_Monza,LMGTE Am,GT (GTE Pro/Am),107.535
Dempsey - Proton Racing #88,24,6,Dempsey - Proton Racing,Porsche 911 RSR - 19,LMGTE Am,,Monza,6,2021,186,6:01:56.249,18 Laps,26.445,Michelin,Classified,122.0,1:47.209,194.5,Andrew HARYANTO,Marco SEEFRIED,Alessio PICARIELLO,2021_Monza,LMGTE Am,GT (GTE Pro/Am),107.209
AF Corse #54,25,7,AF Corse,Ferrari 488 GTE Evo,LMGTE Am,,Monza,6,2021,186,6:02:01.153,18 Laps,4.904,Michelin,Classified,162.0,1:47.315,194.3,Thomas FLOHR,Francesco CASTELLACCI,Giancarlo FISICHELLA,2021_Monza,LMGTE Am,GT (GTE Pro/Am),107.315
Iron Lynx #85,26,8,Iron Lynx,Ferrari 488 GTE Evo,LMGTE Am,,Monza,6,2021,185,6:01:14.527,19 Laps,1 Laps,Michelin,Classified,121.0,1:47.718,193.6,Rahel FREY,Michelle GATTING,Sarah BOVY,2021_Monza,LMGTE Am,GT (GTE Pro/Am),107.718
GR Racing #86,27,9,GR Racing,Porsche 911 RSR - 19,LMGTE Am,,Monza,6,2021,185,6:01:29.699,19 Laps,15.172,Michelin,Classified,151.0,1:47.659,193.7,Michael WAINWRIGHT,Benjamin BARKER,Tom GAMBLE,2021_Monza,LMGTE Am,GT (GTE Pro/Am),107.65899999999999
AF Corse #61,28,10,AF Corse,Ferrari 488 GTE Evo,LMGTE Am,,Monza,6,2021,185,6:02:23.652,19 Laps,53.953,Michelin,Classified,162.0,1:47.901,193.3,Christoph ULRICH,Simon MANN,Toni VILANDER,2021_Monza,LMGTE Am,GT (GTE Pro/Am),107.90100000000001
Cetilar Racing #47,29,11,Cetilar Racing,Ferrari 488 GTE Evo,LMGTE Am,,Monza,6,2021,184,6:01:42.509,20 Laps,1 Laps,Michelin,Classified,152.0,1:47.104,194.7,Roberto LACORTE,Giorgio SERNAGIOTTO,Antonio FUOCO,2021_Monza,LMGTE Am,GT (GTE Pro/Am),107.104
Team Project 1 #46,30,12,Team Project 1,Porsche 911 RSR - 19,LMGTE Am,,Monza,6,2021,183,6:01:56.405,21 Laps,1 Laps,Michelin,Classified,181.0,1:47.907,193.3,Dennis OLSEN,Anders BUCHARDT,Maxwell ROOT,2021_Monza,LMGTE Am,GT (GTE Pro/Am),107.907
Rinaldi Racing #388,31,13,Rinaldi Racing,Ferrari 488 GTE Evo,LMGTE Am,,Monza,6,2021,182,6:03:47.423,22 Laps,1 Laps,Michelin,Classified,128.0,1:47.712,193.6,Pierre EHRET,Christian HOOK,Jeroen BLEEKEMOLEN,2021_Monza,LMGTE Am,GT (GTE Pro/Am),107.712
TF Sport #33,32,14,TF Sport,Aston Martin Vantage AMR,LMGTE Am,,Monza,6,2021,175,6:02:07.679,29 Laps,7 Laps,Michelin,Classified,5.0,1:47.633,193.8,Ben KEATING,Dylan PEREIRA,Felipe FRAGA,2021_Monza,LMGTE Am,GT (GTE Pro/Am),107.63300000000001
Toyota Gazoo Racing #8,33,4,Toyota Gazoo Racing,Toyota GR010 HYBRID,HYPERCAR,H,Monza,6,2021,161,6:01:17.340,43 Laps,14 Laps,Michelin,Classified,121.0,1:37.191,214.6,Sébastien BUEMI,Kazuki NAKAJIMA,Brendon HARTLEY,2021_Monza,Hypercar,Top Class (LMP1/Hypercar),97.191
JOTA #38,34,12,JOTA,Oreca 07 - Gibson,LMP2,,Monza,6,2021,112,6:02:46.524,92 Laps,49 Laps,Goodyear,Not classified,127.0,1:39.953,208.6,Roberto GONZALEZ,Antonio Felix DA COSTA,Anthony DAVIDSON,2021_Monza,LMP2,LMP2,99.953
Glickenhaus Racing #708,35,5,Glickenhaus Racing,Glickenhaus 007 LMH,HYPERCAR,,Monza,6,2021,90,2:51:05.377,114 Laps,22 Laps,Michelin,Retired,53.0,1:37.955,212.9,Luis Felipe DERANI,Gustavo MENEZES,Olivier PLA,2021_Monza,Hypercar,Top Class (LMP1/Hypercar),97.955
Iron Lynx #60,36,15,Iron Lynx,Ferrari 488 GTE Evo,LMGTE Am,,Monza,6,2021,37,3:41:10.399,167 Laps,53 Laps,Michelin,Retired,16.0,1:47.750,193.5,Claudio SCHIAVONI,Andrea PICCINI,Matteo CRESSONI,2021_Monza,LMGTE Am,GT (GTE Pro/Am),107.75
Toyota Gazoo Racing #8,1,1,Toyota Gazoo Racing,Toyota GR010 HYBRID,HYPERCAR,H,Bahrain,8,2021,247,8:01:25.441,,,Michelin,Classified,110.0,1:49.472,178.0,Sébastien BUEMI,Kazuki NAKAJIMA,Brendon HARTLEY,2021_Bahrain,Hypercar,Top Class (LMP1/Hypercar),109.47200000000001
Toyota Gazoo Racing #7,2,2,Toyota Gazoo Racing,Toyota GR010 HYBRID,HYPERCAR,H,Bahrain,8,2021,247,8:01:32.792,7.351,7.351,Michelin,Classified,2.0,1:49.448,178.0,Mike CONWAY,Kamui KOBAYASHI,Jose Maria LOPEZ,2021_Bahrain,Hypercar,Top Class (LMP1/Hypercar),109.44800000000001
Alpine Elf Matmut #36,3,3,Alpine Elf Matmut,Alpine A480 - Gibson,HYPERCAR,,Bahrain,8,2021,241,8:03:19.446,6 Laps,6 Laps,Michelin,Classified,2.0,1:49.496,177.9,André NEGRÃO,Nicolas LAPIERRE,Matthieu VAXIVIERE,2021_Bahrain,Hypercar,Top Class (LMP1/Hypercar),109.49600000000001
Team WRT #31,4,1,Team WRT,Oreca 07 - Gibson,LMP2,,Bahrain,8,2021,240,8:01:55.473,7 Laps,1 Laps,Goodyear,Classified,209.0,1:52.657,172.9,Robin FRIJNS,Ferdinand HABSBURG,Charles MILESI,2021_Bahrain,LMP2,LMP2,112.657
JOTA #38,5,2,JOTA,Oreca 07 - Gibson,LMP2,,Bahrain,8,2021,240,8:03:09.793,7 Laps,1'14.320,Goodyear,Classified,105.0,1:52.322,173.5,Roberto GONZALEZ,Antonio Felix DA COSTA,Anthony DAVIDSON,2021_Bahrain,LMP2,LMP2,112.322
JOTA #28,6,3,JOTA,Oreca 07 - Gibson,LMP2,,Bahrain,8,2021,240,8:03:14.451,7 Laps,4.658,Goodyear,Classified,196.0,1:52.289,173.5,Sean GELAEL,Stoffel VANDOORNE,Tom BLOMQVIST,2021_Bahrain,LMP2,LMP2,112.289
United Autosports USA #22,7,4,United Autosports USA,Oreca 07 - Gibson,LMP2,,Bahrain,8,2021,240,8:03:18.861,7 Laps,4.410,Goodyear,Classified,149.0,1:53.118,172.2,Philip HANSON,Fabio SCHERER,Filipe ALBUQUERQUE,2021_Bahrain,LMP2,LMP2,113.118
Inter Europol Competition #34,8,5,Inter Europol Competition,Oreca 07 - Gibson,LMP2,,Bahrain,8,2021,238,8:02:38.468,9 Laps,2 Laps,Goodyear,Classified,194.0,1:52.336,173.4,Jakub SMIECHOWSKI,Renger VAN DER ZANDE,Alex BRUNDLE,2021_Bahrain,LMP2,LMP2,112.336
Racing Team Nederland #29,9,6,Racing Team Nederland,Oreca 07 - Gibson,LMP2,P/A,Bahrain,8,2021,238,8:02:42.164,9 Laps,3.696,Goodyear,Classified,178.0,1:52.961,172.5,Frits VAN EERD,Giedo VAN DER GARDE,Job VAN UITERT,2021_Bahrain,LMP2,LMP2,112.961
Realteam Racing #70,10,7,Realteam Racing,Oreca 07 - Gibson,LMP2,P/A,Bahrain,8,2021,238,8:03:01.308,9 Laps,19.144,Goodyear,Classified,199.0,1:52.163,173.7,Esteban GARCIA,Loïc DUVAL,Norman NATO,2021_Bahrain,LMP2,LMP2,112.163
High Class Racing #20,11,8,High Class Racing,Oreca 07 - Gibson,LMP2,P/A,Bahrain,8,2021,237,8:02:30.265,10 Laps,1 Laps,Goodyear,Classified,97.0,1:52.213,173.6,Dennis ANDERSEN,Anders FJORDBACH,Robert KUBICA,2021_Bahrain,LMP2,LMP2,112.213
Richard Mille Racing Team #1,12,9,Richard Mille Racing Team,Oreca 07 - Gibson,LMP2,,Bahrain,8,2021,237,8:02:46.944,10 Laps,16.679,Goodyear,Classified,193.0,1:53.470,171.7,Tatiana CALDERON,Sophia FLOERSCH,Beitske VISSER,2021_Bahrain,LMP2,LMP2,113.47
DragonSpeed USA #21,13,10,DragonSpeed USA,Oreca 07 - Gibson,LMP2,P/A,Bahrain,8,2021,236,8:01:33.150,11 Laps,1 Laps,Goodyear,Classified,216.0,1:53.302,172.0,Henrik HEDMAN,Juan Pablo MONTOYA,Ben HANLEY,2021_Bahrain,LMP2,LMP2,113.30199999999999
ARC Bratislava #44,14,11,ARC Bratislava,Oreca 07 - Gibson,LMP2,P/A,Bahrain,8,2021,235,8:01:50.576,12 Laps,1 Laps,Goodyear,Classified,190.0,1:53.986,170.9,Miroslav KONOPKA,Oliver CALDWELL,Nelson PANCIATICI,2021_Bahrain,LMP2,LMP2,113.98599999999999
AF Corse #51,15,1,AF Corse,Ferrari 488 GTE Evo,LMGTE Pro,,Bahrain,8,2021,233,8:02:35.811,14 Laps,2 Laps,Michelin,Classified,103.0,1:57.333,166.1,Alessandro PIER GUIDI,James CALADO,,2021_Bahrain,LMGTE Pro,GT (GTE Pro/Am),117.333
Porsche GT Team #92,16,2,Porsche GT Team,Porsche 911 RSR - 19,LMGTE Pro,,Bahrain,8,2021,233,8:02:39.060,14 Laps,3.249,Michelin,Classified,146.0,1:57.043,166.5,Kevin ESTRE,Neel JANI,Michael CHRISTENSEN,2021_Bahrain,LMGTE Pro,GT (GTE Pro/Am),117.043
AF Corse #52,17,3,AF Corse,Ferrari 488 GTE Evo,LMGTE Pro,,Bahrain,8,2021,233,8:02:54.204,14 Laps,15.144,Michelin,Classified,143.0,1:57.032,166.5,Daniel SERRA,Miguel MOLINA,,2021_Bahrain,LMGTE Pro,GT (GTE Pro/Am),117.032
Porsche GT Team #91,18,4,Porsche GT Team,Porsche 911 RSR - 19,LMGTE Pro,,Bahrain,8,2021,231,8:01:28.318,16 Laps,2 Laps,Michelin,Classified,163.0,1:57.469,165.9,Gianmaria BRUNI,Richard LIETZ,Frédéric MAKOWIECKI,2021_Bahrain,LMGTE Pro,GT (GTE Pro/Am),117.469
AF Corse #83,19,1,AF Corse,Ferrari 488 GTE Evo,LMGTE Am,,Bahrain,8,2021,230,8:02:37.234,17 Laps,1 Laps,Michelin,Classified,196.0,1:57.242,166.2,François PERRODO,Nicklas NIELSEN,Alessio ROVERA,2021_Bahrain,LMGTE Am,GT (GTE Pro/Am),117.24199999999999
Dempsey - Proton Racing #77,20,2,Dempsey - Proton Racing,Porsche 911 RSR - 19,LMGTE Am,,Bahrain,8,2021,229,8:01:32.447,18 Laps,1 Laps,Michelin,Classified,180.0,1:58.278,164.7,Christian RIED,Jaxon EVANS,Matt CAMPBELL,2021_Bahrain,LMGTE Am,GT (GTE Pro/Am),118.27799999999999
Team Project 1 #56,21,3,Team Project 1,Porsche 911 RSR - 19,LMGTE Am,,Bahrain,8,2021,229,8:01:32.570,18 Laps,0.123,Michelin,Classified,141.0,1:57.436,165.9,Egidio PERFETTI,Matteo CAIROLI,Riccardo PERA,2021_Bahrain,LMGTE Am,GT (GTE Pro/Am),117.436
Cetilar Racing #47,22,4,Cetilar Racing,Ferrari 488 GTE Evo,LMGTE Am,,Bahrain,8,2021,229,8:02:06.615,18 Laps,34.045,Michelin,Classified,207.0,1:58.552,164.3,Roberto LACORTE,Giorgio SERNAGIOTTO,Antonio FUOCO,2021_Bahrain,LMGTE Am,GT (GTE Pro/Am),118.55199999999999
Kessel Racing #57,23,5,Kessel Racing,Ferrari 488 GTE Evo,LMGTE Am,,Bahrain,8,2021,228,8:01:38.975,19 Laps,1 Laps,Michelin,Classified,202.0,1:58.026,165.1,Takeshi KIMURA,Mikkel JENSEN,Scott ANDREWS,2021_Bahrain,LMGTE Am,GT (GTE Pro/Am),118.02600000000001
Iron Lynx #60,24,6,Iron Lynx,Ferrari 488 GTE Evo,LMGTE Am,,Bahrain,8,2021,228,8:03:25.238,19 Laps,1'46.263,Michelin,Classified,138.0,1:58.199,164.8,Claudio SCHIAVONI,Andrea PICCINI,Matteo CRESSONI,2021_Bahrain,LMGTE Am,GT (GTE Pro/Am),118.199
AF Corse #54,25,7,AF Corse,Ferrari 488 GTE Evo,LMGTE Am,,Bahrain,8,2021,227,8:01:26.403,20 Laps,1 Laps,Michelin,Classified,145.0,1:58.786,164.0,Thomas FLOHR,Francesco CASTELLACCI,Giancarlo FISICHELLA,2021_Bahrain,LMGTE Am,GT (GTE Pro/Am),118.786
D'Station Racing #777,26,8,D'Station Racing,Aston Martin Vantage AMR,LMGTE Am,,Bahrain,8,2021,227,8:01:54.194,20 Laps,27.791,Michelin,Classified,119.0,1:58.915,163.8,Satoshi HOSHINO,Tomonobu FUJII,Andrew WATSON,2021_Bahrain,LMGTE Am,GT (GTE Pro/Am),118.91499999999999
Iron Lynx #85,27,9,Iron Lynx,Ferrari 488 GTE Evo,LMGTE Am,,Bahrain,8,2021,225,8:01:42.827,22 Laps,2 Laps,Michelin,Classified,101.0,1:59.747,162.7,Rahel FREY,Sarah BOVY,Katherine LEGGE,2021_Bahrain,LMGTE Am,GT (GTE Pro/Am),119.747
GR Racing #86,28,10,GR Racing,Porsche 911 RSR - 19,LMGTE Am,,Bahrain,8,2021,224,8:01:36.605,23 Laps,1 Laps,Michelin,Classified,197.0,1:57.695,165.5,Michael WAINWRIGHT,Benjamin BARKER,Tom GAMBLE,2021_Bahrain,LMGTE Am,GT (GTE Pro/Am),117.695
Aston Martin Racing #98,29,11,Aston Martin Racing,Aston Martin Vantage AMR,LMGTE Am,,Bahrain,8,2021,223,8:02:12.670,24 Laps,1 Laps,Michelin,Classified,129.0,1:58.624,164.2,Paul DALLA LANA,Augusto FARFUS,Marcos GOMES,2021_Bahrain,LMGTE Am,GT (GTE Pro/Am),118.624
TF Sport #33,30,12,TF Sport,Aston Martin Vantage AMR,LMGTE Am,,Bahrain,8,2021,128,6:02:43.988,119 Laps,95 Laps,Michelin,Not classified,96.0,1:58.799,164.0,Ben KEATING,Dylan PEREIRA,Felipe FRAGA,2021_Bahrain,LMGTE Am,GT (GTE Pro/Am),118.799
Dempsey - Proton Racing #88,31,13,Dempsey - Proton Racing,Porsche 911 RSR - 19,LMGTE Am,,Bahrain,8,2021,90,3:10:36.849,157 Laps,38 Laps,Michelin,Not classified,89.0,1:58.941,163.8,Khaled AL QUBAISI,Axcil JEFFERIES,Julien ANDLAUER,2021_Bahrain,LMGTE Am,GT (GTE Pro/Am),118.941
Toyota Gazoo Racing #7,1,1,Toyota Gazoo Racing,Toyota GR010 HYBRID,HYPERCAR,H,Bahrain 2,6,2021,185,6:00:33.356,,,Michelin,Classified,2.0,1:49.051,178.7,Mike CONWAY,Kamui KOBAYASHI,Jose Maria LOPEZ,2021_Bahrain 2,Hypercar,Top Class (LMP1/Hypercar),109.051
Toyota Gazoo Racing #8,2,2,Toyota Gazoo Racing,Toyota GR010 HYBRID,HYPERCAR,H,Bahrain 2,6,2021,185,6:01:24.757,51.401,51.401,Michelin,Classified,2.0,1:48.926,178.9,Sébastien BUEMI,Kazuki NAKAJIMA,Brendon HARTLEY,2021_Bahrain 2,Hypercar,Top Class (LMP1/Hypercar),108.926
Alpine Elf Matmut #36,3,3,Alpine Elf Matmut,Alpine A480 - Gibson,HYPERCAR,,Bahrain 2,6,2021,184,6:01:45.852,1 Laps,1 Laps,Michelin,Classified,2.0,1:49.291,178.3,André NEGRÃO,Nicolas LAPIERRE,Matthieu VAXIVIERE,2021_Bahrain 2,Hypercar,Top Class (LMP1/Hypercar),109.291
Team WRT #31,4,1,Team WRT,Oreca 07 - Gibson,LMP2,,Bahrain 2,6,2021,180,6:01:01.723,5 Laps,4 Laps,Goodyear,Classified,176.0,1:53.215,172.1,Robin FRIJNS,Ferdinand HABSBURG,Charles MILESI,2021_Bahrain 2,LMP2,LMP2,113.215
JOTA #28,5,2,JOTA,Oreca 07 - Gibson,LMP2,,Bahrain 2,6,2021,180,6:02:03.595,5 Laps,1'01.872,Goodyear,Classified,3.0,1:53.840,171.1,Sean GELAEL,Stoffel VANDOORNE,Tom BLOMQVIST,2021_Bahrain 2,LMP2,LMP2,113.84
JOTA #38,6,3,JOTA,Oreca 07 - Gibson,LMP2,,Bahrain 2,6,2021,180,6:02:18.022,5 Laps,14.427,Goodyear,Classified,129.0,1:53.515,171.6,Roberto GONZALEZ,Antonio Felix DA COSTA,Anthony DAVIDSON,2021_Bahrain 2,LMP2,LMP2,113.515
United Autosports USA #22,7,4,United Autosports USA,Oreca 07 - Gibson,LMP2,,Bahrain 2,6,2021,180,6:02:25.992,5 Laps,7.970,Goodyear,Classified,2.0,1:53.248,172.0,Philip HANSON,Fabio SCHERER,Filipe ALBUQUERQUE,2021_Bahrain 2,LMP2,LMP2,113.24799999999999
Racing Team Nederland #29,8,5,Racing Team Nederland,Oreca 07 - Gibson,LMP2,P/A,Bahrain 2,6,2021,178,6:00:43.549,7 Laps,2 Laps,Goodyear,Classified,2.0,1:53.509,171.6,Frits VAN EERD,Giedo VAN DER GARDE,Job VAN UITERT,2021_Bahrain 2,LMP2,LMP2,113.509
Richard Mille Racing Team #1,9,6,Richard Mille Racing Team,Oreca 07 - Gibson,LMP2,,Bahrain 2,6,2021,178,6:02:07.544,7 Laps,1'23.995,Goodyear,Classified,50.0,1:54.491,170.2,Sophia FLOERSCH,Beitske VISSER,Gabriel AUBRY,2021_Bahrain 2,LMP2,LMP2,114.491
Realteam Racing #70,10,7,Realteam Racing,Oreca 07 - Gibson,LMP2,P/A,Bahrain 2,6,2021,178,6:02:07.778,7 Laps,0.234,Goodyear,Classified,2.0,1:53.465,171.7,Esteban GARCIA,Loïc DUVAL,Norman NATO,2021_Bahrain 2,LMP2,LMP2,113.465
High Class Racing #20,11,8,High Class Racing,Oreca 07 - Gibson,LMP2,P/A,Bahrain 2,6,2021,177,6:02:19.204,8 Laps,1 Laps,Goodyear,Classified,45.0,1:54.044,170.8,Dennis ANDERSEN,Anders FJORDBACH,Robert KUBICA,2021_Bahrain 2,LMP2,LMP2,114.044
Inter Europol Competition #34,12,9,Inter Europol Competition,Oreca 07 - Gibson,LMP2,,Bahrain 2,6,2021,175,6:00:36.554,10 Laps,2 Laps,Goodyear,Classified,101.0,1:53.582,171.5,Jakub SMIECHOWSKI,Renger VAN DER ZANDE,Alex BRUNDLE,2021_Bahrain 2,LMP2,LMP2,113.582
Porsche GT Team #92,13,1,Porsche GT Team,Porsche 911 RSR - 19,LMGTE Pro,,Bahrain 2,6,2021,174,6:01:41.098,11 Laps,1 Laps,Michelin,Classified,2.0,1:58.641,164.2,Kevin ESTRE,Neel JANI,,2021_Bahrain 2,LMGTE Pro,GT (GTE Pro/Am),118.64099999999999
Porsche GT Team #91,14,2,Porsche GT Team,Porsche 911 RSR - 19,LMGTE Pro,,Bahrain 2,6,2021,174,6:01:41.788,11 Laps,0.690,Michelin,Classified,2.0,1:58.590,164.3,Gianmaria BRUNI,Richard LIETZ,,2021_Bahrain 2,LMGTE Pro,GT (GTE Pro/Am),118.59
AF Corse #51,15,3,AF Corse,Ferrari 488 GTE Evo,LMGTE Pro,,Bahrain 2,6,2021,174,6:02:16.922,11 Laps,35.134,Michelin,Classified,2.0,1:59.288,163.3,Alessandro PIER GUIDI,James CALADO,,2021_Bahrain 2,LMGTE Pro,GT (GTE Pro/Am),119.288
AF Corse #52,16,4,AF Corse,Ferrari 488 GTE Evo,LMGTE Pro,,Bahrain 2,6,2021,174,6:02:19.047,11 Laps,2.125,Michelin,Classified,2.0,1:58.862,163.9,Daniel SERRA,Miguel MOLINA,,2021_Bahrain 2,LMGTE Pro,GT (GTE Pro/Am),118.862
TF Sport #33,17,1,TF Sport,Aston Martin Vantage AMR,LMGTE Am,,Bahrain 2,6,2021,172,6:00:49.811,13 Laps,2 Laps,Michelin,Classified,118.0,1:59.860,162.5,Ben KEATING,Dylan PEREIRA,Felipe FRAGA,2021_Bahrain 2,LMGTE Am,GT (GTE Pro/Am),119.86
Dempsey - Proton Racing #77,18,2,Dempsey - Proton Racing,Porsche 911 RSR - 19,LMGTE Am,,Bahrain 2,6,2021,172,6:00:55.364,13 Laps,5.553,Michelin,Classified,154.0,1:59.263,163.4,Christian RIED,Jaxon EVANS,Matt CAMPBELL,2021_Bahrain 2,LMGTE Am,GT (GTE Pro/Am),119.263
Team Project 1 #56,19,3,Team Project 1,Porsche 911 RSR - 19,LMGTE Am,,Bahrain 2,6,2021,172,6:00:58.474,13 Laps,3.110,Michelin,Classified,148.0,1:59.399,163.2,Egidio PERFETTI,Matteo CAIROLI,Riccardo PERA,2021_Bahrain 2,LMGTE Am,GT (GTE Pro/Am),119.399
Aston Martin Racing #98,20,4,Aston Martin Racing,Aston Martin Vantage AMR,LMGTE Am,,Bahrain 2,6,2021,172,6:01:15.622,13 Laps,17.148,Michelin,Classified,60.0,1:59.780,162.7,Paul DALLA LANA,Augusto FARFUS,Marcos GOMES,2021_Bahrain 2,LMGTE Am,GT (GTE Pro/Am),119.78
ARC Bratislava #44,21,10,ARC Bratislava,Oreca 07 - Gibson,LMP2,P/A,Bahrain 2,6,2021,172,6:01:33.370,13 Laps,17.748,Goodyear,Classified,61.0,1:54.217,170.6,Miroslav KONOPKA,Oliver WEBB,Kush MAINI,2021_Bahrain 2,LMP2,LMP2,114.217
AF Corse #83,22,5,AF Corse,Ferrari 488 GTE Evo,LMGTE Am,,Bahrain 2,6,2021,172,6:02:17.843,13 Laps,44.473,Michelin,Classified,114.0,1:59.702,162.8,François PERRODO,Nicklas NIELSEN,Alessio ROVERA,2021_Bahrain 2,LMGTE Am,GT (GTE Pro/Am),119.702
GR Racing #86,23,6,GR Racing,Porsche 911 RSR - 19,LMGTE Am,,Bahrain 2,6,2021,171,6:01:36.369,14 Laps,1 Laps,Michelin,Classified,112.0,1:59.697,162.8,Michael WAINWRIGHT,Benjamin BARKER,Tom GAMBLE,2021_Bahrain 2,LMGTE Am,GT (GTE Pro/Am),119.697
AF Corse #54,24,7,AF Corse,Ferrari 488 GTE Evo,LMGTE Am,,Bahrain 2,6,2021,171,6:01:58.536,14 Laps,22.167,Michelin,Classified,4.0,2:00.056,162.3,Thomas FLOHR,Francesco CASTELLACCI,Giancarlo FISICHELLA,2021_Bahrain 2,LMGTE Am,GT (GTE Pro/Am),120.056
Iron Lynx #85,25,8,Iron Lynx,Ferrari 488 GTE Evo,LMGTE Am,,Bahrain 2,6,2021,171,6:02:01.134,14 Laps,2.598,Michelin,Classified,162.0,2:00.910,161.1,Rahel FREY,Sarah BOVY,Katherine LEGGE,2021_Bahrain 2,LMGTE Am,GT (GTE Pro/Am),120.91
Kessel Racing #57,26,9,Kessel Racing,Ferrari 488 GTE Evo,LMGTE Am,,Bahrain 2,6,2021,170,6:00:39.468,15 Laps,1 Laps,Michelin,Classified,118.0,1:59.792,162.6,Takeshi KIMURA,Mikkel JENSEN,Scott ANDREWS,2021_Bahrain 2,LMGTE Am,GT (GTE Pro/Am),119.792
Cetilar Racing #47,27,10,Cetilar Racing,Ferrari 488 GTE Evo,LMGTE Am,,Bahrain 2,6,2021,170,6:02:16.198,15 Laps,1'36.730,Michelin,Classified,85.0,2:00.324,161.9,Roberto LACORTE,Giorgio SERNAGIOTTO,Antonio FUOCO,2021_Bahrain 2,LMGTE Am,GT (GTE Pro/Am),120.324
D'Station Racing #777,28,11,D'Station Racing,Aston Martin Vantage AMR,LMGTE Am,,Bahrain 2,6,2021,169,6:00:40.696,16 Laps,1 Laps,Michelin,Classified,147.0,2:00.065,162.3,Satoshi HOSHINO,Tomonobu FUJII,Andrew WATSON,2021_Bahrain 2,LMGTE Am,GT (GTE Pro/Am),120.065
Iron Lynx #60,29,12,Iron Lynx,Ferrari 488 GTE Evo,LMGTE Am,,Bahrain 2,6,2021,169,6:01:34.408,16 Laps,53.712,Michelin,Classified,4.0,2:00.508,161.7,Rino MASTRONARDI,Andrea PICCINI,Matteo CRESSONI,2021_Bahrain 2,LMGTE Am,GT (GTE Pro/Am),120.508
DragonSpeed USA #21,30,11,DragonSpeed USA,Oreca 07 - Gibson,LMP2,P/A,Bahrain 2,6,2021,166,6:02:08.566,19 Laps,3 Laps,Goodyear,Classified,4.0,1:54.115,170.7,Henrik HEDMAN,Juan Pablo MONTOYA,Ben HANLEY,2021_Bahrain 2,LMP2,LMP2,114.11500000000001
Dempsey - Proton Racing #88,31,13,Dempsey - Proton Racing,Porsche 911 RSR - 19,LMGTE Am,,Bahrain 2,6,2021,166,6:02:37.186,19 Laps,28.620,Michelin,Classified,81.0,1:59.824,162.6,Khaled AL QUBAISI,Adrien DE LEENER,Julien ANDLAUER,2021_Bahrain 2,LMGTE Am,GT (GTE Pro/Am),119.824
Alpine ELF Team #36,1,1,Alpine ELF Team,Alpine A480 - Gibson,HYPERCAR,,Sebring,8,2022,170,6:00:39.608,,,Michelin,Classified,4.0,1:49.033,198.7,André NEGRÃO,Nicolas LAPIERRE,Matthieu VAXIVIERE,2022_Sebring,Hypercar,Top Class (LMP1/Hypercar),109.033
Toyota Gazoo Racing #8,2,2,Toyota Gazoo Racing,Toyota GR010 HYBRID,HYPERCAR,H,Sebring,8,2022,170,6:01:58.678,1'19.070,1'19.070,Michelin,Classified,4.0,1:50.355,196.4,Sébastien BUEMI,Brendon HARTLEY,Ryo HIRAKAWA,2022_Sebring,Hypercar,Top Class (LMP1/Hypercar),110.35499999999999
Glickenhaus Racing #708,3,3,Glickenhaus Racing,Glickenhaus 007 LMH,HYPERCAR,,Sebring,8,2022,169,6:01:56.410,1 Laps,1 Laps,Michelin,Classified,162.0,1:50.078,196.8,Olivier PLA,Romain DUMAS,Ryan BRISCOE,2022_Sebring,Hypercar,Top Class (LMP1/Hypercar),110.078
United Autosports USA #23,4,1,United Autosports USA,Oreca 07 - Gibson,LMP2,,Sebring,8,2022,167,6:01:12.156,3 Laps,2 Laps,Goodyear,Classified,8.0,1:51.451,194.4,Paul DI RESTA,Oliver JARVIS,Joshua PIERSON,2022_Sebring,LMP2,LMP2,111.451
WRT #31,5,2,WRT,Oreca 07 - Gibson,LMP2,,Sebring,8,2022,167,6:01:33.538,3 Laps,21.382,Goodyear,Classified,167.0,1:51.183,194.9,Sean GELAEL,Robin FRIJNS,René RAST,2022_Sebring,LMP2,LMP2,111.18299999999999
Realteam by WRT #41,6,3,Realteam by WRT,Oreca 07 - Gibson,LMP2,,Sebring,8,2022,167,6:01:38.853,3 Laps,5.315,Goodyear,Classified,161.0,1:50.969,195.3,Rui ANDRADE,Ferdinand HABSBURG,Norman NATO,2022_Sebring,LMP2,LMP2,110.969
Prema Orlen Team #9,7,4,Prema Orlen Team,Oreca 07 - Gibson,LMP2,,Sebring,8,2022,167,6:01:47.433,3 Laps,8.580,Goodyear,Classified,14.0,1:51.422,194.5,Robert KUBICA,Louis DELETRAZ,Lorenzo COLOMBO,2022_Sebring,LMP2,LMP2,111.422
JOTA #28,8,5,JOTA,Oreca 07 - Gibson,LMP2,,Sebring,8,2022,167,6:01:58.068,3 Laps,10.635,Goodyear,Classified,132.0,1:51.190,194.9,Oliver RASMUSSEN,Edward JONES,Jonathan ABERDEIN,2022_Sebring,LMP2,LMP2,111.19
Team Penske #5,9,6,Team Penske,Oreca 07 - Gibson,LMP2,,Sebring,8,2022,167,6:02:11.300,3 Laps,13.232,Goodyear,Classified,14.0,1:51.616,194.1,Dane CAMERON,Emmanuel COLLARD,Felipe NASR,2022_Sebring,LMP2,LMP2,111.616
JOTA #38,10,7,JOTA,Oreca 07 - Gibson,LMP2,,Sebring,8,2022,167,6:02:11.957,3 Laps,0.657,Goodyear,Classified,161.0,1:51.002,195.2,Roberto GONZALEZ,Antonio Felix DA COSTA,William STEVENS,2022_Sebring,LMP2,LMP2,111.00200000000001
United Autosports USA #22,11,8,United Autosports USA,Oreca 07 - Gibson,LMP2,,Sebring,8,2022,166,5:59:49.336,4 Laps,1 Laps,Goodyear,Classified,6.0,1:51.251,194.8,Philip HANSON,Filipe ALBUQUERQUE,William OWEN,2022_Sebring,LMP2,LMP2,111.251
AF Corse #83,12,9,AF Corse,Oreca 07 - Gibson,LMP2,P/A,Sebring,8,2022,166,6:02:19.854,4 Laps,2'30.518,Goodyear,Classified,161.0,1:50.870,195.4,François PERRODO,Nicklas NIELSEN,Alessio ROVERA,2022_Sebring,LMP2,LMP2,110.87
Ultimate #35,13,10,Ultimate,Oreca 07 - Gibson,LMP2,P/A,Sebring,8,2022,165,6:01:46.876,5 Laps,1 Laps,Goodyear,Classified,151.0,1:52.216,193.1,Jean-Baptiste LAHAYE,Matthieu LAHAYE,François HERIAU,2022_Sebring,LMP2,LMP2,112.21600000000001
Algarve Pro Racing #45,14,11,Algarve Pro Racing,Oreca 07 - Gibson,LMP2,P/A,Sebring,8,2022,165,6:02:28.323,5 Laps,41.447,Goodyear,Classified,161.0,1:51.467,194.4,Steven THOMAS,James ALLEN,René BINDER,2022_Sebring,LMP2,LMP2,111.467
Richard Mille Racing Team #1,15,12,Richard Mille Racing Team,Oreca 07 - Gibson,LMP2,,Sebring,8,2022,164,6:01:37.671,6 Laps,1 Laps,Goodyear,Classified,5.0,1:52.332,192.9,Lilou WADOUX,Sébastien OGIER,Charles MILESI,2022_Sebring,LMP2,LMP2,112.332
ARC Bratislava #44,16,13,ARC Bratislava,Oreca 07 - Gibson,LMP2,P/A,Sebring,8,2022,164,6:02:18.462,6 Laps,40.791,Goodyear,Classified,129.0,1:51.790,193.8,Miroslav KONOPKA,Mathias BECHE,Tijmen VAN DER HELM,2022_Sebring,LMP2,LMP2,111.78999999999999
Porsche GT Team #92,17,1,Porsche GT Team,Porsche 911 RSR - 19,LMGTE Pro,,Sebring,8,2022,160,6:01:45.879,10 Laps,4 Laps,Michelin,Classified,151.0,1:57.993,183.6,Michael CHRISTENSEN,Kevin ESTRE,,2022_Sebring,LMGTE Pro,GT (GTE Pro/Am),117.993
Corvette Racing #64,18,2,Corvette Racing,Chevrolet Corvette C8.R,LMGTE Pro,,Sebring,8,2022,160,6:02:14.593,10 Laps,28.714,Michelin,Classified,148.0,1:57.734,184.0,Tommy MILNER,Nick TANDY,,2022_Sebring,LMGTE Pro,GT (GTE Pro/Am),117.73400000000001
Porsche GT Team #91,19,3,Porsche GT Team,Porsche 911 RSR - 19,LMGTE Pro,,Sebring,8,2022,160,6:02:19.815,10 Laps,5.222,Michelin,Classified,7.0,1:58.120,183.4,Gianmaria BRUNI,Richard LIETZ,,2022_Sebring,LMGTE Pro,GT (GTE Pro/Am),118.12
AF Corse #51,20,4,AF Corse,Ferrari 488 GTE Evo,LMGTE Pro,,Sebring,8,2022,159,6:00:57.606,11 Laps,1 Laps,Michelin,Classified,146.0,1:58.965,182.1,Alessandro PIER GUIDI,James CALADO,,2022_Sebring,LMGTE Pro,GT (GTE Pro/Am),118.965
Inter Europol Competition #34,21,14,Inter Europol Competition,Oreca 07 - Gibson,LMP2,,Sebring,8,2022,158,6:01:40.556,12 Laps,1 Laps,Goodyear,Classified,9.0,1:52.086,193.3,Jakub SMIECHOWSKI,Fabio SCHERER,Esteban GUTIERREZ,2022_Sebring,LMP2,LMP2,112.086
Vector Sport #10,22,15,Vector Sport,Oreca 07 - Gibson,LMP2,,Sebring,8,2022,157,5:53:41.658,13 Laps,1 Laps,Goodyear,Classified,16.0,1:52.491,192.6,Nico MÜLLER,Ryan CULLEN,Mike ROCKENFELLER,2022_Sebring,LMP2,LMP2,112.491
Northwest AMR #98,23,1,Northwest AMR,Aston Martin Vantage AMR,LMGTE Am,,Sebring,8,2022,157,6:01:28.732,13 Laps,7'47.074,Michelin,Classified,146.0,1:59.666,181.1,Paul DALLA LANA,David PITTARD,Nicki THIIM,2022_Sebring,LMGTE Am,GT (GTE Pro/Am),119.666
AF Corse #52,24,5,AF Corse,Ferrari 488 GTE Evo,LMGTE Pro,,Sebring,8,2022,157,6:01:52.581,13 Laps,23.849,Michelin,Classified,153.0,1:59.243,181.7,Miguel MOLINA,Antonio FUOCO,,2022_Sebring,LMGTE Pro,GT (GTE Pro/Am),119.243
Team Project 1 #56,25,2,Team Project 1,Porsche 911 RSR - 19,LMGTE Am,,Sebring,8,2022,157,6:01:59.721,13 Laps,7.140,Michelin,Classified,153.0,1:59.263,181.7,Brendan IRIBE,Oliver MILLROY,Ben BARNICOAT,2022_Sebring,LMGTE Am,GT (GTE Pro/Am),119.263
TF Sport #33,26,3,TF Sport,Aston Martin Vantage AMR,LMGTE Am,,Sebring,8,2022,157,6:02:12.205,13 Laps,12.484,Michelin,Classified,152.0,1:59.448,181.4,Ben KEATING,Florian LATORRE,Marco SØRENSEN,2022_Sebring,LMGTE Am,GT (GTE Pro/Am),119.44800000000001
Dempsey - Proton Racing #77,27,4,Dempsey - Proton Racing,Porsche 911 RSR - 19,LMGTE Am,,Sebring,8,2022,157,6:02:26.456,13 Laps,14.251,Michelin,Classified,137.0,1:59.332,181.6,Christian RIED,Sebastian PRIAULX,Harry TINCKNELL,2022_Sebring,LMGTE Am,GT (GTE Pro/Am),119.332
Iron Dames #85,28,5,Iron Dames,Ferrari 488 GTE Evo,LMGTE Am,,Sebring,8,2022,156,6:01:55.903,14 Laps,1 Laps,Michelin,Classified,156.0,2:00.639,179.6,Rahel FREY,Michelle GATTING,Sarah BOVY,2022_Sebring,LMGTE Am,GT (GTE Pro/Am),120.639
D'Station Racing #777,29,6,D'Station Racing,Aston Martin Vantage AMR,LMGTE Am,,Sebring,8,2022,155,6:00:36.475,15 Laps,1 Laps,Michelin,Classified,92.0,2:00.547,179.8,Satoshi HOSHINO,Tomonobu FUJII,Charles FAGG,2022_Sebring,LMGTE Am,GT (GTE Pro/Am),120.547
AF Corse #21,30,7,AF Corse,Ferrari 488 GTE Evo,LMGTE Am,,Sebring,8,2022,155,6:01:03.503,15 Laps,27.028,Michelin,Classified,82.0,2:00.892,179.2,Simon MANN,Christoph ULRICH,Toni VILANDER,2022_Sebring,LMGTE Am,GT (GTE Pro/Am),120.892
Iron Lynx #60,31,8,Iron Lynx,Ferrari 488 GTE Evo,LMGTE Am,,Sebring,8,2022,154,5:59:51.290,16 Laps,1 Laps,Michelin,Classified,66.0,2:00.655,179.6,Claudio SCHIAVONI,Matteo CRESSONI,Giancarlo FISICHELLA,2022_Sebring,LMGTE Am,GT (GTE Pro/Am),120.655
AF Corse #54,32,9,AF Corse,Ferrari 488 GTE Evo,LMGTE Am,,Sebring,8,2022,154,6:00:01.740,16 Laps,10.450,Michelin,Classified,132.0,2:00.903,179.2,Thomas FLOHR,Francesco CASTELLACCI,Nicholas CASSIDY,2022_Sebring,LMGTE Am,GT (GTE Pro/Am),120.903
Dempsey - Proton Racing #88,33,10,Dempsey - Proton Racing,Porsche 911 RSR - 19,LMGTE Am,,Sebring,8,2022,145,6:01:05.161,25 Laps,9 Laps,Michelin,Classified,96.0,2:00.272,180.2,Fred POORDAD,Patrick LINDSEY,Julien ANDLAUER,2022_Sebring,LMGTE Am,GT (GTE Pro/Am),120.272
Spirit of Race #71,34,11,Spirit of Race,Ferrari 488 GTE Evo,LMGTE Am,,Sebring,8,2022,122,5:26:06.852,48 Laps,23 Laps,Michelin,Classified,94.0,2:01.074,179.0,Franck DEZOTEUX,Pierre RAGUES,Gabriel AUBRY,2022_Sebring,LMGTE Am,GT (GTE Pro/Am),121.074
Team Project 1 #46,35,12,Team Project 1,Porsche 911 RSR - 19,LMGTE Am,,Sebring,8,2022,86,2:59:57.081,84 Laps,36 Laps,Michelin,Classified,15.0,1:59.194,181.8,Matteo CAIROLI,Mikkel PEDERSEN,Nicolas LEUTWILER,2022_Sebring,LMGTE Am,GT (GTE Pro/Am),119.194
Toyota Gazoo Racing #7,36,4,Toyota Gazoo Racing,Toyota GR010 HYBRID,HYPERCAR,H,Sebring,8,2022,110,3:28:51.927,60 Laps,-24 Laps,Michelin,Retired,15.0,1:50.276,196.5,Mike CONWAY,Kamui KOBAYASHI,Jose Maria LOPEZ,2022_Sebring,Hypercar,Top Class (LMP1/Hypercar),110.27600000000001
Toyota Gazoo Racing #8,1,1,Toyota Gazoo Racing,Toyota GR010 HYBRID,HYPERCAR,H,LeMans,24,2022,380,24:02:07.996,,,Michelin,Classified,56.0,3:27.906,235.9,Sébastien BUEMI,Brendon HARTLEY,Ryo HIRAKAWA,2022_LeMans,Hypercar,Top Class (LMP1/Hypercar),207.906
Toyota Gazoo Racing #7,2,2,Toyota Gazoo Racing,Toyota GR010 HYBRID,HYPERCAR,H,LeMans,24,2022,380,24:04:09.218,2'01.222,2'01.222,Michelin,Classified,371.0,3:27.749,236.1,Mike CONWAY,Kamui KOBAYASHI,Jose Maria LOPEZ,2022_LeMans,Hypercar,Top Class (LMP1/Hypercar),207.749
Glickenhaus Racing #709,3,3,Glickenhaus Racing,Glickenhaus 007 LMH,HYPERCAR,,LeMans,24,2022,375,24:02:09.625,5 Laps,5 Laps,Michelin,Classified,353.0,3:28.227,235.6,Ryan BRISCOE,Richard WESTBROOK,Franck MAILLEUX,2022_LeMans,Hypercar,Top Class (LMP1/Hypercar),208.227
Glickenhaus Racing #708,4,4,Glickenhaus Racing,Glickenhaus 007 LMH,HYPERCAR,,LeMans,24,2022,370,24:04:07.641,10 Laps,5 Laps,Michelin,Classified,348.0,3:27.765,236.1,Olivier PLA,Romain DUMAS,Luis Felipe DERANI,2022_LeMans,Hypercar,Top Class (LMP1/Hypercar),207.765
JOTA #38,5,1,JOTA,Oreca 07 - Gibson,LMP2,,LeMans,24,2022,369,24:02:12.363,11 Laps,1 Laps,Goodyear,Classified,295.0,3:31.721,231.7,Roberto GONZALEZ,Antonio Felix DA COSTA,William STEVENS,2022_LeMans,LMP2,LMP2,211.721
Prema Orlen Team #9,6,2,Prema Orlen Team,Oreca 07 - Gibson,LMP2,,LeMans,24,2022,369,24:04:34.283,11 Laps,2'21.920,Goodyear,Classified,137.0,3:32.335,231.0,Robert KUBICA,Louis DELETRAZ,Lorenzo COLOMBO,2022_LeMans,LMP2,LMP2,212.335
JOTA #28,7,3,JOTA,Oreca 07 - Gibson,LMP2,,LeMans,24,2022,368,24:02:12.423,12 Laps,1 Laps,Goodyear,Classified,173.0,3:32.750,230.6,Oliver RASMUSSEN,Edward JONES,Jonathan ABERDEIN,2022_LeMans,LMP2,LMP2,212.75
TDS Racing x Vaillante #13,8,4,TDS Racing x Vaillante,Oreca 07 - Gibson,LMP2,,LeMans,24,2022,368,24:03:06.649,12 Laps,54.226,Goodyear,Classified,274.0,3:31.728,231.7,Nyck DE VRIES,Mathias BECHE,Tijmen VAN DER HELM,2022_LeMans,LMP2,LMP2,211.728
Team Penske #5,9,5,Team Penske,Oreca 07 - Gibson,LMP2,,LeMans,24,2022,368,24:03:31.822,12 Laps,25.173,Goodyear,Classified,299.0,3:31.910,231.5,Dane CAMERON,Emmanuel COLLARD,Felipe NASR,2022_LeMans,LMP2,LMP2,211.91
United Autosports USA #23,10,6,United Autosports USA,Oreca 07 - Gibson,LMP2,,LeMans,24,2022,368,24:04:42.738,12 Laps,1'10.916,Goodyear,Classified,299.0,3:32.436,230.9,Alexander LYNN,Oliver JARVIS,Joshua PIERSON,2022_LeMans,LMP2,LMP2,212.436
COOL Racing #37,11,7,COOL Racing,Oreca 07 - Gibson,LMP2,,LeMans,24,2022,367,24:04:55.347,13 Laps,1 Laps,Goodyear,Classified,286.0,3:31.421,232.0,Yifei YE,Ricky TAYLOR,Niklas KRUETTEN,2022_LeMans,LMP2,LMP2,211.421
IDEC Sport #48,12,8,IDEC Sport,Oreca 07 - Gibson,LMP2,,LeMans,24,2022,366,24:02:31.743,14 Laps,1 Laps,Goodyear,Classified,292.0,3:31.601,231.8,Paul LAFARGUE,Paul Loup CHATIN,Patrick PILET,2022_LeMans,LMP2,LMP2,211.601
Richard Mille Racing Team #1,13,9,Richard Mille Racing Team,Oreca 07 - Gibson,LMP2,,LeMans,24,2022,366,24:04:14.706,14 Laps,1'42.963,Goodyear,Classified,353.0,3:33.513,229.7,Lilou WADOUX,Sébastien OGIER,Charles MILESI,2022_LeMans,LMP2,LMP2,213.513
United Autosports USA #22,14,10,United Autosports USA,Oreca 07 - Gibson,LMP2,,LeMans,24,2022,366,24:04:25.531,14 Laps,10.825,Goodyear,Classified,254.0,3:32.628,230.7,Philip HANSON,Filipe ALBUQUERQUE,Will OWEN,2022_LeMans,LMP2,LMP2,212.628
Team WRT #32,15,11,Team WRT,Oreca 07 - Gibson,LMP2,,LeMans,24,2022,366,24:04:27.465,14 Laps,1.934,Goodyear,Classified,218.0,3:30.946,232.5,Rolf INEICHEN,Mirko BORTOLOTTI,Dries VANTHOOR,2022_LeMans,LMP2,LMP2,210.946
Panis Racing #65,16,12,Panis Racing,Oreca 07 - Gibson,LMP2,,LeMans,24,2022,366,24:05:17.854,14 Laps,50.389,Goodyear,Classified,281.0,3:31.097,232.4,Julien CANAL,Nicolas JAMIN,Job VAN UITERT,2022_LeMans,LMP2,LMP2,211.097
Inter Europol Competition #34,17,13,Inter Europol Competition,Oreca 07 - Gibson,LMP2,,LeMans,24,2022,365,24:05:17.662,15 Laps,1 Laps,Goodyear,Classified,326.0,3:33.663,229.6,Jakub SMIECHOWSKI,Alex BRUNDLE,Esteban GUTIERREZ,2022_LeMans,LMP2,LMP2,213.663
Inter Europol Competition #43,18,14,Inter Europol Competition,Oreca 07 - Gibson,LMP2,,LeMans,24,2022,364,24:03:21.865,16 Laps,1 Laps,Goodyear,Classified,363.0,3:33.137,230.2,David HEINEMEIER-HANSSON,Fabio SCHERER,Pietro FITTIPALDI,2022_LeMans,LMP2,LMP2,213.137
Algarve Pro Racing #45,19,15,Algarve Pro Racing,Oreca 07 - Gibson,LMP2,P/A,LeMans,24,2022,363,24:02:19.197,17 Laps,1 Laps,Goodyear,Classified,7.0,3:32.629,230.7,Steven THOMAS,James ALLEN,René BINDER,2022_LeMans,LMP2,LMP2,212.629
Nielsen Racing #24,20,16,Nielsen Racing,Oreca 07 - Gibson,LMP2,P/A,LeMans,24,2022,362,24:04:08.004,18 Laps,1 Laps,Goodyear,Classified,288.0,3:33.562,229.7,Rodrigo SALES,Matthew BELL,Ben HANLEY,2022_LeMans,LMP2,LMP2,213.562
Realteam by WRT #41,21,17,Realteam by WRT,Oreca 07 - Gibson,LMP2,,LeMans,24,2022,362,24:04:28.719,18 Laps,20.715,Goodyear,Classified,312.0,3:30.918,232.6,Rui ANDRADE,Ferdinand HABSBURG,Norman NATO,2022_LeMans,LMP2,LMP2,210.918
DKR Engineering #3,22,18,DKR Engineering,Oreca 07 - Gibson,LMP2,P/A,LeMans,24,2022,362,24:04:32.884,18 Laps,4.165,Goodyear,Classified,288.0,3:33.601,229.7,Laurents HORR,Jean GLORIEUX,Alexandre COUGNAUD,2022_LeMans,LMP2,LMP2,213.601
Alpine ELF Team #36,23,5,Alpine ELF Team,Alpine A480 - Gibson,HYPERCAR,,LeMans,24,2022,362,24:04:37.074,18 Laps,4.190,Michelin,Classified,351.0,3:30.030,233.6,André NEGRÃO,Nicolas LAPIERRE,Matthieu VAXIVIERE,2022_LeMans,Hypercar,Top Class (LMP1/Hypercar),210.03
AF Corse #83,24,19,AF Corse,Oreca 07 - Gibson,LMP2,P/A,LeMans,24,2022,361,24:02:25.963,19 Laps,1 Laps,Goodyear,Classified,143.0,3:32.949,230.4,François PERRODO,Nicklas NIELSEN,Alessio ROVERA,2022_LeMans,LMP2,LMP2,212.949
Algarve Pro Racing #47,25,20,Algarve Pro Racing,Oreca 07 - Gibson,LMP2,P/A,LeMans,24,2022,361,24:04:43.281,19 Laps,2'17.318,Goodyear,Classified,305.0,3:31.652,231.8,Sophia FLOERSCH,John FALB,Jack AITKEN,2022_LeMans,LMP2,LMP2,211.652
ARC Bratislava #44,26,21,ARC Bratislava,Oreca 07 - Gibson,LMP2,P/A,LeMans,24,2022,360,24:03:14.756,20 Laps,1 Laps,Goodyear,Classified,347.0,3:32.229,231.1,Miroslav KONOPKA,Bent VISCAAL,Tristan VAUTIER,2022_LeMans,LMP2,LMP2,212.22899999999998
Vector Sport #10,27,22,Vector Sport,Oreca 07 - Gibson,LMP2,,LeMans,24,2022,357,24:02:42.505,23 Laps,3 Laps,Goodyear,Classified,345.0,3:31.115,232.4,Nico MÜLLER,Ryan CULLEN,Sebastien BOURDAIS,2022_LeMans,LMP2,LMP2,211.115
Porsche GT Team #91,28,1,Porsche GT Team,Porsche 911 RSR - 19,LMGTE Pro,,LeMans,24,2022,350,24:04:52.108,30 Laps,7 Laps,Michelin,Classified,269.0,3:49.060,214.2,Gianmaria BRUNI,Richard LIETZ,Frédéric MAKOWIECKI,2022_LeMans,LMGTE Pro,GT (GTE Pro/Am),229.06
AF Corse #51,29,2,AF Corse,Ferrari 488 GTE Evo,LMGTE Pro,,LeMans,24,2022,350,24:05:34.792,30 Laps,42.684,Michelin,Classified,279.0,3:49.109,214.1,Alessandro PIER GUIDI,James CALADO,Daniel SERRA,2022_LeMans,LMGTE Pro,GT (GTE Pro/Am),229.109
AF Corse #52,30,3,AF Corse,Ferrari 488 GTE Evo,LMGTE Pro,,LeMans,24,2022,349,24:05:36.840,31 Laps,1 Laps,Michelin,Classified,277.0,3:49.196,214.0,Miguel MOLINA,Antonio FUOCO,Davide RIGON,2022_LeMans,LMGTE Pro,GT (GTE Pro/Am),229.196
Porsche GT Team #92,31,4,Porsche GT Team,Porsche 911 RSR - 19,LMGTE Pro,,LeMans,24,2022,348,24:04:02.137,32 Laps,1 Laps,Michelin,Classified,276.0,3:48.356,214.8,Michael CHRISTENSEN,Kevin ESTRE,Laurens VANTHOOR,2022_LeMans,LMGTE Pro,GT (GTE Pro/Am),228.356
Riley Motorsports #74,32,5,Riley Motorsports,Ferrari 488 GTE Evo,LMGTE Pro,,LeMans,24,2022,347,24:04:12.735,33 Laps,1 Laps,Michelin,Classified,259.0,3:49.391,213.8,Felipe FRAGA,Sam BIRD,Shane VAN GISBERGEN,2022_LeMans,LMGTE Pro,GT (GTE Pro/Am),229.391
Graff Racing #39,33,23,Graff Racing,Oreca 07 - Gibson,LMP2,P/A,LeMans,24,2022,344,24:04:41.286,36 Laps,3 Laps,Goodyear,Classified,333.0,3:33.267,230.0,Eric TROUILLET,Sébastien PAGE,David DROUX,2022_LeMans,LMP2,LMP2,213.267
TF Sport #33,34,1,TF Sport,Aston Martin VANTAGE AMR,LMGTE Am,,LeMans,24,2022,343,24:03:37.664,37 Laps,1 Laps,Michelin,Classified,277.0,3:53.266,210.3,Ben KEATING,Henrique CHAVES,Marco SØRENSEN,2022_LeMans,LMGTE Am,GT (GTE Pro/Am),233.266
WeatherTech Racing #79,35,2,WeatherTech Racing,Porsche 911 RSR - 19,LMGTE Am,,LeMans,24,2022,343,24:04:22.110,37 Laps,44.446,Michelin,Classified,272.0,3:50.445,212.9,Cooper MACNEIL,Julien ANDLAUER,Thomas MERRILL,2022_LeMans,LMGTE Am,GT (GTE Pro/Am),230.445
Northwest AMR #98,36,3,Northwest AMR,Aston Martin VANTAGE AMR,LMGTE Am,,LeMans,24,2022,342,24:05:22.088,38 Laps,1 Laps,Michelin,Classified,322.0,3:52.908,210.6,Paul DALLA LANA,David PITTARD,Nicki THIIM,2022_LeMans,LMGTE Am,GT (GTE Pro/Am),232.90800000000002
GR Racing #86,37,4,GR Racing,Porsche 911 RSR - 19,LMGTE Am,,LeMans,24,2022,340,24:04:24.064,40 Laps,2 Laps,Michelin,Classified,109.0,3:50.848,212.5,Michael WAINWRIGHT,Riccardo PERA,Benjamin BARKER,2022_LeMans,LMGTE Am,GT (GTE Pro/Am),230.848
Dempsey - Proton Racing #88,38,5,Dempsey - Proton Racing,Porsche 911 RSR - 19,LMGTE Am,,LeMans,24,2022,340,24:04:51.138,40 Laps,27.074,Michelin,Classified,319.0,3:51.067,212.3,Fred POORDAD,Maxwell ROOT,Jan HEYLEN,2022_LeMans,LMGTE Am,GT (GTE Pro/Am),231.067
AF Corse #54,39,6,AF Corse,Ferrari 488 GTE Evo,LMGTE Am,,LeMans,24,2022,340,24:05:00.725,40 Laps,9.587,Michelin,Classified,312.0,3:52.722,210.8,Thomas FLOHR,Francesco CASTELLACCI,Nicholas CASSIDY,2022_LeMans,LMGTE Am,GT (GTE Pro/Am),232.722
Iron Dames #85,40,7,Iron Dames,Ferrari 488 GTE Evo,LMGTE Am,,LeMans,24,2022,339,24:02:10.199,41 Laps,1 Laps,Michelin,Classified,303.0,3:54.044,209.6,Rahel FREY,Michelle GATTING,Sarah BOVY,2022_LeMans,LMGTE Am,GT (GTE Pro/Am),234.04399999999998
AF Corse #21,41,8,AF Corse,Ferrari 488 GTE Evo,LMGTE Am,,LeMans,24,2022,339,24:03:17.392,41 Laps,1'07.193,Michelin,Classified,273.0,3:53.254,210.3,Simon MANN,Christoph ULRICH,Toni VILANDER,2022_LeMans,LMGTE Am,GT (GTE Pro/Am),233.254
AF Corse #61,42,9,AF Corse,Ferrari 488 GTE Evo,LMGTE Am,,LeMans,24,2022,339,24:03:29.454,41 Laps,12.062,Michelin,Classified,272.0,3:52.742,210.8,Louis PRETTE,Conrad GRUNEWALD,Vincent ABRIL,2022_LeMans,LMGTE Am,GT (GTE Pro/Am),232.742
Spirit of Race #55,43,10,Spirit of Race,Ferrari 488 GTE Evo,LMGTE Am,,LeMans,24,2022,339,24:04:17.500,41 Laps,48.046,Michelin,Classified,161.0,3:53.722,209.9,Duncan CAMERON,Matthew GRIFFIN,David PEREL,2022_LeMans,LMGTE Am,GT (GTE Pro/Am),233.722
Hardpoint Motorsport #99,44,11,Hardpoint Motorsport,Porsche 911 RSR - 19,LMGTE Am,,LeMans,24,2022,338,24:04:54.909,42 Laps,1 Laps,Michelin,Classified,334.0,3:51.332,212.0,Andrew HARYANTO,Alessio PICARIELLO,Martin RUMP,2022_LeMans,LMGTE Am,GT (GTE Pro/Am),231.332
Kessel Racing #57,45,12,Kessel Racing,Ferrari 488 GTE Evo,LMGTE Am,,LeMans,24,2022,336,24:02:53.572,44 Laps,2 Laps,Michelin,Classified,259.0,3:53.398,210.2,Takeshi KIMURA,Frederik SCHANDORFF,Mikkel JENSEN,2022_LeMans,LMGTE Am,GT (GTE Pro/Am),233.398
Iron Lynx #80,46,13,Iron Lynx,Ferrari 488 GTE Evo,LMGTE Am,,LeMans,24,2022,336,24:04:38.387,44 Laps,1'44.815,Michelin,Classified,175.0,3:53.640,210.0,Matteo CRESSONI,Giancarlo FISICHELLA,Richard HEISTAND,2022_LeMans,LMGTE Am,GT (GTE Pro/Am),233.64
Dempsey - Proton Racing #77,47,14,Dempsey - Proton Racing,Porsche 911 RSR - 19,LMGTE Am,,LeMans,24,2022,336,24:05:08.645,44 Laps,30.258,Michelin,Classified,185.0,3:51.438,212.0,Christian RIED,Sebastian PRIAULX,Harry TINCKNELL,2022_LeMans,LMGTE Am,GT (GTE Pro/Am),231.438
Ultimate #35,48,24,Ultimate,Oreca 07 - Gibson,LMP2,P/A,LeMans,24,2022,335,24:02:31.404,45 Laps,1 Laps,Goodyear,Classified,173.0,3:35.842,227.3,Jean-Baptiste LAHAYE,Matthieu LAHAYE,François HERIAU,2022_LeMans,LMP2,LMP2,215.84199999999998
CD Sport #27,49,25,CD Sport,Ligier JSP217 - Gibson,LMP2,P/A,LeMans,24,2022,333,24:03:10.353,47 Laps,2 Laps,Goodyear,Classified,326.0,3:36.478,226.6,Christophe CRESP,Michael JENSEN,Steven PALETTE,2022_LeMans,LMP2,LMP2,216.478
JMW Motorsport #66,50,15,JMW Motorsport,Ferrari 488 GTE Evo,LMGTE Am,,LeMans,24,2022,331,24:02:42.326,49 Laps,2 Laps,Michelin,Classified,140.0,3:55.041,208.7,Renger VAN DER ZANDE,Mark KVAMME,Jason HART,2022_LeMans,LMGTE Am,GT (GTE Pro/Am),235.041
Proton Competition #93,51,16,Proton Competition,Porsche 911 RSR - 19,LMGTE Am,,LeMans,24,2022,329,24:04:51.791,51 Laps,2 Laps,Michelin,Classified,49.0,3:51.745,211.7,Michael FASSBENDER,Matt CAMPBELL,Zacharie ROBICHON,2022_LeMans,LMGTE Am,GT (GTE Pro/Am),231.745
Duqueine Team #30,52,26,Duqueine Team,Oreca 07 - Gibson,LMP2,,LeMans,24,2022,326,24:04:20.481,54 Laps,3 Laps,Goodyear,Classified,252.0,3:32.436,230.9,Richard BRADLEY,Guillermo ROJAS,Reshad DE GERUS,2022_LeMans,LMP2,LMP2,212.436
Iron Lynx #75,53,17,Iron Lynx,Ferrari 488 GTE Evo,LMGTE Am,,LeMans,24,2022,324,24:03:56.592,56 Laps,2 Laps,Michelin,Classified,269.0,3:54.093,209.5,Pierre EHRET,Christian HOOK,Nicolas VARRONE,2022_LeMans,LMGTE Am,GT (GTE Pro/Am),234.09300000000002
Iron Lynx #60,54,18,Iron Lynx,Ferrari 488 GTE Evo,LMGTE Am,,LeMans,24,2022,289,20:49:43.957,91 Laps,35 Laps,Michelin,Not classified,258.0,3:53.765,209.8,Claudio SCHIAVONI,Alessandro BALZAN,Raffaele GIAMMARIA,2022_LeMans,LMGTE Am,GT (GTE Pro/Am),233.765
WRT #31,55,27,WRT,Oreca 07 - Gibson,LMP2,,LeMans,24,2022,285,18:39:24.922,95 Laps,4 Laps,Goodyear,Retired,131.0,3:32.136,231.2,Sean GELAEL,Robin FRIJNS,René RAST,2022_LeMans,LMP2,LMP2,212.136
Corvette Racing #64,56,6,Corvette Racing,Chevrolet Corvette C8.R,LMGTE Pro,,LeMans,24,2022,260,17:48:06.898,120 Laps,25 Laps,Michelin,Retired,240.0,3:48.771,214.4,Tommy MILNER,Nick TANDY,Alexander SIMS,2022_LeMans,LMGTE Pro,GT (GTE Pro/Am),228.77100000000002
Team Project 1 #56,57,19,Team Project 1,Porsche 911 RSR - 19,LMGTE Am,,LeMans,24,2022,241,16:35:42.822,139 Laps,19 Laps,Michelin,Retired,54.0,3:52.046,211.4,Brendan IRIBE,Oliver MILLROY,Ben BARNICOAT,2022_LeMans,LMGTE Am,GT (GTE Pro/Am),232.046
Corvette Racing #63,58,7,Corvette Racing,Chevrolet Corvette C8.R,LMGTE Pro,,LeMans,24,2022,214,15:53:20.947,166 Laps,27 Laps,Michelin,Retired,156.0,3:49.696,213.6,Antonio GARCIA,Jordan TAYLOR,Nicky CATSBURG,2022_LeMans,LMGTE Pro,GT (GTE Pro/Am),229.696
Inception Racing #59,59,20,Inception Racing,Ferrari 488 GTE Evo,LMGTE Am,,LeMans,24,2022,190,13:03:15.012,190 Laps,24 Laps,Michelin,Retired,130.0,3:54.379,209.3,Alexander WEST,Côme LEDOGAR,Marvin KLEIN,2022_LeMans,LMGTE Am,GT (GTE Pro/Am),234.379
Spirit of Race #71,60,21,Spirit of Race,Ferrari 488 GTE Evo,LMGTE Am,,LeMans,24,2022,127,9:49:49.725,253 Laps,63 Laps,Michelin,Retired,61.0,3:54.374,209.3,Franck DEZOTEUX,Pierre RAGUES,Gabriel AUBRY,2022_LeMans,LMGTE Am,GT (GTE Pro/Am),234.374
D'Station Racing #777,61,22,D'Station Racing,Aston Martin VANTAGE AMR,LMGTE Am,,LeMans,24,2022,112,7:52:30.427,268 Laps,15 Laps,Michelin,Retired,45.0,3:53.977,209.7,Satoshi HOSHINO,Tomonobu FUJII,Charles FAGG,2022_LeMans,LMGTE Am,GT (GTE Pro/Am),233.977
Team Project 1 #46,62,23,Team Project 1,Porsche 911 RSR - 19,LMGTE Am,,LeMans,24,2022,77,5:55:46.174,303 Laps,35 Laps,Michelin,Retired,4.0,3:51.318,212.1,Matteo CAIROLI,Mikkel PEDERSEN,Nicolas LEUTWILER,2022_LeMans,LMGTE Am,GT (GTE Pro/Am),231.31799999999998
Toyota Gazoo Racing #7,1,1,Toyota Gazoo Racing,Toyota GR010 HYBRID,HYPERCAR,H,Spa,6,2022,103,6:00:31.052,,,Michelin,Classified,5.0,2:05.624,200.7,Mike CONWAY,Kamui KOBAYASHI,Jose Maria LOPEZ,2022_Spa,Hypercar,Top Class (LMP1/Hypercar),125.624
Alpine ELF Team #36,2,2,Alpine ELF Team,Alpine A480 - Gibson,HYPERCAR,,Spa,6,2022,103,6:00:58.525,27.473,27.473,Michelin,Classified,5.0,2:06.051,200.0,André NEGRÃO,Nicolas LAPIERRE,Matthieu VAXIVIERE,2022_Spa,Hypercar,Top Class (LMP1/Hypercar),126.051
WRT #31,3,1,WRT,Oreca 07 - Gibson,LMP2,,Spa,6,2022,103,6:01:37.237,1'06.185,38.712,Goodyear,Classified,6.0,2:07.648,197.5,Sean GELAEL,Robin FRIJNS,René RAST,2022_Spa,LMP2,LMP2,127.648
Realteam by WRT #41,4,2,Realteam by WRT,Oreca 07 - Gibson,LMP2,,Spa,6,2022,103,6:02:11.728,1'40.676,34.491,Goodyear,Classified,8.0,2:08.616,196.0,Rui ANDRADE,Ferdinand HABSBURG,Norman NATO,2022_Spa,LMP2,LMP2,128.61599999999999
JOTA #38,5,3,JOTA,Oreca 07 - Gibson,LMP2,,Spa,6,2022,103,6:02:19.623,1'48.571,7.895,Goodyear,Classified,5.0,2:06.955,198.6,Roberto GONZALEZ,Antonio Felix DA COSTA,William STEVENS,2022_Spa,LMP2,LMP2,126.955
Team Penske #5,6,4,Team Penske,Oreca 07 - Gibson,LMP2,,Spa,6,2022,103,6:02:28.662,1'57.610,9.039,Goodyear,Classified,6.0,2:08.238,196.6,Dane CAMERON,Emmanuel COLLARD,Felipe NASR,2022_Spa,LMP2,LMP2,128.238
United Autosports USA #22,7,5,United Autosports USA,Oreca 07 - Gibson,LMP2,,Spa,6,2022,103,6:02:28.953,1'57.901,0.291,Goodyear,Classified,5.0,2:07.859,197.2,Philip HANSON,Filipe ALBUQUERQUE,William OWEN,2022_Spa,LMP2,LMP2,127.859
United Autosports USA #23,8,6,United Autosports USA,Oreca 07 - Gibson,LMP2,,Spa,6,2022,102,6:00:51.555,1 Laps,1 Laps,Goodyear,Classified,5.0,2:08.264,196.6,Alexander LYNN,Oliver JARVIS,Joshua PIERSON,2022_Spa,LMP2,LMP2,128.264
Glickenhaus Racing #708,9,3,Glickenhaus Racing,Glickenhaus 007 LMH,HYPERCAR,,Spa,6,2022,102,6:01:27.670,1 Laps,36.115,Michelin,Classified,5.0,2:05.448,201.0,Olivier PLA,Romain DUMAS,Luis Felipe DERANI,2022_Spa,Hypercar,Top Class (LMP1/Hypercar),125.44800000000001
Prema Orlen Team #9,10,7,Prema Orlen Team,Oreca 07 - Gibson,LMP2,,Spa,6,2022,102,6:02:11.572,1 Laps,43.902,Goodyear,Classified,7.0,2:07.865,197.2,Robert KUBICA,Louis DELETRAZ,Lorenzo COLOMBO,2022_Spa,LMP2,LMP2,127.865
AF Corse #51,11,1,AF Corse,Ferrari 488 GTE Evo,LMGTE Pro,,Spa,6,2022,102,6:02:27.343,1 Laps,15.771,Michelin,Classified,11.0,2:15.984,185.4,Alessandro PIER GUIDI,James CALADO,,2022_Spa,LMGTE Pro,GT (GTE Pro/Am),135.984
Porsche GT Team #92,12,2,Porsche GT Team,Porsche 911 RSR - 19,LMGTE Pro,,Spa,6,2022,102,6:02:27.866,1 Laps,0.523,Michelin,Classified,9.0,2:15.220,186.5,Michael CHRISTENSEN,Kevin ESTRE,,2022_Spa,LMGTE Pro,GT (GTE Pro/Am),135.22
AF Corse #52,13,3,AF Corse,Ferrari 488 GTE Evo,LMGTE Pro,,Spa,6,2022,102,6:02:28.599,1 Laps,0.733,Michelin,Classified,11.0,2:15.983,185.4,Miguel MOLINA,Antonio FUOCO,,2022_Spa,LMGTE Pro,GT (GTE Pro/Am),135.983
Richard Mille Racing Team #1,14,8,Richard Mille Racing Team,Oreca 07 - Gibson,LMP2,,Spa,6,2022,101,6:00:39.159,2 Laps,1 Laps,Goodyear,Classified,8.0,2:08.397,196.4,Lilou WADOUX,Sébastien OGIER,Charles MILESI,2022_Spa,LMP2,LMP2,128.397
AF Corse #83,15,9,AF Corse,Oreca 07 - Gibson,LMP2,P/A,Spa,6,2022,101,6:01:01.754,2 Laps,22.595,Goodyear,Classified,8.0,2:07.878,197.2,François PERRODO,Nicklas NIELSEN,Alessio ROVERA,2022_Spa,LMP2,LMP2,127.878
Vector Sport #10,16,10,Vector Sport,Oreca 07 - Gibson,LMP2,,Spa,6,2022,101,6:01:02.254,2 Laps,0.500,Goodyear,Classified,9.0,2:08.359,196.4,Nico MÜLLER,Ryan CULLEN,Sebastien BOURDAIS,2022_Spa,LMP2,LMP2,128.359
Algarve Pro Racing #45,17,11,Algarve Pro Racing,Oreca 07 - Gibson,LMP2,P/A,Spa,6,2022,101,6:01:09.553,2 Laps,7.299,Goodyear,Classified,21.0,2:08.549,196.1,Steven THOMAS,James ALLEN,René BINDER,2022_Spa,LMP2,LMP2,128.549
Corvette Racing #64,18,4,Corvette Racing,Chevrolet Corvette C8.R,LMGTE Pro,,Spa,6,2022,101,6:02:04.285,2 Laps,54.732,Michelin,Classified,6.0,2:15.444,186.2,Tommy MILNER,Nick TANDY,,2022_Spa,LMGTE Pro,GT (GTE Pro/Am),135.444
Ultimate #35,19,12,Ultimate,Oreca 07 - Gibson,LMP2,P/A,Spa,6,2022,100,6:01:48.001,3 Laps,1 Laps,Goodyear,Classified,92.0,2:09.608,194.5,Jean-Baptiste LAHAYE,Matthieu LAHAYE,François HERIAU,2022_Spa,LMP2,LMP2,129.608
Porsche GT Team #91,20,5,Porsche GT Team,Porsche 911 RSR - 19,LMGTE Pro,,Spa,6,2022,100,6:02:20.208,3 Laps,32.207,Michelin,Classified,4.0,2:15.147,186.6,Gianmaria BRUNI,Richard LIETZ,,2022_Spa,LMGTE Pro,GT (GTE Pro/Am),135.147
Dempsey - Proton Racing #77,21,1,Dempsey - Proton Racing,Porsche 911 RSR - 19,LMGTE Am,,Spa,6,2022,99,6:01:18.670,4 Laps,1 Laps,Michelin,Classified,96.0,2:18.052,182.6,Christian RIED,Sebastian PRIAULX,Harry TINCKNELL,2022_Spa,LMGTE Am,GT (GTE Pro/Am),138.052
TF Sport #33,22,2,TF Sport,Aston Martin Vantage AMR,LMGTE Am,,Spa,6,2022,99,6:01:20.209,4 Laps,1.539,Michelin,Classified,90.0,2:18.228,182.4,Ben KEATING,Henrique CHAVES,Marco SØRENSEN,2022_Spa,LMGTE Am,GT (GTE Pro/Am),138.228
Northwest AMR #98,23,3,Northwest AMR,Aston Martin Vantage AMR,LMGTE Am,,Spa,6,2022,99,6:01:22.351,4 Laps,2.142,Michelin,Classified,98.0,2:17.888,182.9,Paul DALLA LANA,David PITTARD,Nicki THIIM,2022_Spa,LMGTE Am,GT (GTE Pro/Am),137.888
AF Corse #54,24,4,AF Corse,Ferrari 488 GTE Evo,LMGTE Am,,Spa,6,2022,99,6:01:50.607,4 Laps,28.256,Michelin,Classified,98.0,2:18.226,182.4,Thomas FLOHR,Francesco CASTELLACCI,Nicholas CASSIDY,2022_Spa,LMGTE Am,GT (GTE Pro/Am),138.226
Team Project 1 #46,25,5,Team Project 1,Porsche 911 RSR - 19,LMGTE Am,,Spa,6,2022,99,6:02:20.575,4 Laps,29.968,Michelin,Classified,87.0,2:18.337,182.3,Matteo CAIROLI,Mikkel PEDERSEN,Nicolas LEUTWILER,2022_Spa,LMGTE Am,GT (GTE Pro/Am),138.337
GR Racing #86,26,6,GR Racing,Porsche 911 RSR - 19,LMGTE Am,,Spa,6,2022,98,6:01:49.371,5 Laps,1 Laps,Michelin,Classified,88.0,2:17.160,183.8,Michael WAINWRIGHT,Riccardo PERA,Benjamin BARKER,2022_Spa,LMGTE Am,GT (GTE Pro/Am),137.16
D'Station Racing #777,27,7,D'Station Racing,Aston Martin Vantage AMR,LMGTE Am,,Spa,6,2022,97,6:01:10.265,6 Laps,1 Laps,Michelin,Classified,11.0,2:17.313,183.6,Satoshi HOSHINO,Tomonobu FUJII,Charles FAGG,2022_Spa,LMGTE Am,GT (GTE Pro/Am),137.313
Iron Lynx #60,28,8,Iron Lynx,Ferrari 488 GTE Evo,LMGTE Am,,Spa,6,2022,97,6:02:19.405,6 Laps,1'09.140,Michelin,Classified,96.0,2:18.902,181.5,Claudio SCHIAVONI,Matteo CRESSONI,Giancarlo FISICHELLA,2022_Spa,LMGTE Am,GT (GTE Pro/Am),138.902
Dempsey - Proton Racing #88,29,9,Dempsey - Proton Racing,Porsche 911 RSR - 19,LMGTE Am,,Spa,6,2022,96,6:01:06.566,7 Laps,1 Laps,Michelin,Classified,88.0,2:19.087,181.3,Fred POORDAD,Patrick LINDSEY,Jan HEYLEN,2022_Spa,LMGTE Am,GT (GTE Pro/Am),139.087
Iron Dames #85,30,10,Iron Dames,Ferrari 488 GTE Evo,LMGTE Am,,Spa,6,2022,96,6:02:49.735,7 Laps,1'43.169,Michelin,Classified,87.0,2:20.046,180.0,Rahel FREY,Doriane PIN,Christina NIELSEN,2022_Spa,LMGTE Am,GT (GTE Pro/Am),140.046
AF Corse #21,31,11,AF Corse,Ferrari 488 GTE Evo,LMGTE Am,,Spa,6,2022,94,6:00:42.263,9 Laps,2 Laps,Michelin,Classified,19.0,2:17.381,183.5,Simon MANN,Christoph ULRICH,Toni VILANDER,2022_Spa,LMGTE Am,GT (GTE Pro/Am),137.381
Spirit of Race #71,32,12,Spirit of Race,Ferrari 488 GTE Evo,LMGTE Am,,Spa,6,2022,91,6:02:14.390,12 Laps,3 Laps,Michelin,Classified,6.0,2:17.750,183.0,Franck DEZOTEUX,Pierre RAGUES,Gabriel AUBRY,2022_Spa,LMGTE Am,GT (GTE Pro/Am),137.75
Team Project 1 #56,33,13,Team Project 1,Porsche 911 RSR - 19,LMGTE Am,,Spa,6,2022,93,5:54:55.352,10 Laps,-2 Laps,Michelin,Not classified,88.0,2:19.285,181.0,Brendan IRIBE,Oliver MILLROY,Ben BARNICOAT,2022_Spa,LMGTE Am,GT (GTE Pro/Am),139.285
JOTA #28,34,13,JOTA,Oreca 07 - Gibson,LMP2,,Spa,6,2022,82,5:15:01.826,21 Laps,11 Laps,Goodyear,Not classified,6.0,2:08.616,196.0,Oliver RASMUSSEN,Edward JONES,Jonathan ABERDEIN,2022_Spa,LMP2,LMP2,128.61599999999999
Inter Europol Competition #34,35,14,Inter Europol Competition,Oreca 07 - Gibson,LMP2,,Spa,6,2022,52,3:06:45.121,51 Laps,30 Laps,Goodyear,Not classified,7.0,2:09.072,195.3,Jakub SMIECHOWSKI,Alex BRUNDLE,Esteban GUTIERREZ,2022_Spa,LMP2,LMP2,129.072
Toyota Gazoo Racing #8,36,4,Toyota Gazoo Racing,Toyota GR010 HYBRID,HYPERCAR,H,Spa,6,2022,29,1:05:47.905,74 Laps,23 Laps,Michelin,Not classified,5.0,2:05.298,201.2,Sébastien BUEMI,Brendon HARTLEY,Ryo HIRAKAWA,2022_Spa,Hypercar,Top Class (LMP1/Hypercar),125.298
ARC Bratislava #44,37,15,ARC Bratislava,Oreca 07 - Gibson,LMP2,P/A,Spa,6,2022,25,1:00:13.344,78 Laps,4 Laps,Goodyear,Not classified,13.0,2:13.938,188.3,Miroslav KONOPKA,Tijmen VAN DER HELM,Bent VISCAAL,2022_Spa,LMP2,LMP2,133.938
Alpine ELF Team #36,1,1,Alpine ELF Team,Alpine A480 - Gibson,HYPERCAR,,Monza,6,2022,194,6:00:47.738,,,Michelin,Classified,164.0,1:37.760,213.3,André NEGRÃO,Nicolas LAPIERRE,Matthieu VAXIVIERE,2022_Monza,Hypercar,Top Class (LMP1/Hypercar),97.75999999999999
Toyota Gazoo Racing #8,2,2,Toyota Gazoo Racing,Toyota GR010 HYBRID,HYPERCAR,H,Monza,6,2022,194,6:00:50.500,2.762,2.762,Michelin,Classified,98.0,1:37.847,213.1,Sébastien BUEMI,Brendon HARTLEY,Ryo HIRAKAWA,2022_Monza,Hypercar,Top Class (LMP1/Hypercar),97.84700000000001
Toyota Gazoo Racing #7,3,3,Toyota Gazoo Racing,Toyota GR010 HYBRID,HYPERCAR,H,Monza,6,2022,192,6:01:01.526,2 Laps,2 Laps,Michelin,Classified,167.0,1:37.787,213.3,Mike CONWAY,Kamui KOBAYASHI,Jose Maria LOPEZ,2022_Monza,Hypercar,Top Class (LMP1/Hypercar),97.787
Realteam by WRT #41,4,1,Realteam by WRT,Oreca 07 - Gibson,LMP2,,Monza,6,2022,188,6:01:31.651,6 Laps,4 Laps,Goodyear,Classified,156.0,1:40.178,208.2,Rui ANDRADE,Ferdinand HABSBURG,Norman NATO,2022_Monza,LMP2,LMP2,100.178
JOTA #38,5,2,JOTA,Oreca 07 - Gibson,LMP2,,Monza,6,2022,188,6:01:43.533,6 Laps,11.882,Goodyear,Classified,132.0,1:40.318,207.9,Roberto GONZALEZ,Antonio Felix DA COSTA,William STEVENS,2022_Monza,LMP2,LMP2,100.318
Vector Sport #10,6,3,Vector Sport,Oreca 07 - Gibson,LMP2,,Monza,6,2022,188,6:01:43.917,6 Laps,0.384,Goodyear,Classified,168.0,1:40.485,207.5,Nico MÜLLER,Ryan CULLEN,Sebastien BOURDAIS,2022_Monza,LMP2,LMP2,100.485
Inter Europol Competition #34,7,4,Inter Europol Competition,Oreca 07 - Gibson,LMP2,,Monza,6,2022,188,6:01:52.569,6 Laps,8.652,Goodyear,Classified,161.0,1:40.770,207.0,Jakub SMIECHOWSKI,Alex BRUNDLE,Esteban GUTIERREZ,2022_Monza,LMP2,LMP2,100.77000000000001
United Autosports USA #23,8,5,United Autosports USA,Oreca 07 - Gibson,LMP2,,Monza,6,2022,188,6:02:06.769,6 Laps,14.200,Goodyear,Classified,71.0,1:39.943,208.7,Alexander LYNN,Oliver JARVIS,Joshua PIERSON,2022_Monza,LMP2,LMP2,99.943
Prema Orlen Team #9,9,6,Prema Orlen Team,Oreca 07 - Gibson,LMP2,,Monza,6,2022,188,6:02:18.683,6 Laps,11.914,Goodyear,Classified,3.0,1:39.757,209.1,Robert KUBICA,Louis DELETRAZ,Lorenzo COLOMBO,2022_Monza,LMP2,LMP2,99.757
Algarve Pro Racing #45,10,7,Algarve Pro Racing,Oreca 07 - Gibson,LMP2,P/A,Monza,6,2022,187,6:01:04.952,7 Laps,1 Laps,Goodyear,Classified,48.0,1:40.382,207.8,Steven THOMAS,James ALLEN,René BINDER,2022_Monza,LMP2,LMP2,100.382
Ultimate #35,11,8,Ultimate,Oreca 07 - Gibson,LMP2,P/A,Monza,6,2022,187,6:01:07.332,7 Laps,2.380,Goodyear,Classified,163.0,1:40.968,206.5,Jean-Baptiste LAHAYE,Matthieu LAHAYE,François HERIAU,2022_Monza,LMP2,LMP2,100.968
AF Corse #83,12,9,AF Corse,Oreca 07 - Gibson,LMP2,P/A,Monza,6,2022,187,6:01:07.980,7 Laps,0.648,Goodyear,Classified,166.0,1:40.245,208.0,François PERRODO,Nicklas NIELSEN,Alessio ROVERA,2022_Monza,LMP2,LMP2,100.245
JOTA #28,13,10,JOTA,Oreca 07 - Gibson,LMP2,,Monza,6,2022,186,6:01:46.378,8 Laps,1 Laps,Goodyear,Classified,169.0,1:39.931,208.7,Oliver RASMUSSEN,Edward JONES,Jonathan ABERDEIN,2022_Monza,LMP2,LMP2,99.931
ARC Bratislava #44,14,11,ARC Bratislava,Oreca 07 - Gibson,LMP2,P/A,Monza,6,2022,186,6:02:21.631,8 Laps,35.253,Goodyear,Classified,130.0,1:40.044,208.5,Miroslav KONOPKA,Tijmen VAN DER HELM,Mathias BECHE,2022_Monza,LMP2,LMP2,100.044
Corvette Racing #64,15,1,Corvette Racing,Chevrolet Corvette C8.R,LMGTE Pro,,Monza,6,2022,181,6:01:01.192,13 Laps,5 Laps,Michelin,Classified,21.0,1:46.300,196.2,Tommy MILNER,Nick TANDY,,2022_Monza,LMGTE Pro,GT (GTE Pro/Am),106.3
AF Corse #52,16,2,AF Corse,Ferrari 488 GTE Evo,LMGTE Pro,,Monza,6,2022,181,6:01:20.604,13 Laps,19.412,Michelin,Classified,4.0,1:46.365,196.1,Miguel MOLINA,Antonio FUOCO,,2022_Monza,LMGTE Pro,GT (GTE Pro/Am),106.36500000000001
AF Corse #51,17,3,AF Corse,Ferrari 488 GTE Evo,LMGTE Pro,,Monza,6,2022,181,6:01:48.891,13 Laps,28.287,Michelin,Classified,166.0,1:45.947,196.8,Alessandro PIER GUIDI,James CALADO,,2022_Monza,LMGTE Pro,GT (GTE Pro/Am),105.947
Porsche GT Team #92,18,4,Porsche GT Team,Porsche 911 RSR - 19,LMGTE Pro,,Monza,6,2022,181,6:01:56.102,13 Laps,7.211,Michelin,Classified,5.0,1:46.541,195.7,Michael CHRISTENSEN,Kevin ESTRE,,2022_Monza,LMGTE Pro,GT (GTE Pro/Am),106.541
Porsche GT Team #91,19,5,Porsche GT Team,Porsche 911 RSR - 19,LMGTE Pro,,Monza,6,2022,180,6:02:37.224,14 Laps,1 Laps,Michelin,Classified,5.0,1:46.957,195.0,Gianmaria BRUNI,Frédéric MAKOWIECKI,,2022_Monza,LMGTE Pro,GT (GTE Pro/Am),106.957
Dempsey - Proton Racing #77,20,1,Dempsey - Proton Racing,Porsche 911 RSR - 19,LMGTE Am,,Monza,6,2022,179,6:02:36.558,15 Laps,1 Laps,Michelin,Classified,88.0,1:47.790,193.5,Christian RIED,Sebastian PRIAULX,Harry TINCKNELL,2022_Monza,LMGTE Am,GT (GTE Pro/Am),107.78999999999999
WRT #31,21,12,WRT,Oreca 07 - Gibson,LMP2,,Monza,6,2022,178,6:01:04.810,16 Laps,1 Laps,Goodyear,Classified,106.0,1:39.884,208.8,Sean GELAEL,Robin FRIJNS,René RAST,2022_Monza,LMP2,LMP2,99.884
Iron Dames #85,22,2,Iron Dames,Ferrari 488 GTE Evo,LMGTE Am,,Monza,6,2022,178,6:01:23.768,16 Laps,18.958,Michelin,Classified,61.0,1:48.004,193.1,Rahel FREY,Michelle GATTING,Sarah BOVY,2022_Monza,LMGTE Am,GT (GTE Pro/Am),108.00399999999999
United Autosports USA #22,23,13,United Autosports USA,Oreca 07 - Gibson,LMP2,,Monza,6,2022,178,6:01:29.916,16 Laps,6.148,Goodyear,Classified,4.0,1:39.951,208.7,Philip HANSON,Filipe ALBUQUERQUE,William OWEN,2022_Monza,LMP2,LMP2,99.951
Team Project 1 #46,24,3,Team Project 1,Porsche 911 RSR - 19,LMGTE Am,,Monza,6,2022,178,6:01:33.566,16 Laps,3.650,Michelin,Classified,123.0,1:48.095,192.9,Matteo CAIROLI,Mikkel PEDERSEN,Nicolas LEUTWILER,2022_Monza,LMGTE Am,GT (GTE Pro/Am),108.095
Iron Lynx #60,25,4,Iron Lynx,Ferrari 488 GTE Evo,LMGTE Am,,Monza,6,2022,178,6:02:22.924,16 Laps,49.358,Michelin,Classified,152.0,1:47.966,193.2,Claudio SCHIAVONI,Matteo CRESSONI,Giancarlo FISICHELLA,2022_Monza,LMGTE Am,GT (GTE Pro/Am),107.96600000000001
Spirit of Race #71,26,5,Spirit of Race,Ferrari 488 GTE Evo,LMGTE Am,,Monza,6,2022,177,6:00:49.693,17 Laps,1 Laps,Michelin,Classified,128.0,1:47.970,193.2,Franck DEZOTEUX,Pierre RAGUES,Gabriel AUBRY,2022_Monza,LMGTE Am,GT (GTE Pro/Am),107.97
Dempsey - Proton Racing #88,27,6,Dempsey - Proton Racing,Porsche 911 RSR - 19,LMGTE Am,,Monza,6,2022,177,6:01:12.396,17 Laps,22.703,Michelin,Classified,147.0,1:48.083,193.0,Fred POORDAD,Patrick LINDSEY,Jan HEYLEN,2022_Monza,LMGTE Am,GT (GTE Pro/Am),108.083
AF Corse #21,28,7,AF Corse,Ferrari 488 GTE Evo,LMGTE Am,,Monza,6,2022,177,6:01:32.068,17 Laps,19.672,Michelin,Classified,148.0,1:48.359,192.5,Simon MANN,Christoph ULRICH,Toni VILANDER,2022_Monza,LMGTE Am,GT (GTE Pro/Am),108.35900000000001
Northwest AMR #98,29,8,Northwest AMR,Aston Martin Vantage AMR,LMGTE Am,,Monza,6,2022,177,6:02:29.466,17 Laps,57.398,Michelin,Classified,128.0,1:48.525,192.2,Paul DALLA LANA,David PITTARD,Nicki THIIM,2022_Monza,LMGTE Am,GT (GTE Pro/Am),108.525
AF Corse #54,30,9,AF Corse,Ferrari 488 GTE Evo,LMGTE Am,,Monza,6,2022,177,6:02:37.065,17 Laps,7.599,Michelin,Classified,147.0,1:47.907,193.3,Thomas FLOHR,Francesco CASTELLACCI,Nicholas CASSIDY,2022_Monza,LMGTE Am,GT (GTE Pro/Am),107.907
Team Project 1 #56,31,10,Team Project 1,Porsche 911 RSR - 19,LMGTE Am,,Monza,6,2022,176,6:01:39.193,18 Laps,1 Laps,Michelin,Classified,16.0,1:48.356,192.5,Brendan IRIBE,Oliver MILLROY,Ben BARNICOAT,2022_Monza,LMGTE Am,GT (GTE Pro/Am),108.356
D'Station Racing #777,32,11,D'Station Racing,Aston Martin Vantage AMR,LMGTE Am,,Monza,6,2022,171,6:01:01.794,23 Laps,5 Laps,Michelin,Classified,117.0,1:48.056,193.0,Satoshi HOSHINO,Tomonobu FUJII,Charles FAGG,2022_Monza,LMGTE Am,GT (GTE Pro/Am),108.056
Peugeot TotalEnergies #94,33,4,Peugeot TotalEnergies,Peugeot 9X8,HYPERCAR,H,Monza,6,2022,169,6:00:53.480,25 Laps,2 Laps,Michelin,Classified,150.0,1:38.364,212.0,Loïc DUVAL,Gustavo MENEZES,James ROSSITER,2022_Monza,Hypercar,Top Class (LMP1/Hypercar),98.364
GR Racing #86,34,12,GR Racing,Porsche 911 RSR - 19,LMGTE Am,,Monza,6,2022,163,6:01:24.996,31 Laps,6 Laps,Michelin,Classified,156.0,1:47.523,194.0,Michael WAINWRIGHT,Riccardo PERA,Benjamin BARKER,2022_Monza,LMGTE Am,GT (GTE Pro/Am),107.523
Richard Mille Racing Team #1,35,14,Richard Mille Racing Team,Oreca 07 - Gibson,LMP2,,Monza,6,2022,146,6:01:30.494,48 Laps,17 Laps,Goodyear,Classified,95.0,1:40.664,207.2,Lilou WADOUX,Paul Loup CHATIN,Charles MILESI,2022_Monza,LMP2,LMP2,100.664
Glickenhaus Racing #708,36,5,Glickenhaus Racing,Glickenhaus 007 LMH,HYPERCAR,,Monza,6,2022,96,3:11:17.287,98 Laps,50 Laps,Michelin,Not classified,4.0,1:36.589,215.9,Olivier PLA,Romain DUMAS,Luis Felipe DERANI,2022_Monza,Hypercar,Top Class (LMP1/Hypercar),96.589
TF Sport #33,37,13,TF Sport,Aston Martin Vantage AMR,LMGTE Am,,Monza,6,2022,73,2:32:43.893,121 Laps,23 Laps,Michelin,Not classified,64.0,1:48.105,192.9,Ben KEATING,Henrique CHAVES,Marco SØRENSEN,2022_Monza,LMGTE Am,GT (GTE Pro/Am),108.10499999999999
Peugeot TotalEnergies #93,38,6,Peugeot TotalEnergies,Peugeot 9X8,HYPERCAR,H,Monza,6,2022,46,3:19:55.989,148 Laps,27 Laps,Michelin,Not classified,5.0,1:38.398,211.9,Paul DI RESTA,Mikkel JENSEN,Jean-Eric VERGNE,2022_Monza,Hypercar,Top Class (LMP1/Hypercar),98.398
Toyota Gazoo Racing #8,1,1,Toyota Gazoo Racing,Toyota GR010 HYBRID,HYPERCAR,H,Fuji,6,2022,232,6:01:23.341,,,Michelin,Classified,98.0,1:30.859,180.8,Sébastien BUEMI,Brendon HARTLEY,Ryo HIRAKAWA,2022_Fuji,Hypercar,Top Class (LMP1/Hypercar),90.85900000000001
Toyota Gazoo Racing #7,2,2,Toyota Gazoo Racing,Toyota GR010 HYBRID,HYPERCAR,H,Fuji,6,2022,232,6:02:31.723,1'08.382,1'08.382,Michelin,Classified,2.0,1:30.735,181.0,Mike CONWAY,Kamui KOBAYASHI,Jose Maria LOPEZ,2022_Fuji,Hypercar,Top Class (LMP1/Hypercar),90.735
Alpine ELF Team #36,3,3,Alpine ELF Team,Alpine A480 - Gibson,HYPERCAR,,Fuji,6,2022,230,6:02:14.166,2 Laps,2 Laps,Michelin,Classified,3.0,1:30.992,180.5,André NEGRÃO,Nicolas LAPIERRE,Matthieu VAXIVIERE,2022_Fuji,Hypercar,Top Class (LMP1/Hypercar),90.992
Peugeot TotalEnergies #93,4,4,Peugeot TotalEnergies,Peugeot 9X8,HYPERCAR,H,Fuji,6,2022,225,6:01:31.614,7 Laps,5 Laps,Michelin,Classified,79.0,1:31.115,180.3,Paul DI RESTA,Mikkel JENSEN,Jean-Eric VERGNE,2022_Fuji,Hypercar,Top Class (LMP1/Hypercar),91.115
WRT #31,5,1,WRT,Oreca 07 - Gibson,LMP2,,Fuji,6,2022,225,6:02:40.272,7 Laps,1'08.658,Goodyear,Classified,119.0,1:32.575,177.4,Sean GELAEL,Robin FRIJNS,Dries VANTHOOR,2022_Fuji,LMP2,LMP2,92.575
JOTA #38,6,2,JOTA,Oreca 07 - Gibson,LMP2,,Fuji,6,2022,224,6:01:25.440,8 Laps,1 Laps,Goodyear,Classified,125.0,1:32.605,177.4,Roberto GONZALEZ,Antonio Felix DA COSTA,William STEVENS,2022_Fuji,LMP2,LMP2,92.60499999999999
JOTA #28,7,3,JOTA,Oreca 07 - Gibson,LMP2,,Fuji,6,2022,224,6:01:50.916,8 Laps,25.476,Goodyear,Classified,121.0,1:32.290,178.0,Oliver RASMUSSEN,Edward JONES,Jonathan ABERDEIN,2022_Fuji,LMP2,LMP2,92.28999999999999
Realteam by WRT #41,8,4,Realteam by WRT,Oreca 07 - Gibson,LMP2,,Fuji,6,2022,224,6:01:51.479,8 Laps,0.563,Goodyear,Classified,191.0,1:32.728,177.2,Rui ANDRADE,Ferdinand HABSBURG,Norman NATO,2022_Fuji,LMP2,LMP2,92.72800000000001
United Autosports USA #23,9,5,United Autosports USA,Oreca 07 - Gibson,LMP2,,Fuji,6,2022,224,6:01:58.860,8 Laps,7.381,Goodyear,Classified,173.0,1:32.576,177.4,Alexander LYNN,Oliver JARVIS,Joshua PIERSON,2022_Fuji,LMP2,LMP2,92.576
Prema Orlen Team #9,10,6,Prema Orlen Team,Oreca 07 - Gibson,LMP2,,Fuji,6,2022,224,6:02:04.856,8 Laps,5.996,Goodyear,Classified,168.0,1:33.043,176.6,Robert KUBICA,Louis DELETRAZ,Lorenzo COLOMBO,2022_Fuji,LMP2,LMP2,93.043
United Autosports USA #22,11,7,United Autosports USA,Oreca 07 - Gibson,LMP2,,Fuji,6,2022,224,6:02:35.370,8 Laps,30.514,Goodyear,Classified,174.0,1:32.828,177.0,Philip HANSON,Filipe ALBUQUERQUE,William OWEN,2022_Fuji,LMP2,LMP2,92.828
Richard Mille Racing Team #1,12,8,Richard Mille Racing Team,Oreca 07 - Gibson,LMP2,,Fuji,6,2022,223,6:01:55.266,9 Laps,1 Laps,Goodyear,Classified,58.0,1:33.294,176.1,Lilou WADOUX,Paul Loup CHATIN,Charles MILESI,2022_Fuji,LMP2,LMP2,93.294
Vector Sport #10,13,9,Vector Sport,Oreca 07 - Gibson,LMP2,,Fuji,6,2022,223,6:02:17.680,9 Laps,22.414,Goodyear,Classified,172.0,1:32.717,177.2,Renger VAN DER ZANDE,Ryan CULLEN,Sebastien BOURDAIS,2022_Fuji,LMP2,LMP2,92.717
AF Corse #83,14,10,AF Corse,Oreca 07 - Gibson,LMP2,P/A,Fuji,6,2022,223,6:02:18.454,9 Laps,0.774,Goodyear,Classified,162.0,1:32.785,177.0,François PERRODO,Nicklas NIELSEN,Alessio ROVERA,2022_Fuji,LMP2,LMP2,92.785
Inter Europol Competition #34,15,11,Inter Europol Competition,Oreca 07 - Gibson,LMP2,,Fuji,6,2022,222,6:02:26.268,10 Laps,1 Laps,Goodyear,Classified,174.0,1:32.946,176.7,Jakub SMIECHOWSKI,Alex BRUNDLE,Esteban GUTIERREZ,2022_Fuji,LMP2,LMP2,92.946
Ultimate #35,16,12,Ultimate,Oreca 07 - Gibson,LMP2,P/A,Fuji,6,2022,221,6:02:16.911,11 Laps,1 Laps,Goodyear,Classified,187.0,1:33.510,175.7,Jean-Baptiste LAHAYE,Matthieu LAHAYE,François HERIAU,2022_Fuji,LMP2,LMP2,93.50999999999999
AF Corse #51,17,1,AF Corse,Ferrari 488 GTE Evo,LMGTE Pro,,Fuji,6,2022,217,6:01:53.049,15 Laps,4 Laps,Michelin,Classified,2.0,1:37.671,168.2,Alessandro PIER GUIDI,James CALADO,,2022_Fuji,LMGTE Pro,GT (GTE Pro/Am),97.67099999999999
AF Corse #52,18,2,AF Corse,Ferrari 488 GTE Evo,LMGTE Pro,,Fuji,6,2022,217,6:01:53.333,15 Laps,0.284,Michelin,Classified,179.0,1:37.515,168.5,Miguel MOLINA,Antonio FUOCO,,2022_Fuji,LMGTE Pro,GT (GTE Pro/Am),97.515
Porsche GT Team #92,19,3,Porsche GT Team,Porsche 911 RSR - 19,LMGTE Pro,,Fuji,6,2022,217,6:02:24.937,15 Laps,31.604,Michelin,Classified,2.0,1:37.832,167.9,Michael CHRISTENSEN,Kevin ESTRE,,2022_Fuji,LMGTE Pro,GT (GTE Pro/Am),97.832
Peugeot TotalEnergies #94,20,5,Peugeot TotalEnergies,Peugeot 9X8,HYPERCAR,H,Fuji,6,2022,217,6:02:52.754,15 Laps,27.817,Michelin,Classified,174.0,1:31.182,180.2,Loïc DUVAL,Gustavo MENEZES,James ROSSITER,2022_Fuji,Hypercar,Top Class (LMP1/Hypercar),91.182
Porsche GT Team #91,21,4,Porsche GT Team,Porsche 911 RSR - 19,LMGTE Pro,,Fuji,6,2022,216,6:01:34.776,16 Laps,1 Laps,Michelin,Classified,4.0,1:37.798,168.0,Gianmaria BRUNI,Richard LIETZ,,2022_Fuji,LMGTE Pro,GT (GTE Pro/Am),97.798
Corvette Racing #64,22,5,Corvette Racing,Chevrolet Corvette C8.R,LMGTE Pro,,Fuji,6,2022,215,6:02:44.245,17 Laps,1 Laps,Michelin,Classified,5.0,1:37.715,168.1,Tommy MILNER,Nick TANDY,,2022_Fuji,LMGTE Pro,GT (GTE Pro/Am),97.715
TF Sport #33,23,1,TF Sport,Aston Martin Vantage AMR,LMGTE Am,,Fuji,6,2022,213,6:02:43.276,19 Laps,2 Laps,Michelin,Classified,198.0,1:38.670,166.5,Ben KEATING,Henrique CHAVES,Marco SØRENSEN,2022_Fuji,LMGTE Am,GT (GTE Pro/Am),98.67
Iron Dames #85,24,2,Iron Dames,Ferrari 488 GTE Evo,LMGTE Am,,Fuji,6,2022,212,6:01:38.861,20 Laps,1 Laps,Michelin,Classified,200.0,1:38.558,166.7,Rahel FREY,Michelle GATTING,Sarah BOVY,2022_Fuji,LMGTE Am,GT (GTE Pro/Am),98.55799999999999
D'Station Racing #777,25,3,D'Station Racing,Aston Martin Vantage AMR,LMGTE Am,,Fuji,6,2022,212,6:01:55.643,20 Laps,16.782,Michelin,Classified,197.0,1:38.625,166.6,Satoshi HOSHINO,Tomonobu FUJII,Charles FAGG,2022_Fuji,LMGTE Am,GT (GTE Pro/Am),98.625
AF Corse #54,26,4,AF Corse,Ferrari 488 GTE Evo,LMGTE Am,,Fuji,6,2022,212,6:01:57.907,20 Laps,2.264,Michelin,Classified,179.0,1:38.321,167.1,Thomas FLOHR,Francesco CASTELLACCI,Davide RIGON,2022_Fuji,LMGTE Am,GT (GTE Pro/Am),98.321
Northwest AMR #98,27,5,Northwest AMR,Aston Martin Vantage AMR,LMGTE Am,,Fuji,6,2022,212,6:02:41.874,20 Laps,43.967,Michelin,Classified,180.0,1:38.777,166.3,Paul DALLA LANA,David PITTARD,Nicki THIIM,2022_Fuji,LMGTE Am,GT (GTE Pro/Am),98.777
Team Project 1 #46,28,6,Team Project 1,Porsche 911 RSR - 19,LMGTE Am,,Fuji,6,2022,211,6:01:26.578,21 Laps,1 Laps,Michelin,Classified,180.0,1:38.983,166.0,Matteo CAIROLI,Mikkel PEDERSEN,Nicolas LEUTWILER,2022_Fuji,LMGTE Am,GT (GTE Pro/Am),98.983
Spirit of Race #71,29,7,Spirit of Race,Ferrari 488 GTE Evo,LMGTE Am,,Fuji,6,2022,211,6:01:37.091,21 Laps,10.513,Michelin,Classified,178.0,1:39.061,165.8,Franck DEZOTEUX,Pierre RAGUES,Gabriel AUBRY,2022_Fuji,LMGTE Am,GT (GTE Pro/Am),99.061
Team Project 1 #56,30,8,Team Project 1,Porsche 911 RSR - 19,LMGTE Am,,Fuji,6,2022,211,6:02:22.538,21 Laps,45.447,Michelin,Classified,177.0,1:38.851,166.2,Takeshi KIMURA,Oliver MILLROY,Ben BARNICOAT,2022_Fuji,LMGTE Am,GT (GTE Pro/Am),98.851
Dempsey - Proton Racing #88,31,9,Dempsey - Proton Racing,Porsche 911 RSR - 19,LMGTE Am,,Fuji,6,2022,211,6:02:36.573,21 Laps,14.035,Michelin,Classified,183.0,1:39.170,165.6,Fred POORDAD,Patrick LINDSEY,Jan HEYLEN,2022_Fuji,LMGTE Am,GT (GTE Pro/Am),99.17
AF Corse #21,32,10,AF Corse,Ferrari 488 GTE Evo,LMGTE Am,,Fuji,6,2022,211,6:02:40.564,21 Laps,3.991,Michelin,Classified,188.0,1:39.273,165.5,Simon MANN,Christoph ULRICH,Toni VILANDER,2022_Fuji,LMGTE Am,GT (GTE Pro/Am),99.273
Iron Lynx #60,33,11,Iron Lynx,Ferrari 488 GTE Evo,LMGTE Am,,Fuji,6,2022,211,6:02:53.930,21 Laps,13.366,Michelin,Classified,183.0,1:38.356,167.0,Claudio SCHIAVONI,Matteo CRESSONI,Giancarlo FISICHELLA,2022_Fuji,LMGTE Am,GT (GTE Pro/Am),98.356
Algarve Pro Racing #45,34,13,Algarve Pro Racing,Oreca 07 - Gibson,LMP2,P/A,Fuji,6,2022,199,6:02:12.116,33 Laps,12 Laps,Goodyear,Classified,117.0,1:33.812,175.1,Steven THOMAS,James ALLEN,René BINDER,2022_Fuji,LMP2,LMP2,93.812
GR Racing #86,35,12,GR Racing,Porsche 911 RSR - 19,LMGTE Am,,Fuji,6,2022,193,6:02:32.720,39 Laps,6 Laps,Michelin,Classified,173.0,1:38.729,166.4,Michael WAINWRIGHT,Riccardo PERA,Benjamin BARKER,2022_Fuji,LMGTE Am,GT (GTE Pro/Am),98.729
Dempsey - Proton Racing #77,36,13,Dempsey - Proton Racing,Porsche 911 RSR - 19,LMGTE Am,,Fuji,6,2022,128,3:40:42.051,104 Laps,65 Laps,Michelin,Not classified,106.0,1:39.498,165.1,Christian RIED,Sebastian PRIAULX,Harry TINCKNELL,2022_Fuji,LMGTE Am,GT (GTE Pro/Am),99.49799999999999
Toyota Gazoo Racing #7,1,1,Toyota Gazoo Racing,Toyota GR010 HYBRID,HYPERCAR,H,Bahrain,8,2022,245,8:00:40.920,,,Michelin,Classified,66.0,1:50.125,176.9,Mike CONWAY,Kamui KOBAYASHI,Jose Maria LOPEZ,2022_Bahrain,Hypercar,Top Class (LMP1/Hypercar),110.125
Toyota Gazoo Racing #8,2,2,Toyota Gazoo Racing,Toyota GR010 HYBRID,HYPERCAR,H,Bahrain,8,2022,245,8:01:26.391,45.471,45.471,Michelin,Classified,4.0,1:50.846,175.8,Sébastien BUEMI,Brendon HARTLEY,Ryo HIRAKAWA,2022_Bahrain,Hypercar,Top Class (LMP1/Hypercar),110.846
Alpine ELF Team #36,3,3,Alpine ELF Team,Alpine A480 - Gibson,HYPERCAR,,Bahrain,8,2022,243,8:02:24.884,2 Laps,2 Laps,Michelin,Classified,5.0,1:50.943,175.6,André NEGRÃO,Nicolas LAPIERRE,Matthieu VAXIVIERE,2022_Bahrain,Hypercar,Top Class (LMP1/Hypercar),110.943
Peugeot TotalEnergies #94,4,4,Peugeot TotalEnergies,Peugeot 9X8,HYPERCAR,H,Bahrain,8,2022,239,8:01:37.241,6 Laps,4 Laps,Michelin,Classified,67.0,1:50.706,176.0,Loïc DUVAL,Gustavo MENEZES,Nico MÜLLER,2022_Bahrain,Hypercar,Top Class (LMP1/Hypercar),110.706
WRT #31,5,1,WRT,Oreca 07 - Gibson,LMP2,,Bahrain,8,2022,237,8:01:18.240,8 Laps,2 Laps,Goodyear,Classified,209.0,1:51.732,174.4,Sean GELAEL,Robin FRIJNS,René RAST,2022_Bahrain,LMP2,LMP2,111.732
United Autosports USA #23,6,2,United Autosports USA,Oreca 07 - Gibson,LMP2,,Bahrain,8,2022,237,8:02:07.504,8 Laps,49.264,Goodyear,Classified,206.0,1:52.952,172.5,Alexander LYNN,Oliver JARVIS,Joshua PIERSON,2022_Bahrain,LMP2,LMP2,112.952
JOTA #38,7,3,JOTA,Oreca 07 - Gibson,LMP2,,Bahrain,8,2022,236,8:00:42.327,9 Laps,1 Laps,Goodyear,Classified,165.0,1:52.503,173.2,Roberto GONZALEZ,Antonio Felix DA COSTA,William STEVENS,2022_Bahrain,LMP2,LMP2,112.503
Prema Orlen Team #9,8,4,Prema Orlen Team,Oreca 07 - Gibson,LMP2,,Bahrain,8,2022,236,8:00:47.370,9 Laps,5.043,Goodyear,Classified,213.0,1:52.912,172.6,Robert KUBICA,Louis DELETRAZ,Lorenzo COLOMBO,2022_Bahrain,LMP2,LMP2,112.912
Realteam by WRT #41,9,5,Realteam by WRT,Oreca 07 - Gibson,LMP2,,Bahrain,8,2022,236,8:00:55.804,9 Laps,8.434,Goodyear,Classified,166.0,1:53.021,172.4,Rui ANDRADE,Ferdinand HABSBURG,Norman NATO,2022_Bahrain,LMP2,LMP2,113.021
United Autosports USA #22,10,6,United Autosports USA,Oreca 07 - Gibson,LMP2,,Bahrain,8,2022,236,8:01:08.234,9 Laps,12.430,Goodyear,Classified,125.0,1:52.960,172.5,Philip HANSON,Filipe ALBUQUERQUE,William OWEN,2022_Bahrain,LMP2,LMP2,112.96000000000001
JOTA #28,11,7,JOTA,Oreca 07 - Gibson,LMP2,,Bahrain,8,2022,236,8:01:32.156,9 Laps,23.922,Goodyear,Classified,38.0,1:53.676,171.4,Oliver RASMUSSEN,Edward JONES,Jonathan ABERDEIN,2022_Bahrain,LMP2,LMP2,113.676
Richard Mille Racing Team #1,12,8,Richard Mille Racing Team,Oreca 07 - Gibson,LMP2,,Bahrain,8,2022,235,8:00:50.679,10 Laps,1 Laps,Goodyear,Classified,163.0,1:52.918,172.5,Lilou WADOUX,Paul Loup CHATIN,Charles MILESI,2022_Bahrain,LMP2,LMP2,112.918
Vector Sport #10,13,9,Vector Sport,Oreca 07 - Gibson,LMP2,,Bahrain,8,2022,235,8:00:56.887,10 Laps,6.208,Goodyear,Classified,158.0,1:53.527,171.6,Renger VAN DER ZANDE,Ryan CULLEN,Sebastien BOURDAIS,2022_Bahrain,LMP2,LMP2,113.527
AF Corse #83,14,10,AF Corse,Oreca 07 - Gibson,LMP2,P/A,Bahrain,8,2022,235,8:01:36.619,10 Laps,39.732,Goodyear,Classified,168.0,1:53.308,171.9,François PERRODO,Nicklas NIELSEN,Alessio ROVERA,2022_Bahrain,LMP2,LMP2,113.30799999999999
Ultimate #35,15,11,Ultimate,Oreca 07 - Gibson,LMP2,P/A,Bahrain,8,2022,235,8:02:24.369,10 Laps,47.750,Goodyear,Classified,209.0,1:53.910,171.0,Jean-Baptiste LAHAYE,Matthieu LAHAYE,François HERIAU,2022_Bahrain,LMP2,LMP2,113.91
Algarve Pro Racing #45,16,12,Algarve Pro Racing,Oreca 07 - Gibson,LMP2,P/A,Bahrain,8,2022,235,8:02:36.587,10 Laps,12.218,Goodyear,Classified,212.0,1:53.751,171.3,Steven THOMAS,James ALLEN,René BINDER,2022_Bahrain,LMP2,LMP2,113.751
AF Corse #52,17,1,AF Corse,Ferrari 488 GTE Evo,LMGTE Pro,,Bahrain,8,2022,231,8:02:14.565,14 Laps,4 Laps,Michelin,Classified,60.0,1:58.228,164.8,Miguel MOLINA,Antonio FUOCO,,2022_Bahrain,LMGTE Pro,GT (GTE Pro/Am),118.22800000000001
Corvette Racing #64,18,2,Corvette Racing,Chevrolet Corvette C8.R,LMGTE Pro,,Bahrain,8,2022,230,8:01:02.549,15 Laps,1 Laps,Michelin,Classified,61.0,1:58.691,164.2,Tommy MILNER,Nick TANDY,,2022_Bahrain,LMGTE Pro,GT (GTE Pro/Am),118.691
Porsche GT Team #92,19,3,Porsche GT Team,Porsche 911 RSR - 19,LMGTE Pro,,Bahrain,8,2022,230,8:01:57.823,15 Laps,55.274,Michelin,Classified,3.0,1:58.478,164.4,Michael CHRISTENSEN,Kevin ESTRE,,2022_Bahrain,LMGTE Pro,GT (GTE Pro/Am),118.47800000000001
Porsche GT Team #91,20,4,Porsche GT Team,Porsche 911 RSR - 19,LMGTE Pro,,Bahrain,8,2022,230,8:02:13.876,15 Laps,16.053,Michelin,Classified,122.0,1:58.080,165.0,Gianmaria BRUNI,Richard LIETZ,,2022_Bahrain,LMGTE Pro,GT (GTE Pro/Am),118.08
AF Corse #51,21,5,AF Corse,Ferrari 488 GTE Evo,LMGTE Pro,,Bahrain,8,2022,227,8:00:46.859,18 Laps,3 Laps,Michelin,Classified,123.0,1:57.993,165.1,Alessandro PIER GUIDI,James CALADO,,2022_Bahrain,LMGTE Pro,GT (GTE Pro/Am),117.993
ARC Bratislava #44,22,13,ARC Bratislava,Oreca 07 - Gibson,LMP2,P/A,Bahrain,8,2022,227,8:02:11.656,18 Laps,1'24.797,Goodyear,Classified,35.0,1:53.477,171.7,Miroslav KONOPKA,Mathias BECHE,Richard BRADLEY,2022_Bahrain,LMP2,LMP2,113.477
Team Project 1 #46,23,1,Team Project 1,Porsche 911 RSR - 19,LMGTE Am,,Bahrain,8,2022,226,8:00:51.795,19 Laps,1 Laps,Michelin,Classified,181.0,1:58.873,163.9,Matteo CAIROLI,Mikkel PEDERSEN,Nicolas LEUTWILER,2022_Bahrain,LMGTE Am,GT (GTE Pro/Am),118.87299999999999
Team Project 1 #56,24,2,Team Project 1,Porsche 911 RSR - 19,LMGTE Am,,Bahrain,8,2022,226,8:01:07.460,19 Laps,15.665,Michelin,Classified,203.0,1:59.223,163.4,Phillip HYETT,Gunnar JEANNETTE,Ben BARNICOAT,2022_Bahrain,LMGTE Am,GT (GTE Pro/Am),119.223
Iron Dames #85,25,3,Iron Dames,Ferrari 488 GTE Evo,LMGTE Am,,Bahrain,8,2022,226,8:01:10.634,19 Laps,3.174,Michelin,Classified,150.0,2:00.434,161.8,Rahel FREY,Michelle GATTING,Sarah BOVY,2022_Bahrain,LMGTE Am,GT (GTE Pro/Am),120.434
TF Sport #33,26,4,TF Sport,Aston Martin Vantage AMR,LMGTE Am,,Bahrain,8,2022,226,8:01:34.982,19 Laps,24.348,Michelin,Classified,149.0,1:59.622,162.9,Ben KEATING,Henrique CHAVES,Marco SØRENSEN,2022_Bahrain,LMGTE Am,GT (GTE Pro/Am),119.622
Northwest AMR #98,27,5,Northwest AMR,Aston Martin Vantage AMR,LMGTE Am,,Bahrain,8,2022,226,8:02:11.918,19 Laps,36.936,Michelin,Classified,120.0,1:59.865,162.5,Paul DALLA LANA,David PITTARD,Nicki THIIM,2022_Bahrain,LMGTE Am,GT (GTE Pro/Am),119.86500000000001
GR Racing #86,28,6,GR Racing,Porsche 911 RSR - 19,LMGTE Am,,Bahrain,8,2022,226,8:02:21.927,19 Laps,10.009,Michelin,Classified,180.0,1:59.941,162.4,Michael WAINWRIGHT,Riccardo PERA,Benjamin BARKER,2022_Bahrain,LMGTE Am,GT (GTE Pro/Am),119.941
AF Corse #54,29,7,AF Corse,Ferrari 488 GTE Evo,LMGTE Am,,Bahrain,8,2022,226,8:02:22.074,19 Laps,0.147,Michelin,Classified,209.0,1:59.284,163.3,Thomas FLOHR,Francesco CASTELLACCI,Nicholas CASSIDY,2022_Bahrain,LMGTE Am,GT (GTE Pro/Am),119.28399999999999
Dempsey - Proton Racing #77,30,8,Dempsey - Proton Racing,Porsche 911 RSR - 19,LMGTE Am,,Bahrain,8,2022,226,8:02:27.740,19 Laps,5.666,Michelin,Classified,119.0,2:00.532,161.6,Christian RIED,Sebastian PRIAULX,Harry TINCKNELL,2022_Bahrain,LMGTE Am,GT (GTE Pro/Am),120.532
Iron Lynx #60,31,9,Iron Lynx,Ferrari 488 GTE Evo,LMGTE Am,,Bahrain,8,2022,225,8:00:43.355,20 Laps,1 Laps,Michelin,Classified,150.0,2:00.014,162.3,Claudio SCHIAVONI,Matteo CRESSONI,Giancarlo FISICHELLA,2022_Bahrain,LMGTE Am,GT (GTE Pro/Am),120.014
D'Station Racing #777,32,10,D'Station Racing,Aston Martin Vantage AMR,LMGTE Am,,Bahrain,8,2022,225,8:01:48.139,20 Laps,1'04.784,Michelin,Classified,121.0,2:00.195,162.1,Satoshi HOSHINO,Tomonobu FUJII,Charles FAGG,2022_Bahrain,LMGTE Am,GT (GTE Pro/Am),120.195
AF Corse #21,33,11,AF Corse,Ferrari 488 GTE Evo,LMGTE Am,,Bahrain,8,2022,225,8:02:30.210,20 Laps,42.071,Michelin,Classified,150.0,2:00.170,162.1,Simon MANN,Christoph ULRICH,Toni VILANDER,2022_Bahrain,LMGTE Am,GT (GTE Pro/Am),120.17
Dempsey - Proton Racing #88,34,12,Dempsey - Proton Racing,Porsche 911 RSR - 19,LMGTE Am,,Bahrain,8,2022,224,8:00:50.146,21 Laps,1 Laps,Michelin,Classified,202.0,1:59.949,162.4,Fred POORDAD,Patrick LINDSEY,Jan HEYLEN,2022_Bahrain,LMGTE Am,GT (GTE Pro/Am),119.949
Spirit of Race #71,35,13,Spirit of Race,Ferrari 488 GTE Evo,LMGTE Am,,Bahrain,8,2022,224,8:02:34.903,21 Laps,1'44.757,Michelin,Classified,119.0,2:00.104,162.2,Franck DEZOTEUX,Pierre RAGUES,Gabriel AUBRY,2022_Bahrain,LMGTE Am,GT (GTE Pro/Am),120.104
Inter Europol Competition #34,36,14,Inter Europol Competition,Oreca 07 - Gibson,LMP2,,Bahrain,8,2022,231,7:55:29.745,14 Laps,-7 Laps,Goodyear,Not classified,184.0,1:53.478,171.7,Jakub SMIECHOWSKI,Alex BRUNDLE,Esteban GUTIERREZ,2022_Bahrain,LMP2,LMP2,113.47800000000001
Peugeot TotalEnergies #93,37,5,Peugeot TotalEnergies,Peugeot 9X8,HYPERCAR,H,Bahrain,8,2022,171,5:45:41.212,74 Laps,60 Laps,Michelin,Not classified,62.0,1:49.709,177.6,Paul DI RESTA,Mikkel JENSEN,Jean-Eric VERGNE,2022_Bahrain,Hypercar,Top Class (LMP1/Hypercar),109.709
Toyota Gazoo Racing #8,1,1,Toyota Gazoo Racing,Toyota GR010 HYBRID,HYPERCAR,H,Bahrain,6,2023,249,8:01:25.308,,,Michelin,Classified,221.0,1:50.554,176.2,Sébastien BUEMI,Brendon HARTLEY,Ryo HIRAKAWA,2023_Bahrain,Hypercar,Top Class (LMP1/Hypercar),110.554
Toyota Gazoo Racing #7,2,2,Toyota Gazoo Racing,Toyota GR010 HYBRID,HYPERCAR,H,Bahrain,6,2023,249,8:02:12.824,47.516,47.516,Michelin,Classified,221.0,1:50.139,176.9,Mike CONWAY,Kamui KOBAYASHI,Jose Maria LOPEZ,2023_Bahrain,Hypercar,Top Class (LMP1/Hypercar),110.13900000000001
Ferrari AF Corse #50,3,3,Ferrari AF Corse,Ferrari 499P,HYPERCAR,H,Bahrain,6,2023,249,8:03:01.594,1'36.286,48.770,Michelin,Classified,2.0,1:51.512,174.7,Antonio FUOCO,Miguel MOLINA,Nicklas NIELSEN,2023_Bahrain,Hypercar,Top Class (LMP1/Hypercar),111.512
Hertz Team JOTA #38,4,4,Hertz Team JOTA,Porsche 963,HYPERCAR,H,Bahrain,6,2023,249,8:03:02.556,1'37.248,0.962,Michelin,Classified,190.0,1:50.976,175.6,Antonio Felix DA COSTA,William STEVENS,Yifei YE,2023_Bahrain,Hypercar,Top Class (LMP1/Hypercar),110.976
Porsche Penske Motorsport #6,5,5,Porsche Penske Motorsport,Porsche 963,HYPERCAR,H,Bahrain,6,2023,248,8:01:36.078,1 Laps,1 Laps,Michelin,Classified,190.0,1:50.707,176.0,Kévin ESTRE,André LOTTERER,Laurens VANTHOOR,2023_Bahrain,Hypercar,Top Class (LMP1/Hypercar),110.707
Ferrari AF Corse #51,6,6,Ferrari AF Corse,Ferrari 499P,HYPERCAR,H,Bahrain,6,2023,248,8:01:38.259,1 Laps,2.181,Michelin,Classified,190.0,1:51.300,175.1,Alessandro PIER GUIDI,James CALADO,Antonio GIOVINAZZI,2023_Bahrain,Hypercar,Top Class (LMP1/Hypercar),111.3
Porsche Penske Motorsport #5,7,7,Porsche Penske Motorsport,Porsche 963,HYPERCAR,H,Bahrain,6,2023,247,8:01:36.939,2 Laps,1 Laps,Michelin,Classified,209.0,1:51.843,174.2,Dane CAMERON,Michael CHRISTENSEN,Frédéric MAKOWIECKI,2023_Bahrain,Hypercar,Top Class (LMP1/Hypercar),111.843
Peugeot TotalEnergies #94,8,8,Peugeot TotalEnergies,Peugeot 9X8,HYPERCAR,H,Bahrain,6,2023,247,8:02:00.919,2 Laps,23.980,Michelin,Classified,189.0,1:51.424,174.9,Loïc DUVAL,Gustavo MENEZES,Nico MÜLLER,2023_Bahrain,Hypercar,Top Class (LMP1/Hypercar),111.424
Peugeot TotalEnergies #93,9,9,Peugeot TotalEnergies,Peugeot 9X8,HYPERCAR,H,Bahrain,6,2023,247,8:02:48.013,2 Laps,47.094,Michelin,Classified,65.0,1:51.843,174.2,Paul DI RESTA,Mikkel JENSEN,Jean-Éric VERGNE,2023_Bahrain,Hypercar,Top Class (LMP1/Hypercar),111.843
Proton Competition #99,10,10,Proton Competition,Porsche 963,HYPERCAR,H,Bahrain,6,2023,247,8:02:54.342,2 Laps,6.329,Michelin,Classified,179.0,1:51.016,175.5,Neel JANI,Gianmaria BRUNI,Harry TINCKNELL,2023_Bahrain,Hypercar,Top Class (LMP1/Hypercar),111.01599999999999
Cadillac Racing #2,11,11,Cadillac Racing,Cadillac V-Series.R,HYPERCAR,H,Bahrain,6,2023,246,8:03:10.655,3 Laps,1 Laps,Michelin,Classified,187.0,1:51.352,175.0,Earl BAMBER,Alex LYNN,Richard WESTBROOK,2023_Bahrain,Hypercar,Top Class (LMP1/Hypercar),111.352
Team WRT #41,12,1,Team WRT,Oreca 07 - Gibson,LMP2,,Bahrain,6,2023,238,8:02:06.354,11 Laps,8 Laps,Goodyear,Classified,156.0,1:54.955,169.5,Rui ANDRADE,Robert KUBICA,Louis DELÉTRAZ,2023_Bahrain,LMP2,LMP2,114.955
Team WRT #31,13,2,Team WRT,Oreca 07 - Gibson,LMP2,,Bahrain,6,2023,238,8:02:15.544,11 Laps,9.190,Goodyear,Classified,155.0,1:55.325,168.9,Sean GELAEL,Ferdinand HABSBURG,Robin FRIJNS,2023_Bahrain,LMP2,LMP2,115.325
JOTA #28,14,3,JOTA,Oreca 07 - Gibson,LMP2,,Bahrain,6,2023,238,8:02:56.779,11 Laps,41.235,Goodyear,Classified,85.0,1:55.046,169.4,David HEINEMEIER-HANSSON,Pietro FITTIPALDI,Oliver RASMUSSEN,2023_Bahrain,LMP2,LMP2,115.04599999999999
Prema Racing #9,15,4,Prema Racing,Oreca 07 - Gibson,LMP2,,Bahrain,6,2023,238,8:03:22.980,11 Laps,26.201,Goodyear,Classified,204.0,1:55.416,168.8,Filip UGRAN,Bent VISCAAL,Juan Manuel CORREA,2023_Bahrain,LMP2,LMP2,115.416
Prema Racing #63,16,5,Prema Racing,Oreca 07 - Gibson,LMP2,,Bahrain,6,2023,237,8:01:31.041,12 Laps,1 Laps,Goodyear,Classified,125.0,1:54.705,169.9,Doriane PIN,Mirko BORTOLOTTI,Daniil KVYAT,2023_Bahrain,LMP2,LMP2,114.705
Inter Europol Competition #34,17,6,Inter Europol Competition,Oreca 07 - Gibson,LMP2,,Bahrain,6,2023,237,8:01:45.981,12 Laps,14.940,Goodyear,Classified,203.0,1:54.950,169.5,Jakub SMIECHOWSKI,Fabio SCHERER,Albert COSTA,2023_Bahrain,LMP2,LMP2,114.95
Alpine Elf Team #36,18,7,Alpine Elf Team,Oreca 07 - Gibson,LMP2,,Bahrain,6,2023,237,8:02:03.766,12 Laps,17.785,Goodyear,Classified,219.0,1:54.598,170.0,Matthieu VAXIVIERE,Julien CANAL,Charles MILESI,2023_Bahrain,LMP2,LMP2,114.598
United Autosports #23,19,8,United Autosports,Oreca 07 - Gibson,LMP2,,Bahrain,6,2023,237,8:02:49.425,12 Laps,45.659,Goodyear,Classified,147.0,1:55.166,169.2,Joshua PIERSON,Tom BLOMQVIST,Oliver JARVIS,2023_Bahrain,LMP2,LMP2,115.166
United Autosports #22,20,9,United Autosports,Oreca 07 - Gibson,LMP2,,Bahrain,6,2023,237,8:02:53.798,12 Laps,4.373,Goodyear,Classified,87.0,1:55.315,169.0,Frederick LUBIN,Philip HANSON,Filipe ALBUQUERQUE,2023_Bahrain,LMP2,LMP2,115.315
Alpine Elf Team #35,21,10,Alpine Elf Team,Oreca 07 - Gibson,LMP2,,Bahrain,6,2023,236,8:02:07.585,13 Laps,1 Laps,Goodyear,Classified,217.0,1:55.579,168.6,André NEGRÃO,Memo ROJAS,Olli CALDWELL,2023_Bahrain,LMP2,LMP2,115.57900000000001
Iron Dames #85,22,1,Iron Dames,Porsche 911 RSR - 19,LMGTE Am,,Bahrain,6,2023,232,8:01:38.055,17 Laps,4 Laps,Michelin,Classified,178.0,1:59.317,163.3,Sarah BOVY,Michelle GATTING,Rahel FREY,2023_Bahrain,LMGTE Am,GT (GTE Pro/Am),119.31700000000001
D'Station Racing #777,23,2,D'Station Racing,Aston Martin Vantage AMR,LMGTE Am,,Bahrain,6,2023,232,8:01:43.603,17 Laps,5.548,Michelin,Classified,207.0,1:58.790,164.0,Liam TALBOT,Casper STEVENSON,Tomonobu FUJII,2023_Bahrain,LMGTE Am,GT (GTE Pro/Am),118.78999999999999
Northwest AMR #98,24,3,Northwest AMR,Aston Martin Vantage AMR,LMGTE Am,,Bahrain,6,2023,232,8:02:20.652,17 Laps,37.049,Michelin,Classified,144.0,1:59.347,163.2,Ian JAMES,Daniel MANCINELLI,Alex RIBERAS,2023_Bahrain,LMGTE Am,GT (GTE Pro/Am),119.34700000000001
AF Corse #54,25,4,AF Corse,Ferrari 488 GTE Evo,LMGTE Am,,Bahrain,6,2023,232,8:03:07.670,17 Laps,47.018,Michelin,Classified,203.0,1:59.465,163.1,Thomas FLOHR,Francesco CASTELLACCI,Davide RIGON,2023_Bahrain,LMGTE Am,GT (GTE Pro/Am),119.465
Kessel Racing #57,26,5,Kessel Racing,Ferrari 488 GTE Evo,LMGTE Am,,Bahrain,6,2023,232,8:03:09.189,17 Laps,1.519,Michelin,Classified,171.0,1:59.475,163.1,Takeshi KIMURA,Esteban MASSON,Daniel SERRA,2023_Bahrain,LMGTE Am,GT (GTE Pro/Am),119.475
Dempsey - Proton Racing #77,27,6,Dempsey - Proton Racing,Porsche 911 RSR - 19,LMGTE Am,,Bahrain,6,2023,231,8:01:26.105,18 Laps,1 Laps,Michelin,Classified,108.0,1:59.249,163.4,Christian RIED,Mikkel PEDERSEN,Julien ANDLAUER,2023_Bahrain,LMGTE Am,GT (GTE Pro/Am),119.249
Corvette Racing #33,28,7,Corvette Racing,Chevrolet Corvette C8.R,LMGTE Am,,Bahrain,6,2023,231,8:01:30.179,18 Laps,4.074,Michelin,Classified,85.0,1:59.684,162.8,Ben KEATING,Nicolas VARRONE,Nicky CATSBURG,2023_Bahrain,LMGTE Am,GT (GTE Pro/Am),119.684
GR Racing #86,29,8,GR Racing,Porsche 911 RSR - 19,LMGTE Am,,Bahrain,6,2023,231,8:01:54.971,18 Laps,24.792,Michelin,Classified,206.0,1:59.003,163.7,Michael WAINWRIGHT,Riccardo PERA,Benjamin BARKER,2023_Bahrain,LMGTE Am,GT (GTE Pro/Am),119.003
Richard Mille AF Corse #83,30,9,Richard Mille AF Corse,Ferrari 488 GTE Evo,LMGTE Am,,Bahrain,6,2023,231,8:03:23.023,18 Laps,1'28.052,Michelin,Classified,204.0,1:58.789,164.0,Luis PEREZ COMPANC,Lilou WADOUX,Alessio ROVERA,2023_Bahrain,LMGTE Am,GT (GTE Pro/Am),118.789
Project 1 - AO #56,31,10,Project 1 - AO,Porsche 911 RSR - 19,LMGTE Am,,Bahrain,6,2023,230,8:01:29.486,19 Laps,1 Laps,Michelin,Classified,172.0,1:58.403,164.5,PJ HYETT,Gunnar JEANNETTE,Matteo CAIROLI,2023_Bahrain,LMGTE Am,GT (GTE Pro/Am),118.40299999999999
AF Corse #21,32,11,AF Corse,Ferrari 488 GTE Evo,LMGTE Am,,Bahrain,6,2023,229,8:01:59.055,20 Laps,1 Laps,Michelin,Classified,188.0,1:59.204,163.4,Franck DEZOTEUX,Simon MANN,Kei COZZOLINO,2023_Bahrain,LMGTE Am,GT (GTE Pro/Am),119.20400000000001
Floyd Vanwall Racing Team #4,33,12,Floyd Vanwall Racing Team,Vanwall Vandervell 680,HYPERCAR,,Bahrain,6,2023,217,8:03:10.249,32 Laps,12 Laps,Michelin,Classified,138.0,1:54.387,170.3,Esteban GUERRIERI,Tristan VAUTIER,Ryan BRISCOE,2023_Bahrain,Hypercar,Top Class (LMP1/Hypercar),114.387
ORT by TF #25,34,12,ORT by TF,Aston Martin Vantage AMR,LMGTE Am,,Bahrain,6,2023,217,7:32:12.365,32 Laps,,Michelin,Not classified,211.0,1:59.651,162.8,Ahmad AL HARTHY,Michael DINAN,Charlie EASTWOOD,2023_Bahrain,LMGTE Am,GT (GTE Pro/Am),119.65100000000001
Vector Sport #10,35,11,Vector Sport,Oreca 07 - Gibson,LMP2,,Bahrain,6,2023,216,7:22:28.191,33 Laps,1 Laps,Goodyear,Not classified,3.0,1:55.082,169.3,Ryan CULLEN,Matthias KAISER,Gabriel AUBRY,2023_Bahrain,LMP2,LMP2,115.082
Iron Lynx #60,36,13,Iron Lynx,Porsche 911 RSR - 19,LMGTE Am,,Bahrain,6,2023,163,5:37:06.028,86 Laps,53 Laps,Michelin,Retired,154.0,1:58.394,164.6,Claudio SCHIAVONI,Matteo CRESSONI,Alessio PICARIELLO,2023_Bahrain,LMGTE Am,GT (GTE Pro/Am),118.394
Toyota Gazoo Racing #8,1,1,Toyota Gazoo Racing,Toyota GR010 HYBRID,HYPERCAR,H,Algarve,6,2023,222,6:01:26.343,,,Michelin,Classified,5.0,1:32.378,181.3,Sébastien BUEMI,Brendon HARTLEY,Ryo HIRAKAWA,2023_Algarve,Hypercar,Top Class (LMP1/Hypercar),92.378
Ferrari AF Corse #50,2,2,Ferrari AF Corse,Ferrari 499P,HYPERCAR,H,Algarve,6,2023,221,6:01:35.075,1 Laps,1 Laps,Michelin,Classified,108.0,1:32.452,181.2,Antonio FUOCO,Miguel MOLINA,Nicklas NIELSEN,2023_Algarve,Hypercar,Top Class (LMP1/Hypercar),92.452
Porsche Penske Motorsport #6,3,3,Porsche Penske Motorsport,Porsche 963,HYPERCAR,H,Algarve,6,2023,221,6:02:41.573,1 Laps,1'06.498,Michelin,Classified,210.0,1:33.304,179.5,Kévin ESTRE,André LOTTERER,Laurens VANTHOOR,2023_Algarve,Hypercar,Top Class (LMP1/Hypercar),93.304
Cadillac Racing #2,4,4,Cadillac Racing,Cadillac V-Series.R,HYPERCAR,H,Algarve,6,2023,220,6:01:34.830,2 Laps,1 Laps,Michelin,Classified,122.0,1:33.077,180.0,Earl BAMBER,Alex LYNN,Richard WESTBROOK,2023_Algarve,Hypercar,Top Class (LMP1/Hypercar),93.077
Peugeot TotalEnergies #94,5,5,Peugeot TotalEnergies,Peugeot 9X8,HYPERCAR,H,Algarve,6,2023,220,6:02:45.271,2 Laps,1'10.441,Michelin,Classified,41.0,1:33.944,178.3,Loïc DUVAL,Gustavo MENEZES,Nico MÜLLER,2023_Algarve,Hypercar,Top Class (LMP1/Hypercar),93.944
Ferrari AF Corse #51,6,6,Ferrari AF Corse,Ferrari 499P,HYPERCAR,H,Algarve,6,2023,219,6:01:35.080,3 Laps,1 Laps,Michelin,Classified,192.0,1:33.035,180.0,Alessandro PIER GUIDI,James CALADO,Antonio GIOVINAZZI,2023_Algarve,Hypercar,Top Class (LMP1/Hypercar),93.035
Peugeot TotalEnergies #93,7,7,Peugeot TotalEnergies,Peugeot 9X8,HYPERCAR,H,Algarve,6,2023,219,6:01:50.191,3 Laps,15.111,Michelin,Classified,218.0,1:33.689,178.8,Paul DI RESTA,Mikkel JENSEN,Jean-Éric VERGNE,2023_Algarve,Hypercar,Top Class (LMP1/Hypercar),93.689
Glickenhaus Racing #708,8,8,Glickenhaus Racing,Glickenhaus 007,HYPERCAR,,Algarve,6,2023,217,6:02:01.939,5 Laps,2 Laps,Michelin,Classified,192.0,1:34.285,177.7,Romain DUMAS,Ryan BRISCOE,Olivier PLA,2023_Algarve,Hypercar,Top Class (LMP1/Hypercar),94.285
Toyota Gazoo Racing #7,9,9,Toyota Gazoo Racing,Toyota GR010 HYBRID,HYPERCAR,H,Algarve,6,2023,215,6:01:39.921,7 Laps,2 Laps,Michelin,Classified,3.0,1:32.135,181.8,Mike CONWAY,Kamui KOBAYASHI,Jose Maria LOPEZ,2023_Algarve,Hypercar,Top Class (LMP1/Hypercar),92.13499999999999
United Autosports #23,10,1,United Autosports,Oreca 07 - Gibson,LMP2,,Algarve,6,2023,215,6:02:20.950,7 Laps,41.029,Goodyear,Classified,106.0,1:35.246,175.9,Joshua PIERSON,Giedo VAN DER GARDE,Oliver JARVIS,2023_Algarve,LMP2,LMP2,95.24600000000001
United Autosports #22,11,2,United Autosports,Oreca 07 - Gibson,LMP2,,Algarve,6,2023,215,6:02:21.634,7 Laps,0.684,Goodyear,Classified,147.0,1:35.382,175.6,Frederick LUBIN,Philip HANSON,Ben HANLEY,2023_Algarve,LMP2,LMP2,95.382
Team WRT #41,12,3,Team WRT,Oreca 07 - Gibson,LMP2,,Algarve,6,2023,215,6:02:26.222,7 Laps,4.588,Goodyear,Classified,125.0,1:35.304,175.8,Rui ANDRADE,Robert KUBICA,Louis DELÉTRAZ,2023_Algarve,LMP2,LMP2,95.304
Prema Racing #63,13,4,Prema Racing,Oreca 07 - Gibson,LMP2,,Algarve,6,2023,215,6:02:38.815,7 Laps,12.593,Goodyear,Classified,105.0,1:35.476,175.4,Doriane PIN,Mirko BORTOLOTTI,Daniil KVYAT,2023_Algarve,LMP2,LMP2,95.476
Hertz Team JOTA #48,14,5,Hertz Team JOTA,Oreca 07 - Gibson,LMP2,,Algarve,6,2023,215,6:02:52.673,7 Laps,13.858,Goodyear,Classified,123.0,1:35.596,175.2,David BECKMANN,Yifei YE,Antonio Felix DA COSTA,2023_Algarve,LMP2,LMP2,95.596
Prema Racing #9,15,6,Prema Racing,Oreca 07 - Gibson,LMP2,,Algarve,6,2023,215,6:02:53.064,7 Laps,0.391,Goodyear,Classified,112.0,1:35.479,175.4,Filip UGRAN,Juan Manuel CORREA,Bent VISCAAL,2023_Algarve,LMP2,LMP2,95.479
Team WRT #31,16,7,Team WRT,Oreca 07 - Gibson,LMP2,,Algarve,6,2023,215,6:02:53.717,7 Laps,0.653,Goodyear,Classified,187.0,1:35.598,175.2,Sean GELAEL,Ferdinand HABSBURG,Robin FRIJNS,2023_Algarve,LMP2,LMP2,95.598
JOTA #28,17,8,JOTA,Oreca 07 - Gibson,LMP2,,Algarve,6,2023,215,6:02:57.010,7 Laps,3.293,Goodyear,Classified,45.0,1:35.272,175.8,David HEINEMEIER-HANSSON,Pietro FITTIPALDI,Oliver RASMUSSEN,2023_Algarve,LMP2,LMP2,95.27199999999999
Alpine Elf Team #36,18,9,Alpine Elf Team,Oreca 07 - Gibson,LMP2,,Algarve,6,2023,215,6:02:58.785,7 Laps,1.775,Goodyear,Classified,148.0,1:35.537,175.3,Matthieu VAXIVIERE,Julien CANAL,Charles MILESI,2023_Algarve,LMP2,LMP2,95.537
Inter Europol Competition #34,19,10,Inter Europol Competition,Oreca 07 - Gibson,LMP2,,Algarve,6,2023,214,6:02:05.836,8 Laps,1 Laps,Goodyear,Classified,212.0,1:35.366,175.6,Jakub SMIECHOWSKI,Fabio SCHERER,Albert COSTA,2023_Algarve,LMP2,LMP2,95.366
Alpine Elf Team #35,20,11,Alpine Elf Team,Oreca 07 - Gibson,LMP2,,Algarve,6,2023,213,6:01:29.573,9 Laps,1 Laps,Goodyear,Classified,100.0,1:35.833,174.8,André NEGRÃO,Memo ROJAS,Olli CALDWELL,2023_Algarve,LMP2,LMP2,95.833
Corvette Racing #33,21,1,Corvette Racing,Chevrolet Corvette C8.R,LMGTE Am,,Algarve,6,2023,206,6:02:13.893,16 Laps,7 Laps,Michelin,Classified,182.0,1:40.812,166.2,Ben KEATING,Nicolas VARRONE,Nicky CATSBURG,2023_Algarve,LMGTE Am,GT (GTE Pro/Am),100.812
Richard Mille AF Corse #83,22,2,Richard Mille AF Corse,Ferrari 488 GTE Evo,LMGTE Am,,Algarve,6,2023,206,6:02:14.153,16 Laps,0.260,Michelin,Classified,199.0,1:40.249,167.1,Luis PEREZ COMPANC,Lilou WADOUX,Alessio ROVERA,2023_Algarve,LMGTE Am,GT (GTE Pro/Am),100.249
Iron Dames #85,23,3,Iron Dames,Porsche 911 RSR - 19,LMGTE Am,,Algarve,6,2023,206,6:02:38.297,16 Laps,24.144,Michelin,Classified,178.0,1:40.888,166.0,Sarah BOVY,Michelle GATTING,Rahel FREY,2023_Algarve,LMGTE Am,GT (GTE Pro/Am),100.888
AF Corse #54,24,4,AF Corse,Ferrari 488 GTE Evo,LMGTE Am,,Algarve,6,2023,206,6:02:41.714,16 Laps,3.417,Michelin,Classified,204.0,1:40.352,166.9,Thomas FLOHR,Francesco CASTELLACCI,Davide RIGON,2023_Algarve,LMGTE Am,GT (GTE Pro/Am),100.352
AF Corse #21,25,5,AF Corse,Ferrari 488 GTE Evo,LMGTE Am,,Algarve,6,2023,206,6:02:52.309,16 Laps,10.595,Michelin,Classified,180.0,1:41.222,165.5,Diego ALESSI,Simon MANN,Ulysse DE PAUW,2023_Algarve,LMGTE Am,GT (GTE Pro/Am),101.22200000000001
Project 1 - AO #56,26,6,Project 1 - AO,Porsche 911 RSR - 19,LMGTE Am,,Algarve,6,2023,205,6:01:42.612,17 Laps,1 Laps,Michelin,Classified,187.0,1:40.751,166.3,Miguel PEDRO RAMOS,Guilherme MOURA DE OLIVEIRA,Matteo CAIROLI,2023_Algarve,LMGTE Am,GT (GTE Pro/Am),100.751
Dempsey - Proton Racing #77,27,7,Dempsey - Proton Racing,Porsche 911 RSR - 19,LMGTE Am,,Algarve,6,2023,205,6:02:55.474,17 Laps,1'12.862,Michelin,Classified,190.0,1:41.343,165.3,Christian RIED,Mikkel PEDERSEN,Julien ANDLAUER,2023_Algarve,LMGTE Am,GT (GTE Pro/Am),101.343
ORT by TF #25,28,8,ORT by TF,Aston Martin Vantage AMR,LMGTE Am,,Algarve,6,2023,205,6:03:02.734,17 Laps,7.260,Michelin,Classified,194.0,1:41.865,164.4,Ahmad AL HARTHY,Michael DINAN,Charlie EASTWOOD,2023_Algarve,LMGTE Am,GT (GTE Pro/Am),101.86500000000001
Proton Competition #88,29,9,Proton Competition,Porsche 911 RSR - 19,LMGTE Am,,Algarve,6,2023,204,6:02:21.206,18 Laps,1 Laps,Michelin,Classified,122.0,1:40.616,166.5,Ryan HARDWICK,Zacharie ROBICHON,Harry TINCKNELL,2023_Algarve,LMGTE Am,GT (GTE Pro/Am),100.616
Kessel Racing #57,30,10,Kessel Racing,Ferrari 488 GTE Evo,LMGTE Am,,Algarve,6,2023,204,6:02:26.040,18 Laps,4.834,Michelin,Classified,203.0,1:40.833,166.1,Takeshi KIMURA,Scott HUFFAKER,Daniel SERRA,2023_Algarve,LMGTE Am,GT (GTE Pro/Am),100.833
GR Racing #86,31,11,GR Racing,Porsche 911 RSR - 19,LMGTE Am,,Algarve,6,2023,204,6:02:36.455,18 Laps,10.415,Michelin,Classified,178.0,1:40.918,166.0,Michael WAINWRIGHT,Riccardo PERA,Benjamin BARKER,2023_Algarve,LMGTE Am,GT (GTE Pro/Am),100.918
Iron Lynx #60,32,12,Iron Lynx,Porsche 911 RSR - 19,LMGTE Am,,Algarve,6,2023,203,6:02:38.803,19 Laps,1 Laps,Michelin,Classified,177.0,1:40.955,165.9,Claudio SCHIAVONI,Matteo CRESSONI,Alessio PICARIELLO,2023_Algarve,LMGTE Am,GT (GTE Pro/Am),100.955
Northwest AMR #98,33,13,Northwest AMR,Aston Martin Vantage AMR,LMGTE Am,,Algarve,6,2023,202,6:01:28.389,20 Laps,1 Laps,Michelin,Classified,197.0,1:42.037,164.2,Paul DALLA LANA,Axcil JEFFERIES,Nicki THIIM,2023_Algarve,LMGTE Am,GT (GTE Pro/Am),102.037
Vector Sport #10,34,12,Vector Sport,Oreca 07 - Gibson,LMP2,,Algarve,6,2023,193,6:01:37.129,29 Laps,9 Laps,Goodyear,Classified,91.0,1:35.657,175.1,Ryan CULLEN,Matthias KAISER,Gabriel AUBRY,2023_Algarve,LMP2,LMP2,95.657
Porsche Penske Motorsport #5,35,10,Porsche Penske Motorsport,Porsche 963,HYPERCAR,H,Algarve,6,2023,189,6:02:43.571,33 Laps,4 Laps,Michelin,Classified,159.0,1:33.844,178.5,Dane CAMERON,Michael CHRISTENSEN,Frédéric MAKOWIECKI,2023_Algarve,Hypercar,Top Class (LMP1/Hypercar),93.844
Floyd Vanwall Racing Team #4,36,11,Floyd Vanwall Racing Team,Vanwall Vandervell 680,HYPERCAR,,Algarve,6,2023,174,4:52:29.282,48 Laps,15 Laps,Michelin,Not classified,27.0,1:35.279,175.8,Tom DILLMANN,Esteban GUERRIERI,Jacques VILLENEUVE,2023_Algarve,Hypercar,Top Class (LMP1/Hypercar),95.279
D'Station Racing #777,37,14,D'Station Racing,Aston Martin Vantage AMR,LMGTE Am,,Algarve,6,2023,42,1:32:11.225,180 Laps,132 Laps,Michelin,Not classified,38.0,1:43.156,162.4,Satoshi HOSHINO,Casper STEVENSON,Tomonobu FUJII,2023_Algarve,LMGTE Am,GT (GTE Pro/Am),103.156
Ferrari AF Corse #51,1,1,Ferrari AF Corse,Ferrari 499P,HYPERCAR,H,LeMans,24,2023,342,24:00:18.099,,,Michelin,Classified,264.0,3:27.890,236.0,Alessandro PIER GUIDI,James CALADO,Antonio GIOVINAZZI,2023_LeMans,Hypercar,Top Class (LMP1/Hypercar),207.89
Toyota Gazoo Racing #8,2,2,Toyota Gazoo Racing,Toyota GR010 HYBRID,HYPERCAR,H,LeMans,24,2023,342,24:01:39.892,1'21.793,1'21.793,Michelin,Classified,308.0,3:27.549,236.3,Sébastien BUEMI,Brendon HARTLEY,Ryo HIRAKAWA,2023_LeMans,Hypercar,Top Class (LMP1/Hypercar),207.549
Cadillac Racing #2,3,3,Cadillac Racing,Cadillac V-Series.R,HYPERCAR,H,LeMans,24,2023,341,24:02:37.016,1 Laps,1 Laps,Michelin,Classified,263.0,3:27.967,235.9,Earl BAMBER,Alex LYNN,Richard WESTBROOK,2023_LeMans,Hypercar,Top Class (LMP1/Hypercar),207.96699999999998
Cadillac Racing #3,4,4,Cadillac Racing,Cadillac V-Series.R,HYPERCAR,H,LeMans,24,2023,340,24:02:37.292,2 Laps,1 Laps,Michelin,Classified,12.0,3:28.298,235.5,Sébastien BOURDAIS,Renger VAN DER ZANDE,Scott DIXON,2023_LeMans,Hypercar,Top Class (LMP1/Hypercar),208.298
Ferrari AF Corse #50,5,5,Ferrari AF Corse,Ferrari 499P,HYPERCAR,H,LeMans,24,2023,337,24:01:31.657,5 Laps,3 Laps,Michelin,Classified,307.0,3:27.218,236.7,Antonio FUOCO,Miguel MOLINA,Nicklas NIELSEN,2023_LeMans,Hypercar,Top Class (LMP1/Hypercar),207.218
Glickenhaus Racing #708,6,6,Glickenhaus Racing,Glickenhaus 007,HYPERCAR,,LeMans,24,2023,335,24:02:47.956,7 Laps,2 Laps,Michelin,Classified,294.0,3:29.577,234.1,Romain DUMAS,Ryan BRISCOE,Olivier PLA,2023_LeMans,Hypercar,Top Class (LMP1/Hypercar),209.577
Glickenhaus Racing #709,7,7,Glickenhaus Racing,Glickenhaus 007,HYPERCAR,,LeMans,24,2023,333,24:01:11.563,9 Laps,2 Laps,Michelin,Classified,261.0,3:29.936,233.7,Franck MAILLEUX,Nathanaël BERTHON,Esteban GUTIERREZ,2023_LeMans,Hypercar,Top Class (LMP1/Hypercar),209.936
Peugeot TotalEnergies #93,8,8,Peugeot TotalEnergies,Peugeot 9X8,HYPERCAR,H,LeMans,24,2023,330,24:00:24.895,12 Laps,3 Laps,Michelin,Classified,290.0,3:28.796,234.9,Paul DI RESTA,Mikkel JENSEN,Jean-Éric VERGNE,2023_LeMans,Hypercar,Top Class (LMP1/Hypercar),208.796
Inter Europol Competition #34,9,1,Inter Europol Competition,Oreca 07 - Gibson,LMP2,,LeMans,24,2023,328,24:00:50.903,14 Laps,2 Laps,Goodyear,Classified,280.0,3:36.739,226.3,Jakub SMIECHOWSKI,Albert COSTA,Fabio SCHERER,2023_LeMans,LMP2,LMP2,216.739
Team WRT #41,10,2,Team WRT,Oreca 07 - Gibson,LMP2,,LeMans,24,2023,328,24:01:11.918,14 Laps,21.015,Goodyear,Classified,315.0,3:36.146,226.9,Rui ANDRADE,Louis DELÉTRAZ,Robert KUBICA,2023_LeMans,LMP2,LMP2,216.14600000000002
Duqueine Team #30,11,3,Duqueine Team,Oreca 07 - Gibson,LMP2,,LeMans,24,2023,327,24:01:36.133,15 Laps,1 Laps,Goodyear,Classified,272.0,3:36.607,226.5,Neel JANI,René BINDER,Nicolas PINO,2023_LeMans,LMP2,LMP2,216.607
Alpine Elf Team #36,12,4,Alpine Elf Team,Oreca 07 - Gibson,LMP2,,LeMans,24,2023,327,24:02:54.479,15 Laps,1'18.346,Goodyear,Classified,10.0,3:37.406,225.6,Matthieu VAXIVIERE,Charles MILESI,Julien CANAL,2023_LeMans,LMP2,LMP2,217.406
Team WRT #31,13,5,Team WRT,Oreca 07 - Gibson,LMP2,,LeMans,24,2023,327,24:03:09.957,15 Laps,15.478,Goodyear,Classified,293.0,3:36.043,227.1,Sean GELAEL,Ferdinand HABSBURG,Robin FRIJNS,2023_LeMans,LMP2,LMP2,216.043
IDEC Sport #48,14,6,IDEC Sport,Oreca 07 - Gibson,LMP2,,LeMans,24,2023,327,24:03:35.890,15 Laps,25.933,Goodyear,Classified,274.0,3:36.478,226.6,Paul LAFARGUE,Paul Loup CHATIN,Laurents HÖRR,2023_LeMans,LMP2,LMP2,216.478
Vector Sport #10,15,7,Vector Sport,Oreca 07 - Gibson,LMP2,,LeMans,24,2023,325,24:03:06.939,17 Laps,2 Laps,Goodyear,Classified,11.0,3:37.719,225.3,Ryan CULLEN,Gabriel AUBRY,Matthias KAISER,2023_LeMans,LMP2,LMP2,217.719
Porsche Penske Motorsport #5,16,9,Porsche Penske Motorsport,Porsche 963,HYPERCAR,H,LeMans,24,2023,325,24:05:15.061,17 Laps,2'08.122,Michelin,Classified,320.0,3:27.987,235.8,Dane CAMERON,Michael CHRISTENSEN,Frédéric MAKOWIECKI,2023_LeMans,Hypercar,Top Class (LMP1/Hypercar),207.987
Action Express Racing #311,17,10,Action Express Racing,Cadillac V-Series.R,HYPERCAR,H,LeMans,24,2023,324,24:02:37.519,18 Laps,1 Laps,Michelin,Classified,289.0,3:27.963,235.9,Luis Felipe DERANI,Alexander SIMS,Jack AITKEN,2023_LeMans,Hypercar,Top Class (LMP1/Hypercar),207.963
United Autosports #23,18,8,United Autosports,Oreca 07 - Gibson,LMP2,,LeMans,24,2023,323,24:01:35.109,19 Laps,1 Laps,Goodyear,Classified,270.0,3:37.200,225.8,Joshua PIERSON,Tom BLOMQVIST,Oliver JARVIS,2023_LeMans,LMP2,LMP2,217.2
Alpine Elf Team #35,19,9,Alpine Elf Team,Oreca 07 - Gibson,LMP2,,LeMans,24,2023,322,24:00:42.622,20 Laps,1 Laps,Goodyear,Classified,10.0,3:38.063,225.0,André NEGRÃO,Olli CALDWELL,Memo ROJAS,2023_LeMans,LMP2,LMP2,218.063
Algarve Pro Racing #45,20,10,Algarve Pro Racing,Oreca 07 - Gibson,LMP2,P/A,LeMans,24,2023,322,24:03:21.775,20 Laps,2'39.153,Goodyear,Classified,9.0,3:38.010,225.0,George KURTZ,James ALLEN,Colin BRAUN,2023_LeMans,LMP2,LMP2,218.01
United Autosports #22,21,11,United Autosports,Oreca 07 - Gibson,LMP2,,LeMans,24,2023,321,24:03:00.196,21 Laps,1 Laps,Goodyear,Classified,265.0,3:36.715,226.4,Philip HANSON,Filipe ALBUQUERQUE,Frederick LUBIN,2023_LeMans,LMP2,LMP2,216.715
Porsche Penske Motorsport #6,22,11,Porsche Penske Motorsport,Porsche 963,HYPERCAR,H,LeMans,24,2023,320,24:00:46.345,22 Laps,1 Laps,Michelin,Classified,307.0,3:28.294,235.5,Kévin ESTRE,André LOTTERER,Laurens VANTHOOR,2023_LeMans,Hypercar,Top Class (LMP1/Hypercar),208.294
COOL Racing #37,23,12,COOL Racing,Oreca 07 - Gibson,LMP2,P/A,LeMans,24,2023,317,24:02:44.458,25 Laps,3 Laps,Goodyear,Classified,223.0,3:37.073,226.0,Nicolas LAPIERRE,Alexandre COIGNY,Malthe JAKOBSEN,2023_LeMans,LMP2,LMP2,217.073
JOTA #28,24,13,JOTA,Oreca 07 - Gibson,LMP2,,LeMans,24,2023,316,24:02:10.556,26 Laps,1 Laps,Goodyear,Classified,238.0,3:37.300,225.7,David HEINEMEIER-HANSSON,Oliver RASMUSSEN,Pietro FITTIPALDI,2023_LeMans,LMP2,LMP2,217.3
Panis Racing #65,25,14,Panis Racing,Oreca 07 - Gibson,LMP2,,LeMans,24,2023,316,24:02:57.177,26 Laps,46.621,Goodyear,Classified,286.0,3:37.525,225.5,Manuel MALDONADO,Tijmen VAN DER HELM,Job VAN UITERT,2023_LeMans,LMP2,LMP2,217.525
Corvette Racing #33,26,1,Corvette Racing,Chevrolet Corvette C8.R,LMGTE Am,,LeMans,24,2023,313,24:02:46.635,29 Laps,3 Laps,Michelin,Classified,261.0,3:50.439,212.9,Nicky CATSBURG,Ben KEATING,Nicolas VARRONE,2023_LeMans,LMGTE Am,GT (GTE Pro/Am),230.439
Peugeot TotalEnergies #94,27,12,Peugeot TotalEnergies,Peugeot 9X8,HYPERCAR,H,LeMans,24,2023,312,24:00:24.883,30 Laps,1 Laps,Michelin,Classified,275.0,3:28.446,235.3,Loïc DUVAL,Gustavo MENEZES,Nico MÜLLER,2023_LeMans,Hypercar,Top Class (LMP1/Hypercar),208.446
ORT by TF #25,28,2,ORT by TF,Aston Martin Vantage AMR,LMGTE Am,,LeMans,24,2023,312,24:00:49.023,30 Laps,24.140,Michelin,Classified,242.0,3:51.530,211.9,Ahmad AL HARTHY,Michael DINAN,Charlie EASTWOOD,2023_LeMans,LMGTE Am,GT (GTE Pro/Am),231.53
GR Racing #86,29,3,GR Racing,Porsche 911 RSR - 19,LMGTE Am,,LeMans,24,2023,312,24:01:46.477,30 Laps,57.454,Michelin,Classified,263.0,3:50.771,212.6,Michael WAINWRIGHT,Benjamin BARKER,Riccardo PERA,2023_LeMans,LMGTE Am,GT (GTE Pro/Am),230.77100000000002
Iron Dames #85,30,4,Iron Dames,Porsche 911 RSR - 19,LMGTE Am,,LeMans,24,2023,312,24:01:51.789,30 Laps,5.312,Michelin,Classified,221.0,3:53.573,210.0,Sarah BOVY,Michelle GATTING,Rahel FREY,2023_LeMans,LMGTE Am,GT (GTE Pro/Am),233.573
AF Corse #54,31,5,AF Corse,Ferrari 488 GTE Evo,LMGTE Am,,LeMans,24,2023,312,24:03:25.620,30 Laps,1'33.831,Michelin,Classified,8.0,3:52.124,211.3,Thomas FLOHR,Francesco CASTELLACCI,Davide RIGON,2023_LeMans,LMGTE Am,GT (GTE Pro/Am),232.124
DKR Engineering #43,32,15,DKR Engineering,Oreca 07 - Gibson,LMP2,P/A,LeMans,24,2023,311,24:03:24.032,31 Laps,1 Laps,Goodyear,Classified,204.0,3:37.795,225.2,Tom VAN ROMPUY,Ugo DE WILDE,Maxime MARTIN,2023_LeMans,LMP2,LMP2,217.79500000000002
Northwest AMR #98,33,6,Northwest AMR,Aston Martin Vantage AMR,LMGTE Am,,LeMans,24,2023,310,24:00:35.192,32 Laps,1 Laps,Michelin,Classified,295.0,3:51.992,211.4,Ian JAMES,Daniel MANCINELLI,Alex RIBERAS,2023_LeMans,LMGTE Am,GT (GTE Pro/Am),231.992
Prema Racing #9,34,16,Prema Racing,Oreca 07 - Gibson,LMP2,,LeMans,24,2023,310,24:02:56.677,32 Laps,2'21.485,Goodyear,Classified,10.0,3:37.815,225.2,Bent VISCAAL,Juan Manuel CORREA,Filip UGRAN,2023_LeMans,LMP2,LMP2,217.815
Project 1 - AO #56,35,7,Project 1 - AO,Porsche 911 RSR - 19,LMGTE Am,,LeMans,24,2023,309,24:00:23.755,33 Laps,1 Laps,Michelin,Classified,11.0,3:51.446,211.9,PJ HYETT,Gunnar JEANNETTE,Matteo CAIROLI,2023_LeMans,LMGTE Am,GT (GTE Pro/Am),231.446
Walkenhorst Motorsport #100,36,8,Walkenhorst Motorsport,Ferrari 488 GTE Evo,LMGTE Am,,LeMans,24,2023,307,24:00:18.540,35 Laps,2 Laps,Michelin,Classified,293.0,3:54.629,209.1,Chandler HULL,Andrew HARYANTO,Jeffrey SEGAL,2023_LeMans,LMGTE Am,GT (GTE Pro/Am),234.629
Graff Racing #39,37,17,Graff Racing,Oreca 07 - Gibson,LMP2,P/A,LeMans,24,2023,303,24:01:39.143,39 Laps,4 Laps,Goodyear,Classified,266.0,3:37.332,225.7,Roberto LACORTE,Giedo VAN DER GARDE,Patrick PILET,2023_LeMans,LMP2,LMP2,217.332
Kessel Racing #74,38,9,Kessel Racing,Ferrari 488 GTE Evo,LMGTE Am,,LeMans,24,2023,303,24:03:20.586,39 Laps,1'41.443,Michelin,Classified,181.0,3:53.240,210.3,Kei COZZOLINO,Yorikatsu TSUJIKO,Naoki YOKOMIZO,2023_LeMans,LMGTE Am,GT (GTE Pro/Am),233.24
Hendrick Motorsports #24,39,1,Hendrick Motorsports,Chevrolet Camaro ZL1,INNOVATIVE CAR,,LeMans,24,2023,285,24:02:14.466,57 Laps,18 Laps,Goodyear,Classified,257.0,3:50.512,212.8,Jimmie JOHNSON,Mike ROCKENFELLER,Jenson BUTTON,2023_LeMans,Experimental,Experimental,230.512
Hertz Team JOTA #38,40,13,Hertz Team JOTA,Porsche 963,HYPERCAR,H,LeMans,24,2023,244,24:01:06.637,98 Laps,41 Laps,Michelin,Classified,228.0,3:28.075,235.7,Antonio Felix DA COSTA,William STEVENS,Yifei YE,2023_LeMans,Hypercar,Top Class (LMP1/Hypercar),208.075
Kessel Racing #57,41,10,Kessel Racing,Ferrari 488 GTE Evo,LMGTE Am,,LeMans,24,2023,254,20:08:23.674,88 Laps,-10 Laps,Michelin,Retired,8.0,3:52.468,211.0,Takeshi KIMURA,Scott HUFFAKER,Daniel SERRA,2023_LeMans,LMGTE Am,GT (GTE Pro/Am),232.46800000000002
Proton Competition #911,42,11,Proton Competition,Porsche 911 RSR - 19,LMGTE Am,,LeMans,24,2023,246,19:37:05.142,96 Laps,8 Laps,Michelin,Retired,16.0,3:53.056,210.5,Michael FASSBENDER,Martin RUMP,Richard LIETZ,2023_LeMans,LMGTE Am,GT (GTE Pro/Am),233.05599999999998
AF Corse #80,43,18,AF Corse,Oreca 07 - Gibson,LMP2,P/A,LeMans,24,2023,183,14:31:45.292,159 Laps,63 Laps,Goodyear,Retired,149.0,3:39.807,223.2,François PERRODO,Ben BARNICOAT,Norman NATO,2023_LeMans,LMP2,LMP2,219.80700000000002
Proton Competition #88,44,12,Proton Competition,Porsche 911 RSR - 19,LMGTE Am,,LeMans,24,2023,170,13:57:04.547,172 Laps,13 Laps,Michelin,Retired,147.0,3:51.811,211.6,Harry TINCKNELL,Donald YOUNT,Jonas RIED,2023_LeMans,LMGTE Am,GT (GTE Pro/Am),231.811
Floyd Vanwall Racing Team #4,45,14,Floyd Vanwall Racing Team,Vanwall Vandervell 680,HYPERCAR,,LeMans,24,2023,165,15:11:45.309,177 Laps,5 Laps,Michelin,Retired,125.0,3:32.636,230.7,Tom DILLMANN,Esteban GUERRIERI,Tristan VAUTIER,2023_LeMans,Hypercar,Top Class (LMP1/Hypercar),212.636
D'Station Racing #777,46,13,D'Station Racing,Aston Martin Vantage AMR,LMGTE Am,,LeMans,24,2023,163,13:41:58.671,179 Laps,2 Laps,Michelin,Retired,149.0,3:54.651,209.0,Satoshi HOSHINO,Casper STEVENSON,Tomonobu FUJII,2023_LeMans,LMGTE Am,GT (GTE Pro/Am),234.651
COOL Racing #47,47,19,COOL Racing,Oreca 07 - Gibson,LMP2,,LeMans,24,2023,158,12:41:03.838,184 Laps,5 Laps,Goodyear,Retired,10.0,3:37.338,225.7,Reshad DE GÉRUS,Vladislav LOMKO,Simon PAGENAUD,2023_LeMans,LMP2,LMP2,217.338
Dempsey - Proton Racing #77,48,14,Dempsey - Proton Racing,Porsche 911 RSR - 19,LMGTE Am,,LeMans,24,2023,118,10:31:03.703,224 Laps,40 Laps,Michelin,Retired,89.0,3:55.060,208.7,Christian RIED,Mikkel PEDERSEN,Julien ANDLAUER,2023_LeMans,LMGTE Am,GT (GTE Pro/Am),235.06
Inter Europol Competition #32,49,20,Inter Europol Competition,Oreca 07 - Gibson,LMP2,P/A,LeMans,24,2023,117,11:07:55.755,225 Laps,1 Laps,Goodyear,Retired,57.0,3:39.388,223.6,Mark KVAMME,Jan MAGNUSSEN,Anders FJORDBACH,2023_LeMans,LMP2,LMP2,219.388
Prema Racing #63,50,21,Prema Racing,Oreca 07 - Gibson,LMP2,,LeMans,24,2023,113,9:35:28.976,229 Laps,4 Laps,Goodyear,Retired,65.0,3:39.270,223.7,Doriane PIN,Daniil KVYAT,Mirko BORTOLOTTI,2023_LeMans,LMP2,LMP2,219.27
Toyota Gazoo Racing #7,51,15,Toyota Gazoo Racing,Toyota GR010 HYBRID,HYPERCAR,H,LeMans,24,2023,103,7:58:44.496,239 Laps,10 Laps,Michelin,Retired,12.0,3:29.993,233.6,Mike CONWAY,Kamui KOBAYASHI,Jose Maria LOPEZ,2023_LeMans,Hypercar,Top Class (LMP1/Hypercar),209.993
JMW Motorsport #66,52,15,JMW Motorsport,Ferrari 488 GTE Evo,LMGTE Am,,LeMans,24,2023,89,7:58:43.009,253 Laps,14 Laps,Michelin,Retired,8.0,3:53.086,210.5,Thomas NEUBAUER,Louis PRETTE,Giacomo PETROBELLI,2023_LeMans,LMGTE Am,GT (GTE Pro/Am),233.086
Racing Team Turkey #923,53,22,Racing Team Turkey,Oreca 07 - Gibson,LMP2,P/A,LeMans,24,2023,87,7:50:02.331,255 Laps,2 Laps,Goodyear,Retired,9.0,3:37.594,225.4,Salih YOLUC,Tom GAMBLE,Dries VANTHOOR,2023_LeMans,LMP2,LMP2,217.594
Porsche Penske Motorsport #75,54,16,Porsche Penske Motorsport,Porsche 963,HYPERCAR,H,LeMans,24,2023,84,6:44:44.339,258 Laps,3 Laps,Michelin,Retired,12.0,3:29.916,233.7,Felipe NASR,Mathieu JAMINET,Nicholas TANDY,2023_LeMans,Hypercar,Top Class (LMP1/Hypercar),209.916
TF Sport #72,55,16,TF Sport,Aston Martin Vantage AMR,LMGTE Am,,LeMans,24,2023,58,5:15:31.186,284 Laps,26 Laps,Michelin,Retired,14.0,3:55.043,208.7,Arnold ROBIN,Maxime ROBIN,Valentin HASSE-CLOT,2023_LeMans,LMGTE Am,GT (GTE Pro/Am),235.043
Richard Mille AF Corse #83,56,17,Richard Mille AF Corse,Ferrari 488 GTE Evo,LMGTE Am,,LeMans,24,2023,33,2:46:32.766,309 Laps,25 Laps,Michelin,Retired,8.0,3:52.485,211.0,Luis PEREZ COMPANC,Alessio ROVERA,Lilou WADOUX,2023_LeMans,LMGTE Am,GT (GTE Pro/Am),232.485
Iron Lynx #60,57,18,Iron Lynx,Porsche 911 RSR - 19,LMGTE Am,,LeMans,24,2023,28,2:20:55.129,314 Laps,5 Laps,Michelin,Retired,8.0,3:51.385,212.0,Claudio SCHIAVONI,Matteo CRESSONI,Alessio PICARIELLO,2023_LeMans,LMGTE Am,GT (GTE Pro/Am),231.385
Proton Competition #16,58,19,Proton Competition,Porsche 911 RSR - 19,LMGTE Am,,LeMans,24,2023,28,2:20:56.968,314 Laps,1.839,Michelin,Retired,10.0,3:58.707,205.5,Ryan HARDWICK,Zacharie ROBICHON,Jan HEYLEN,2023_LeMans,LMGTE Am,GT (GTE Pro/Am),238.707
GMB Motorsport #55,59,20,GMB Motorsport,Aston Martin Vantage AMR,LMGTE Am,,LeMans,24,2023,21,1:45:27.414,321 Laps,7 Laps,Michelin,Retired,17.0,3:56.189,207.7,Gustav BIRCH,Marco SØRENSEN,Jens Reno MØLLER,2023_LeMans,LMGTE Am,GT (GTE Pro/Am),236.189
AF Corse #21,60,21,AF Corse,Ferrari 488 GTE Evo,LMGTE Am,,LeMans,24,2023,21,1:45:27.935,321 Laps,0.521,Michelin,Retired,11.0,3:54.797,208.9,Simon MANN,Julien PIGUET,Ulysse DE PAUW,2023_LeMans,LMGTE Am,GT (GTE Pro/Am),234.797
Tower Motorsports #13,61,23,Tower Motorsports,Oreca 07 - Gibson,LMP2,P/A,LeMans,24,2023,19,1:34:25.191,323 Laps,2 Laps,Goodyear,Retired,10.0,3:39.086,223.9,Steven THOMAS,Ricky TAYLOR,René RAST,2023_LeMans,LMP2,LMP2,219.086
Nielsen Racing #14,62,24,Nielsen Racing,Oreca 07 - Gibson,LMP2,P/A,LeMans,24,2023,18,1:27:23.328,324 Laps,1 Laps,Goodyear,Retired,13.0,3:44.189,218.8,Rodrigo SALES,Mathias BECHE,Ben HANLEY,2023_LeMans,LMP2,LMP2,224.189
Toyota Gazoo Racing #7,1,1,Toyota Gazoo Racing,Toyota GR010 HYBRID,HYPERCAR,H,Spa,6,2023,148,6:00:24.798,,,Michelin,Classified,128.0,2:02.327,206.1,Mike CONWAY,Kamui KOBAYASHI,Jose Maria LOPEZ,2023_Spa,Hypercar,Top Class (LMP1/Hypercar),122.327
Toyota Gazoo Racing #8,2,2,Toyota Gazoo Racing,Toyota GR010 HYBRID,HYPERCAR,H,Spa,6,2023,148,6:00:36.435,11.637,11.637,Michelin,Classified,113.0,2:05.284,201.3,Sébastien BUEMI,Brendon HARTLEY,Ryo HIRAKAWA,2023_Spa,Hypercar,Top Class (LMP1/Hypercar),125.284
Ferrari AF Corse #51,3,3,Ferrari AF Corse,Ferrari 499P,HYPERCAR,H,Spa,6,2023,148,6:01:34.237,1'09.439,57.802,Michelin,Classified,116.0,2:03.868,203.6,Alessandro PIER GUIDI,James CALADO,Antonio GIOVINAZZI,2023_Spa,Hypercar,Top Class (LMP1/Hypercar),123.868
Porsche Penske Motorsport #5,4,4,Porsche Penske Motorsport,Porsche 963,HYPERCAR,H,Spa,6,2023,148,6:01:37.062,1'12.264,2.825,Michelin,Classified,128.0,2:06.803,198.8,Dane CAMERON,Michael CHRISTENSEN,Frédéric MAKOWIECKI,2023_Spa,Hypercar,Top Class (LMP1/Hypercar),126.803
Cadillac Racing #2,5,5,Cadillac Racing,Cadillac V-Series.R,HYPERCAR,H,Spa,6,2023,147,6:00:47.686,1 Laps,1 Laps,Michelin,Classified,116.0,2:04.906,201.9,Earl BAMBER,Alex LYNN,Richard WESTBROOK,2023_Spa,Hypercar,Top Class (LMP1/Hypercar),124.906
Hertz Team JOTA #38,6,6,Hertz Team JOTA,Porsche 963,HYPERCAR,H,Spa,6,2023,147,6:01:52.235,1 Laps,1'04.549,Michelin,Classified,66.0,2:05.427,201.0,Antonio Felix DA COSTA,William STEVENS,Yifei YE,2023_Spa,Hypercar,Top Class (LMP1/Hypercar),125.42699999999999
Team WRT #41,7,1,Team WRT,Oreca 07 - Gibson,LMP2,,Spa,6,2023,146,6:00:49.302,2 Laps,1 Laps,Goodyear,Classified,93.0,2:07.611,197.6,Rui ANDRADE,Robert KUBICA,Louis DELÉTRAZ,2023_Spa,LMP2,LMP2,127.611
United Autosports #23,8,2,United Autosports,Oreca 07 - Gibson,LMP2,,Spa,6,2023,146,6:00:55.344,2 Laps,6.042,Goodyear,Classified,115.0,2:08.430,196.3,Joshua PIERSON,Tom BLOMQVIST,Oliver JARVIS,2023_Spa,LMP2,LMP2,128.43
Inter Europol Competition #34,9,3,Inter Europol Competition,Oreca 07 - Gibson,LMP2,,Spa,6,2023,146,6:01:04.759,2 Laps,9.415,Goodyear,Classified,132.0,2:06.752,198.9,Jakub SMIECHOWSKI,Fabio SCHERER,Albert COSTA,2023_Spa,LMP2,LMP2,126.752
Prema Racing #9,10,4,Prema Racing,Oreca 07 - Gibson,LMP2,,Spa,6,2023,146,6:01:12.408,2 Laps,7.649,Goodyear,Classified,92.0,2:08.361,196.4,Filip UGRAN,Bent VISCAAL,Andrea CALDARELLI,2023_Spa,LMP2,LMP2,128.361
United Autosports #22,11,5,United Autosports,Oreca 07 - Gibson,LMP2,,Spa,6,2023,146,6:01:16.618,2 Laps,4.210,Goodyear,Classified,92.0,2:07.501,197.8,Frederick LUBIN,Philip HANSON,Filipe ALBUQUERQUE,2023_Spa,LMP2,LMP2,127.501
Team WRT #31,12,6,Team WRT,Oreca 07 - Gibson,LMP2,,Spa,6,2023,146,6:01:17.288,2 Laps,0.670,Goodyear,Classified,72.0,2:08.346,196.5,Sean GELAEL,Ferdinand HABSBURG,Robin FRIJNS,2023_Spa,LMP2,LMP2,128.346
Glickenhaus Racing #708,13,7,Glickenhaus Racing,Glickenhaus 007,HYPERCAR,,Spa,6,2023,146,6:01:25.443,2 Laps,8.155,Michelin,Classified,113.0,2:05.754,200.5,Romain DUMAS,Olivier PLA,Franck MAILLEUX,2023_Spa,Hypercar,Top Class (LMP1/Hypercar),125.754
Peugeot TotalEnergies #93,14,8,Peugeot TotalEnergies,Peugeot 9X8,HYPERCAR,H,Spa,6,2023,146,6:01:27.539,2 Laps,2.096,Michelin,Classified,115.0,2:05.212,201.4,Paul DI RESTA,Mikkel JENSEN,Jean-Éric VERGNE,2023_Spa,Hypercar,Top Class (LMP1/Hypercar),125.212
Alpine Elf Team #36,15,7,Alpine Elf Team,Oreca 07 - Gibson,LMP2,,Spa,6,2023,146,6:01:51.449,2 Laps,23.910,Goodyear,Classified,115.0,2:06.732,199.0,Matthieu VAXIVIERE,Julien CANAL,Charles MILESI,2023_Spa,LMP2,LMP2,126.732
Alpine Elf Team #35,16,8,Alpine Elf Team,Oreca 07 - Gibson,LMP2,,Spa,6,2023,146,6:02:08.648,2 Laps,17.199,Goodyear,Classified,114.0,2:07.312,198.1,André NEGRÃO,Memo ROJAS,Olli CALDWELL,2023_Spa,LMP2,LMP2,127.312
Peugeot TotalEnergies #94,17,9,Peugeot TotalEnergies,Peugeot 9X8,HYPERCAR,H,Spa,6,2023,146,6:02:18.532,2 Laps,9.884,Michelin,Classified,38.0,2:05.992,200.1,Loïc DUVAL,Gustavo MENEZES,Nico MÜLLER,2023_Spa,Hypercar,Top Class (LMP1/Hypercar),125.992
JOTA #28,18,9,JOTA,Oreca 07 - Gibson,LMP2,,Spa,6,2023,145,6:01:48.641,3 Laps,1 Laps,Goodyear,Classified,115.0,2:07.264,198.1,David HEINEMEIER-HANSSON,Pietro FITTIPALDI,Oliver RASMUSSEN,2023_Spa,LMP2,LMP2,127.264
Prema Racing #63,19,10,Prema Racing,Oreca 07 - Gibson,LMP2,,Spa,6,2023,144,6:00:40.619,4 Laps,1 Laps,Goodyear,Classified,72.0,2:07.884,197.2,Doriane PIN,Mirko BORTOLOTTI,Daniil KVYAT,2023_Spa,LMP2,LMP2,127.884
Richard Mille AF Corse #83,20,1,Richard Mille AF Corse,Ferrari 488 GTE Evo,LMGTE Am,,Spa,6,2023,140,6:02:16.459,8 Laps,4 Laps,Michelin,Classified,95.0,2:14.829,187.0,Luis PEREZ COMPANC,Lilou WADOUX,Alessio ROVERA,2023_Spa,LMGTE Am,GT (GTE Pro/Am),134.829
Corvette Racing #33,21,2,Corvette Racing,Chevrolet Corvette C8.R,LMGTE Am,,Spa,6,2023,140,6:02:35.112,8 Laps,18.653,Michelin,Classified,96.0,2:15.873,185.6,Ben KEATING,Nicolas VARRONE,Nicky CATSBURG,2023_Spa,LMGTE Am,GT (GTE Pro/Am),135.873
ORT by TF #25,22,3,ORT by TF,Aston Martin Vantage AMR,LMGTE Am,,Spa,6,2023,140,6:02:35.361,8 Laps,0.249,Michelin,Classified,122.0,2:16.051,185.3,Ahmad AL HARTHY,Michael DINAN,Charlie EASTWOOD,2023_Spa,LMGTE Am,GT (GTE Pro/Am),136.051
Proton Competition #88,23,4,Proton Competition,Porsche 911 RSR - 19,LMGTE Am,,Spa,6,2023,139,6:00:34.566,9 Laps,1 Laps,Michelin,Classified,121.0,2:16.174,185.2,Ryan HARDWICK,Zacharie ROBICHON,Harry TINCKNELL,2023_Spa,LMGTE Am,GT (GTE Pro/Am),136.174
Iron Dames #85,24,5,Iron Dames,Porsche 911 RSR - 19,LMGTE Am,,Spa,6,2023,139,6:00:45.035,9 Laps,10.469,Michelin,Classified,122.0,2:15.362,186.3,Sarah BOVY,Michelle GATTING,Rahel FREY,2023_Spa,LMGTE Am,GT (GTE Pro/Am),135.362
AF Corse #21,25,6,AF Corse,Ferrari 488 GTE Evo,LMGTE Am,,Spa,6,2023,139,6:00:48.012,9 Laps,2.977,Michelin,Classified,119.0,2:17.175,183.8,Diego ALESSI,Simon MANN,Ulysse DE PAUW,2023_Spa,LMGTE Am,GT (GTE Pro/Am),137.175
Northwest AMR #98,26,7,Northwest AMR,Aston Martin Vantage AMR,LMGTE Am,,Spa,6,2023,139,6:01:13.190,9 Laps,25.178,Michelin,Classified,98.0,2:16.610,184.6,Ian JAMES,Daniel MANCINELLI,Alex RIBERAS,2023_Spa,LMGTE Am,GT (GTE Pro/Am),136.61
Kessel Racing #57,27,8,Kessel Racing,Ferrari 488 GTE Evo,LMGTE Am,,Spa,6,2023,139,6:02:06.031,9 Laps,52.841,Michelin,Classified,124.0,2:15.198,186.5,Takeshi KIMURA,Scott HUFFAKER,Daniel SERRA,2023_Spa,LMGTE Am,GT (GTE Pro/Am),135.198
Dempsey - Proton Racing #77,28,9,Dempsey - Proton Racing,Porsche 911 RSR - 19,LMGTE Am,,Spa,6,2023,138,6:00:40.970,10 Laps,1 Laps,Michelin,Classified,94.0,2:16.429,184.8,Christian RIED,Mikkel PEDERSEN,Julien ANDLAUER,2023_Spa,LMGTE Am,GT (GTE Pro/Am),136.429
D'Station Racing #777,29,10,D'Station Racing,Aston Martin Vantage AMR,LMGTE Am,,Spa,6,2023,138,6:01:47.519,10 Laps,1'06.549,Michelin,Classified,122.0,2:16.714,184.4,Satoshi HOSHINO,Casper STEVENSON,Tomonobu FUJII,2023_Spa,LMGTE Am,GT (GTE Pro/Am),136.714
Iron Lynx #60,30,11,Iron Lynx,Porsche 911 RSR - 19,LMGTE Am,,Spa,6,2023,137,6:02:24.593,11 Laps,1 Laps,Michelin,Classified,122.0,2:15.459,186.1,Claudio SCHIAVONI,Matteo CRESSONI,Alessio PICARIELLO,2023_Spa,LMGTE Am,GT (GTE Pro/Am),135.459
GR Racing #86,31,12,GR Racing,Porsche 911 RSR - 19,LMGTE Am,,Spa,6,2023,136,6:00:48.900,12 Laps,1 Laps,Michelin,Classified,44.0,2:15.690,185.8,Michael WAINWRIGHT,Riccardo PERA,Benjamin BARKER,2023_Spa,LMGTE Am,GT (GTE Pro/Am),135.69
AF Corse #54,32,13,AF Corse,Ferrari 488 GTE Evo,LMGTE Am,,Spa,6,2023,79,3:41:39.046,69 Laps,57 Laps,Michelin,Not classified,74.0,2:17.010,184.0,Thomas FLOHR,Francesco CASTELLACCI,Davide RIGON,2023_Spa,LMGTE Am,GT (GTE Pro/Am),137.01
Ferrari AF Corse #50,33,10,Ferrari AF Corse,Ferrari 499P,HYPERCAR,H,Spa,6,2023,106,4:21:39.687,42 Laps,-27 Laps,Michelin,Retired,66.0,2:04.694,202.2,Antonio FUOCO,Miguel MOLINA,Nicklas NIELSEN,2023_Spa,Hypercar,Top Class (LMP1/Hypercar),124.694
Floyd Vanwall Racing Team #4,34,11,Floyd Vanwall Racing Team,Vanwall Vandervell 680,HYPERCAR,,Spa,6,2023,80,3:29:16.461,68 Laps,26 Laps,Michelin,Retired,32.0,2:08.980,195.5,Tom DILLMANN,Esteban GUERRIERI,Jacques VILLENEUVE,2023_Spa,Hypercar,Top Class (LMP1/Hypercar),128.98
Porsche Penske Motorsport #6,35,12,Porsche Penske Motorsport,Porsche 963,HYPERCAR,H,Spa,6,2023,53,2:12:25.146,95 Laps,27 Laps,Michelin,Retired,32.0,2:06.217,199.8,Kévin ESTRE,André LOTTERER,Laurens VANTHOOR,2023_Spa,Hypercar,Top Class (LMP1/Hypercar),126.217
Cadillac Racing #3,36,13,Cadillac Racing,Cadillac V-Series.R,HYPERCAR,H,Spa,6,2023,40,1:36:58.531,108 Laps,13 Laps,Michelin,Retired,20.0,2:06.727,199.0,Sébastien BOURDAIS,Renger VAN DER ZANDE,Jack AITKEN,2023_Spa,Hypercar,Top Class (LMP1/Hypercar),126.727
Vector Sport #10,37,11,Vector Sport,Oreca 07 - Gibson,LMP2,,Spa,6,2023,14,38:45.308,134 Laps,26 Laps,Goodyear,Retired,14.0,2:11.258,192.1,Ryan CULLEN,Matthias KAISER,Gabriel AUBRY,2023_Spa,LMP2,LMP2,131.258
Toyota Gazoo Racing #7,1,1,Toyota Gazoo Racing,Toyota GR010 HYBRID,HYPERCAR,H,Monza,6,2023,200,6:00:31.922,,,Michelin,Classified,180.0,1:36.696,215.7,Mike CONWAY,Kamui KOBAYASHI,Jose Maria LOPEZ,2023_Monza,Hypercar,Top Class (LMP1/Hypercar),96.696
Ferrari AF Corse #50,2,2,Ferrari AF Corse,Ferrari 499P,HYPERCAR,H,Monza,6,2023,200,6:00:48.442,16.520,16.520,Michelin,Classified,149.0,1:36.753,215.5,Antonio FUOCO,Miguel MOLINA,Nicklas NIELSEN,2023_Monza,Hypercar,Top Class (LMP1/Hypercar),96.753
Peugeot TotalEnergies #93,3,3,Peugeot TotalEnergies,Peugeot 9X8,HYPERCAR,H,Monza,6,2023,200,6:01:50.101,1'18.179,1'01.659,Michelin,Classified,181.0,1:37.239,214.5,Paul DI RESTA,Mikkel JENSEN,Jean-Éric VERGNE,2023_Monza,Hypercar,Top Class (LMP1/Hypercar),97.239
Porsche Penske Motorsport #5,4,4,Porsche Penske Motorsport,Porsche 963,HYPERCAR,H,Monza,6,2023,199,6:01:06.073,1 Laps,1 Laps,Michelin,Classified,151.0,1:37.350,214.2,Dane CAMERON,Michael CHRISTENSEN,Frédéric MAKOWIECKI,2023_Monza,Hypercar,Top Class (LMP1/Hypercar),97.35
Ferrari AF Corse #51,5,5,Ferrari AF Corse,Ferrari 499P,HYPERCAR,H,Monza,6,2023,199,6:01:39.046,1 Laps,32.973,Michelin,Classified,166.0,1:36.984,215.0,Alessandro PIER GUIDI,James CALADO,Antonio GIOVINAZZI,2023_Monza,Hypercar,Top Class (LMP1/Hypercar),96.98400000000001
Toyota Gazoo Racing #8,6,6,Toyota Gazoo Racing,Toyota GR010 HYBRID,HYPERCAR,H,Monza,6,2023,199,6:01:42.368,1 Laps,3.322,Michelin,Classified,192.0,1:36.802,215.4,Sébastien BUEMI,Brendon HARTLEY,Ryo HIRAKAWA,2023_Monza,Hypercar,Top Class (LMP1/Hypercar),96.80199999999999
Porsche Penske Motorsport #6,7,7,Porsche Penske Motorsport,Porsche 963,HYPERCAR,H,Monza,6,2023,199,6:01:56.338,1 Laps,13.970,Michelin,Classified,182.0,1:37.395,214.1,Kévin ESTRE,André LOTTERER,Laurens VANTHOOR,2023_Monza,Hypercar,Top Class (LMP1/Hypercar),97.39500000000001
Glickenhaus Racing #708,8,8,Glickenhaus Racing,Glickenhaus 007,HYPERCAR,,Monza,6,2023,199,6:02:04.398,1 Laps,8.060,Michelin,Classified,189.0,1:37.861,213.1,Romain DUMAS,Olivier PLA,Nathanaël BERTHON,2023_Monza,Hypercar,Top Class (LMP1/Hypercar),97.86099999999999
Hertz Team JOTA #38,9,9,Hertz Team JOTA,Porsche 963,HYPERCAR,H,Monza,6,2023,198,6:01:10.289,2 Laps,1 Laps,Michelin,Classified,150.0,1:37.290,214.4,Antonio Felix DA COSTA,William STEVENS,Yifei YE,2023_Monza,Hypercar,Top Class (LMP1/Hypercar),97.28999999999999
Cadillac Racing #2,10,10,Cadillac Racing,Cadillac V-Series.R,HYPERCAR,H,Monza,6,2023,198,6:01:24.273,2 Laps,13.984,Michelin,Classified,172.0,1:37.251,214.4,Earl BAMBER,Alex LYNN,Richard WESTBROOK,2023_Monza,Hypercar,Top Class (LMP1/Hypercar),97.251
JOTA #28,11,1,JOTA,Oreca 07 - Gibson,LMP2,,Monza,6,2023,193,6:01:50.362,7 Laps,5 Laps,Goodyear,Classified,161.0,1:40.915,206.7,David HEINEMEIER-HANSSON,Pietro FITTIPALDI,Oliver RASMUSSEN,2023_Monza,LMP2,LMP2,100.91499999999999
Alpine Elf Team #36,12,2,Alpine Elf Team,Oreca 07 - Gibson,LMP2,,Monza,6,2023,192,6:00:42.430,8 Laps,1 Laps,Goodyear,Classified,145.0,1:40.683,207.1,Matthieu VAXIVIERE,Julien CANAL,Charles MILESI,2023_Monza,LMP2,LMP2,100.68299999999999
Team WRT #41,13,3,Team WRT,Oreca 07 - Gibson,LMP2,,Monza,6,2023,192,6:00:48.187,8 Laps,5.757,Goodyear,Classified,151.0,1:40.957,206.6,Rui ANDRADE,Robert KUBICA,Louis DELÉTRAZ,2023_Monza,LMP2,LMP2,100.957
United Autosports #23,14,4,United Autosports,Oreca 07 - Gibson,LMP2,,Monza,6,2023,192,6:00:49.075,8 Laps,0.888,Goodyear,Classified,77.0,1:41.332,205.8,Joshua PIERSON,Giedo VAN DER GARDE,Oliver JARVIS,2023_Monza,LMP2,LMP2,101.332
Inter Europol Competition #34,15,5,Inter Europol Competition,Oreca 07 - Gibson,LMP2,,Monza,6,2023,192,6:01:06.236,8 Laps,17.161,Goodyear,Classified,81.0,1:41.325,205.8,Jakub SMIECHOWSKI,Fabio SCHERER,Albert COSTA,2023_Monza,LMP2,LMP2,101.325
United Autosports #22,16,6,United Autosports,Oreca 07 - Gibson,LMP2,,Monza,6,2023,192,6:01:20.792,8 Laps,14.556,Goodyear,Classified,167.0,1:40.892,206.7,Frederick LUBIN,Philip HANSON,Ben HANLEY,2023_Monza,LMP2,LMP2,100.892
Prema Racing #63,17,7,Prema Racing,Oreca 07 - Gibson,LMP2,,Monza,6,2023,192,6:01:29.356,8 Laps,8.564,Goodyear,Classified,40.0,1:40.902,206.7,Doriane PIN,Mathias BECHE,Daniil KVYAT,2023_Monza,LMP2,LMP2,100.902
Alpine Elf Team #35,18,8,Alpine Elf Team,Oreca 07 - Gibson,LMP2,,Monza,6,2023,192,6:01:40.328,8 Laps,10.972,Goodyear,Classified,84.0,1:41.226,206.0,André NEGRÃO,Memo ROJAS,Olli CALDWELL,2023_Monza,LMP2,LMP2,101.226
Peugeot TotalEnergies #94,19,11,Peugeot TotalEnergies,Peugeot 9X8,HYPERCAR,H,Monza,6,2023,191,6:00:44.720,9 Laps,1 Laps,Michelin,Classified,150.0,1:36.916,215.2,Loïc DUVAL,Gustavo MENEZES,Nico MÜLLER,2023_Monza,Hypercar,Top Class (LMP1/Hypercar),96.916
Floyd Vanwall Racing Team #4,20,12,Floyd Vanwall Racing Team,Vanwall Vandervell 680,HYPERCAR,,Monza,6,2023,191,6:00:44.856,9 Laps,0.136,Michelin,Classified,156.0,1:39.676,209.2,Esteban GUERRIERI,Tristan VAUTIER,Joao Paulo DE OLIVEIRA,2023_Monza,Hypercar,Top Class (LMP1/Hypercar),99.676
Prema Racing #9,21,9,Prema Racing,Oreca 07 - Gibson,LMP2,,Monza,6,2023,191,6:01:11.165,9 Laps,26.309,Goodyear,Classified,149.0,1:40.688,207.1,Filip UGRAN,Bent VISCAAL,Andrea CALDARELLI,2023_Monza,LMP2,LMP2,100.688
Dempsey - Proton Racing #77,22,1,Dempsey - Proton Racing,Porsche 911 RSR - 19,LMGTE Am,,Monza,6,2023,185,6:02:06.876,15 Laps,6 Laps,Michelin,Classified,166.0,1:47.122,194.7,Christian RIED,Mikkel PEDERSEN,Julien ANDLAUER,2023_Monza,LMGTE Am,GT (GTE Pro/Am),107.122
Iron Lynx #60,23,2,Iron Lynx,Porsche 911 RSR - 19,LMGTE Am,,Monza,6,2023,185,6:02:18.060,15 Laps,11.184,Michelin,Classified,165.0,1:47.124,194.7,Claudio SCHIAVONI,Matteo CRESSONI,Alessio PICARIELLO,2023_Monza,LMGTE Am,GT (GTE Pro/Am),107.124
GR Racing #86,24,3,GR Racing,Porsche 911 RSR - 19,LMGTE Am,,Monza,6,2023,184,6:01:29.781,16 Laps,1 Laps,Michelin,Classified,142.0,1:47.158,194.6,Michael WAINWRIGHT,Riccardo PERA,Benjamin BARKER,2023_Monza,LMGTE Am,GT (GTE Pro/Am),107.158
Corvette Racing #33,25,4,Corvette Racing,Chevrolet Corvette C8.R,LMGTE Am,,Monza,6,2023,184,6:01:40.732,16 Laps,10.951,Michelin,Classified,164.0,1:47.083,194.8,Ben KEATING,Nicolas VARRONE,Nicky CATSBURG,2023_Monza,LMGTE Am,GT (GTE Pro/Am),107.083
Iron Dames #85,26,5,Iron Dames,Porsche 911 RSR - 19,LMGTE Am,,Monza,6,2023,184,6:02:04.443,16 Laps,23.711,Michelin,Classified,174.0,1:47.411,194.2,Sarah BOVY,Michelle GATTING,Rahel FREY,2023_Monza,LMGTE Am,GT (GTE Pro/Am),107.411
Richard Mille AF Corse #83,27,6,Richard Mille AF Corse,Ferrari 488 GTE Evo,LMGTE Am,,Monza,6,2023,183,6:00:40.365,17 Laps,1 Laps,Michelin,Classified,161.0,1:47.096,194.7,Luis PEREZ COMPANC,Lilou WADOUX,Alessio ROVERA,2023_Monza,LMGTE Am,GT (GTE Pro/Am),107.096
ORT by TF #25,28,7,ORT by TF,Aston Martin Vantage AMR,LMGTE Am,,Monza,6,2023,183,6:01:06.219,17 Laps,25.854,Michelin,Classified,145.0,1:47.985,193.1,Ahmad AL HARTHY,Michael DINAN,Charlie EASTWOOD,2023_Monza,LMGTE Am,GT (GTE Pro/Am),107.985
Project 1 - AO #56,29,8,Project 1 - AO,Porsche 911 RSR - 19,LMGTE Am,,Monza,6,2023,183,6:01:25.887,17 Laps,19.668,Michelin,Classified,174.0,1:46.863,195.2,Efrin CASTRO,Guilherme MOURA DE OLIVEIRA,Matteo CAIROLI,2023_Monza,LMGTE Am,GT (GTE Pro/Am),106.863
AF Corse #21,30,9,AF Corse,Ferrari 488 GTE Evo,LMGTE Am,,Monza,6,2023,182,6:01:52.526,18 Laps,1 Laps,Michelin,Classified,173.0,1:47.953,193.2,Julien PIGUET,Simon MANN,Ulysse DE PAUW,2023_Monza,LMGTE Am,GT (GTE Pro/Am),107.953
AF Corse #54,31,10,AF Corse,Ferrari 488 GTE Evo,LMGTE Am,,Monza,6,2023,180,6:00:41.975,20 Laps,2 Laps,Michelin,Classified,167.0,1:47.434,194.1,Thomas FLOHR,Francesco CASTELLACCI,Davide RIGON,2023_Monza,LMGTE Am,GT (GTE Pro/Am),107.434
Team WRT #31,32,10,Team WRT,Oreca 07 - Gibson,LMP2,,Monza,6,2023,179,5:38:02.857,21 Laps,1 Laps,Goodyear,Not classified,147.0,1:40.714,207.1,Sean GELAEL,Ferdinand HABSBURG,Robin FRIJNS,2023_Monza,LMP2,LMP2,100.714
Proton Competition #99,33,13,Proton Competition,Porsche 963,HYPERCAR,H,Monza,6,2023,134,4:04:39.852,66 Laps,45 Laps,Michelin,Retired,109.0,1:37.530,213.8,Gianmaria BRUNI,Harry TINCKNELL,Neel JANI,2023_Monza,Hypercar,Top Class (LMP1/Hypercar),97.53
Kessel Racing #57,34,11,Kessel Racing,Ferrari 488 GTE Evo,LMGTE Am,,Monza,6,2023,70,2:23:59.801,130 Laps,64 Laps,Michelin,Retired,54.0,1:49.994,189.6,Takeshi KIMURA,Scott HUFFAKER,Kei COZZOLINO,2023_Monza,LMGTE Am,GT (GTE Pro/Am),109.994
Vector Sport #10,35,11,Vector Sport,Oreca 07 - Gibson,LMP2,,Monza,6,2023,66,2:05:47.924,134 Laps,4 Laps,Goodyear,Retired,52.0,1:41.666,205.1,Ryan CULLEN,Matthias KAISER,Gabriel AUBRY,2023_Monza,LMP2,LMP2,101.666
D'Station Racing #777,36,12,D'Station Racing,Aston Martin Vantage AMR,LMGTE Am,,Monza,6,2023,7,13:06.475,193 Laps,59 Laps,Michelin,Retired,4.0,1:49.805,189.9,Satoshi HOSHINO,Casper STEVENSON,Tomonobu FUJII,2023_Monza,LMGTE Am,GT (GTE Pro/Am),109.805
Toyota Gazoo Racing #7,1,1,Toyota Gazoo Racing,Toyota GR010 HYBRID,HYPERCAR,H,Fuji,6,2023,229,6:01:17.551,,,Michelin,Classified,195.0,1:30.780,181.0,Mike CONWAY,Kamui KOBAYASHI,Jose Maria LOPEZ,2023_Fuji,Hypercar,Top Class (LMP1/Hypercar),90.78
Toyota Gazoo Racing #8,2,2,Toyota Gazoo Racing,Toyota GR010 HYBRID,HYPERCAR,H,Fuji,6,2023,229,6:01:56.670,39.119,39.119,Michelin,Classified,7.0,1:31.059,180.4,Sébastien BUEMI,Brendon HARTLEY,Ryo HIRAKAWA,2023_Fuji,Hypercar,Top Class (LMP1/Hypercar),91.059
Porsche Penske Motorsport #6,3,3,Porsche Penske Motorsport,Porsche 963,HYPERCAR,H,Fuji,6,2023,229,6:02:05.319,47.768,8.649,Michelin,Classified,7.0,1:30.878,180.8,Kévin ESTRE,André LOTTERER,Laurens VANTHOOR,2023_Fuji,Hypercar,Top Class (LMP1/Hypercar),90.878
Ferrari AF Corse #50,4,4,Ferrari AF Corse,Ferrari 499P,HYPERCAR,H,Fuji,6,2023,228,6:01:34.301,1 Laps,1 Laps,Michelin,Classified,8.0,1:30.967,180.6,Antonio FUOCO,Miguel MOLINA,Nicklas NIELSEN,2023_Fuji,Hypercar,Top Class (LMP1/Hypercar),90.967
Ferrari AF Corse #51,5,5,Ferrari AF Corse,Ferrari 499P,HYPERCAR,H,Fuji,6,2023,228,6:01:55.461,1 Laps,21.160,Michelin,Classified,6.0,1:30.918,180.7,Alessandro PIER GUIDI,James CALADO,Antonio GIOVINAZZI,2023_Fuji,Hypercar,Top Class (LMP1/Hypercar),90.918
Hertz Team JOTA #38,6,6,Hertz Team JOTA,Porsche 963,HYPERCAR,H,Fuji,6,2023,228,6:02:27.539,1 Laps,32.078,Michelin,Classified,172.0,1:31.301,179.9,Antonio Felix DA COSTA,William STEVENS,Yifei YE,2023_Fuji,Hypercar,Top Class (LMP1/Hypercar),91.301
Peugeot TotalEnergies #94,7,7,Peugeot TotalEnergies,Peugeot 9X8,HYPERCAR,H,Fuji,6,2023,228,6:02:37.173,1 Laps,9.634,Michelin,Classified,108.0,1:31.555,179.4,Loïc DUVAL,Gustavo MENEZES,Stoffel VANDOORNE,2023_Fuji,Hypercar,Top Class (LMP1/Hypercar),91.555
Peugeot TotalEnergies #93,8,8,Peugeot TotalEnergies,Peugeot 9X8,HYPERCAR,H,Fuji,6,2023,226,6:02:38.451,3 Laps,2 Laps,Michelin,Classified,83.0,1:31.789,179.0,Paul DI RESTA,Mikkel JENSEN,Jean-Éric VERGNE,2023_Fuji,Hypercar,Top Class (LMP1/Hypercar),91.789
Proton Competition #99,9,9,Proton Competition,Porsche 963,HYPERCAR,H,Fuji,6,2023,221,6:01:53.868,8 Laps,5 Laps,Michelin,Classified,81.0,1:31.525,179.5,Neel JANI,Gianmaria BRUNI,Harry TINCKNELL,2023_Fuji,Hypercar,Top Class (LMP1/Hypercar),91.525
Cadillac Racing #2,10,10,Cadillac Racing,Cadillac V-Series.R,HYPERCAR,H,Fuji,6,2023,219,6:01:37.897,10 Laps,2 Laps,Michelin,Classified,9.0,1:31.600,179.3,Earl BAMBER,Alex LYNN,Richard WESTBROOK,2023_Fuji,Hypercar,Top Class (LMP1/Hypercar),91.6
Team WRT #41,11,1,Team WRT,Oreca 07 - Gibson,LMP2,,Fuji,6,2023,219,6:02:45.436,10 Laps,1'07.539,Goodyear,Classified,59.0,1:34.460,173.9,Rui ANDRADE,Robert KUBICA,Louis DELÉTRAZ,2023_Fuji,LMP2,LMP2,94.46000000000001
United Autosports #22,12,2,United Autosports,Oreca 07 - Gibson,LMP2,,Fuji,6,2023,218,6:01:24.989,11 Laps,1 Laps,Goodyear,Classified,5.0,1:34.127,174.5,Frederick LUBIN,Philip HANSON,Filipe ALBUQUERQUE,2023_Fuji,LMP2,LMP2,94.12700000000001
Team WRT #31,13,3,Team WRT,Oreca 07 - Gibson,LMP2,,Fuji,6,2023,218,6:01:26.023,11 Laps,1.034,Goodyear,Classified,59.0,1:34.541,173.8,Sean GELAEL,Ferdinand HABSBURG,Robin FRIJNS,2023_Fuji,LMP2,LMP2,94.541
United Autosports #23,14,4,United Autosports,Oreca 07 - Gibson,LMP2,,Fuji,6,2023,218,6:01:40.908,11 Laps,14.885,Goodyear,Classified,6.0,1:34.466,173.9,Joshua PIERSON,Ben HANLEY,Oliver JARVIS,2023_Fuji,LMP2,LMP2,94.46600000000001
Alpine Elf Team #36,15,5,Alpine Elf Team,Oreca 07 - Gibson,LMP2,,Fuji,6,2023,218,6:01:59.051,11 Laps,18.143,Goodyear,Classified,183.0,1:34.210,174.4,Matthieu VAXIVIERE,Julien CANAL,Charles MILESI,2023_Fuji,LMP2,LMP2,94.21000000000001
JOTA #28,16,6,JOTA,Oreca 07 - Gibson,LMP2,,Fuji,6,2023,218,6:02:25.262,11 Laps,26.211,Goodyear,Classified,46.0,1:34.351,174.1,David HEINEMEIER-HANSSON,Pietro FITTIPALDI,Oliver RASMUSSEN,2023_Fuji,LMP2,LMP2,94.351
Vector Sport #10,17,7,Vector Sport,Oreca 07 - Gibson,LMP2,,Fuji,6,2023,217,6:01:24.513,12 Laps,1 Laps,Goodyear,Classified,168.0,1:34.851,173.2,Ryan CULLEN,Matthias KAISER,Gabriel AUBRY,2023_Fuji,LMP2,LMP2,94.851
Prema Racing #9,18,8,Prema Racing,Oreca 07 - Gibson,LMP2,,Fuji,6,2023,217,6:01:48.061,12 Laps,23.548,Goodyear,Classified,62.0,1:35.024,172.9,Filip UGRAN,Bent VISCAAL,Juan Manuel CORREA,2023_Fuji,LMP2,LMP2,95.024
Inter Europol Competition #34,19,9,Inter Europol Competition,Oreca 07 - Gibson,LMP2,,Fuji,6,2023,217,6:01:53.063,12 Laps,5.002,Goodyear,Classified,179.0,1:34.172,174.4,Jakub SMIECHOWSKI,Fabio SCHERER,Albert COSTA,2023_Fuji,LMP2,LMP2,94.172
Prema Racing #63,20,10,Prema Racing,Oreca 07 - Gibson,LMP2,,Fuji,6,2023,216,6:01:56.883,13 Laps,1 Laps,Goodyear,Classified,73.0,1:35.100,172.7,Doriane PIN,Andrea CALDARELLI,Daniil KVYAT,2023_Fuji,LMP2,LMP2,95.1
Alpine Elf Team #35,21,11,Alpine Elf Team,Oreca 07 - Gibson,LMP2,,Fuji,6,2023,216,6:02:27.075,13 Laps,30.192,Goodyear,Classified,92.0,1:35.221,172.5,André NEGRÃO,Memo ROJAS,Olli CALDWELL,2023_Fuji,LMP2,LMP2,95.221
Floyd Vanwall Racing Team #4,22,11,Floyd Vanwall Racing Team,Vanwall Vandervell 680,HYPERCAR,,Fuji,6,2023,211,6:01:20.704,18 Laps,5 Laps,Michelin,Classified,6.0,1:32.681,177.2,Esteban GUERRIERI,Tristan VAUTIER,Joao Paulo DE OLIVEIRA,2023_Fuji,Hypercar,Top Class (LMP1/Hypercar),92.681
AF Corse #54,23,1,AF Corse,Ferrari 488 GTE Evo,LMGTE Am,,Fuji,6,2023,210,6:01:32.287,19 Laps,1 Laps,Michelin,Classified,175.0,1:38.686,166.5,Thomas FLOHR,Francesco CASTELLACCI,Davide RIGON,2023_Fuji,LMGTE Am,GT (GTE Pro/Am),98.686
Corvette Racing #33,24,2,Corvette Racing,Chevrolet Corvette C8.R,LMGTE Am,,Fuji,6,2023,210,6:01:55.080,19 Laps,22.793,Michelin,Classified,143.0,1:38.856,166.2,Ben KEATING,Nicolas VARRONE,Nicky CATSBURG,2023_Fuji,LMGTE Am,GT (GTE Pro/Am),98.856
Kessel Racing #57,25,3,Kessel Racing,Ferrari 488 GTE Evo,LMGTE Am,,Fuji,6,2023,210,6:02:01.307,19 Laps,6.227,Michelin,Classified,143.0,1:38.979,166.0,Takeshi KIMURA,Scott HUFFAKER,Ritomo MIYATA,2023_Fuji,LMGTE Am,GT (GTE Pro/Am),98.979
Iron Dames #85,26,4,Iron Dames,Porsche 911 RSR - 19,LMGTE Am,,Fuji,6,2023,210,6:02:09.616,19 Laps,8.309,Michelin,Classified,180.0,1:38.799,166.3,Sarah BOVY,Michelle GATTING,Rahel FREY,2023_Fuji,LMGTE Am,GT (GTE Pro/Am),98.799
Project 1 - AO #56,27,5,Project 1 - AO,Porsche 911 RSR - 19,LMGTE Am,,Fuji,6,2023,210,6:02:35.356,19 Laps,25.740,Michelin,Classified,188.0,1:38.546,166.7,PJ HYETT,Gunnar JEANNETTE,Matteo CAIROLI,2023_Fuji,LMGTE Am,GT (GTE Pro/Am),98.54599999999999
Dempsey - Proton Racing #77,28,6,Dempsey - Proton Racing,Porsche 911 RSR - 19,LMGTE Am,,Fuji,6,2023,210,6:02:49.358,19 Laps,14.002,Michelin,Classified,145.0,1:38.659,166.5,Christian RIED,Mikkel PEDERSEN,Julien ANDLAUER,2023_Fuji,LMGTE Am,GT (GTE Pro/Am),98.65899999999999
Northwest AMR #98,29,7,Northwest AMR,Aston Martin Vantage AMR,LMGTE Am,,Fuji,6,2023,210,6:02:53.100,19 Laps,3.742,Michelin,Classified,183.0,1:39.083,165.8,Ian JAMES,Daniel MANCINELLI,Alex RIBERAS,2023_Fuji,LMGTE Am,GT (GTE Pro/Am),99.083
GR Racing #86,30,8,GR Racing,Porsche 911 RSR - 19,LMGTE Am,,Fuji,6,2023,210,6:02:55.624,19 Laps,2.524,Michelin,Classified,203.0,1:38.758,166.3,Michael WAINWRIGHT,Riccardo PERA,Benjamin BARKER,2023_Fuji,LMGTE Am,GT (GTE Pro/Am),98.75800000000001
Richard Mille AF Corse #83,31,9,Richard Mille AF Corse,Ferrari 488 GTE Evo,LMGTE Am,,Fuji,6,2023,209,6:01:50.517,20 Laps,1 Laps,Michelin,Classified,194.0,1:38.342,167.0,Luis PEREZ COMPANC,Lilou WADOUX,Alessio ROVERA,2023_Fuji,LMGTE Am,GT (GTE Pro/Am),98.342
D'Station Racing #777,32,10,D'Station Racing,Aston Martin Vantage AMR,LMGTE Am,,Fuji,6,2023,209,6:02:10.934,20 Laps,20.417,Michelin,Classified,6.0,1:38.920,166.1,Satoshi HOSHINO,Casper STEVENSON,Tomonobu FUJII,2023_Fuji,LMGTE Am,GT (GTE Pro/Am),98.92
Iron Lynx #60,33,11,Iron Lynx,Porsche 911 RSR - 19,LMGTE Am,,Fuji,6,2023,209,6:02:50.410,20 Laps,39.476,Michelin,Classified,181.0,1:38.524,166.7,Claudio SCHIAVONI,Matteo CRESSONI,Alessio PICARIELLO,2023_Fuji,LMGTE Am,GT (GTE Pro/Am),98.524
AF Corse #21,34,12,AF Corse,Ferrari 488 GTE Evo,LMGTE Am,,Fuji,6,2023,208,6:01:50.085,21 Laps,1 Laps,Michelin,Classified,142.0,1:39.208,165.6,Hiroshi KOIZUMI,Simon MANN,Kei COZZOLINO,2023_Fuji,LMGTE Am,GT (GTE Pro/Am),99.208
ORT by TF #25,35,13,ORT by TF,Aston Martin Vantage AMR,LMGTE Am,,Fuji,6,2023,206,6:02:38.343,23 Laps,2 Laps,Michelin,Classified,199.0,1:39.115,165.7,Ahmad AL HARTHY,Michael DINAN,Charlie EASTWOOD,2023_Fuji,LMGTE Am,GT (GTE Pro/Am),99.11500000000001
Porsche Penske Motorsport #5,36,12,Porsche Penske Motorsport,Porsche 963,HYPERCAR,H,Fuji,6,2023,182,6:03:00.993,47 Laps,24 Laps,Michelin,Classified,161.0,1:30.983,180.5,Dane CAMERON,Michael CHRISTENSEN,Frédéric MAKOWIECKI,2023_Fuji,Hypercar,Top Class (LMP1/Hypercar),90.983
Toyota Gazoo Racing #7,1,1,Toyota Gazoo Racing,Toyota GR010 HYBRID,HYPERCAR,H,Sebring,8,2023,239,8:00:19.877,,,Michelin,Classified,24.0,1:48.362,200.0,Mike CONWAY,Kamui KOBAYASHI,Jose Maria LOPEZ,2023_Sebring,Hypercar,Top Class (LMP1/Hypercar),108.362
Toyota Gazoo Racing #8,2,2,Toyota Gazoo Racing,Toyota GR010 HYBRID,HYPERCAR,H,Sebring,8,2023,239,8:00:22.045,2.168,2.168,Michelin,Classified,31.0,1:47.885,200.8,Sébastien BUEMI,Brendon HARTLEY,Ryo HIRAKAWA,2023_Sebring,Hypercar,Top Class (LMP1/Hypercar),107.88499999999999
Ferrari AF Corse #50,3,3,Ferrari AF Corse,Ferrari 499P,HYPERCAR,H,Sebring,8,2023,237,8:00:20.318,2 Laps,2 Laps,Michelin,Classified,169.0,1:48.483,199.7,Antonio FUOCO,Miguel MOLINA,Nicklas NIELSEN,2023_Sebring,Hypercar,Top Class (LMP1/Hypercar),108.483
Cadillac Racing #2,4,4,Cadillac Racing,Cadillac V-Series.R,HYPERCAR,H,Sebring,8,2023,237,8:00:30.445,2 Laps,10.127,Michelin,Classified,207.0,1:48.607,199.5,Earl BAMBER,Alex LYNN,Richard WESTBROOK,2023_Sebring,Hypercar,Top Class (LMP1/Hypercar),108.607
Porsche Penske Motorsport #5,5,5,Porsche Penske Motorsport,Porsche 963,HYPERCAR,H,Sebring,8,2023,235,8:00:36.916,4 Laps,2 Laps,Michelin,Classified,59.0,1:49.511,197.9,Dane CAMERON,Michael CHRISTENSEN,Frédéric MAKOWIECKI,2023_Sebring,Hypercar,Top Class (LMP1/Hypercar),109.511
Porsche Penske Motorsport #6,6,6,Porsche Penske Motorsport,Porsche 963,HYPERCAR,H,Sebring,8,2023,235,8:01:00.913,4 Laps,23.997,Michelin,Classified,29.0,1:49.324,198.2,Kévin ESTRE,André LOTTERER,Laurens VANTHOOR,2023_Sebring,Hypercar,Top Class (LMP1/Hypercar),109.324
Hertz Team JOTA #48,7,1,Hertz Team JOTA,Oreca 07 - Gibson,LMP2,,Sebring,8,2023,230,8:00:31.211,9 Laps,5 Laps,Goodyear,Classified,195.0,1:51.788,193.8,David BECKMANN,Yifei YE,William STEVENS,2023_Sebring,LMP2,LMP2,111.788
United Autosports #22,8,2,United Autosports,Oreca 07 - Gibson,LMP2,,Sebring,8,2023,230,8:00:34.074,9 Laps,2.863,Goodyear,Classified,206.0,1:51.689,194.0,Frederick LUBIN,Philip HANSON,Filipe ALBUQUERQUE,2023_Sebring,LMP2,LMP2,111.689
Prema Racing #63,9,3,Prema Racing,Oreca 07 - Gibson,LMP2,,Sebring,8,2023,230,8:01:03.209,9 Laps,29.135,Goodyear,Classified,191.0,1:52.056,193.4,Doriane PIN,Mirko BORTOLOTTI,Daniil KVYAT,2023_Sebring,LMP2,LMP2,112.056
Inter Europol Competition #34,10,4,Inter Europol Competition,Oreca 07 - Gibson,LMP2,,Sebring,8,2023,230,8:01:26.934,9 Laps,23.725,Goodyear,Classified,90.0,1:51.715,194.0,Jakub SMIECHOWSKI,Fabio SCHERER,Albert COSTA,2023_Sebring,LMP2,LMP2,111.715
Team WRT #41,11,5,Team WRT,Oreca 07 - Gibson,LMP2,,Sebring,8,2023,230,8:01:27.884,9 Laps,0.950,Goodyear,Classified,192.0,1:52.243,193.0,Rui ANDRADE,Robert KUBICA,Louis DELÉTRAZ,2023_Sebring,LMP2,LMP2,112.243
JOTA #28,12,6,JOTA,Oreca 07 - Gibson,LMP2,,Sebring,8,2023,230,8:01:34.475,9 Laps,6.591,Goodyear,Classified,197.0,1:51.494,194.3,David HEINEMEIER-HANSSON,Pietro FITTIPALDI,Oliver RASMUSSEN,2023_Sebring,LMP2,LMP2,111.494
Team WRT #31,13,7,Team WRT,Oreca 07 - Gibson,LMP2,,Sebring,8,2023,230,8:01:59.894,9 Laps,25.419,Goodyear,Classified,214.0,1:52.071,193.3,Sean GELAEL,Ferdinand HABSBURG,Robin FRIJNS,2023_Sebring,LMP2,LMP2,112.071
Prema Racing #9,14,8,Prema Racing,Oreca 07 - Gibson,LMP2,,Sebring,8,2023,229,8:01:29.758,10 Laps,1 Laps,Goodyear,Classified,18.0,1:51.747,193.9,Filip UGRAN,Bent VISCAAL,Andrea CALDARELLI,2023_Sebring,LMP2,LMP2,111.747
Ferrari AF Corse #51,15,7,Ferrari AF Corse,Ferrari 499P,HYPERCAR,H,Sebring,8,2023,228,8:00:39.158,11 Laps,1 Laps,Michelin,Classified,19.0,1:48.892,199.0,Alessandro PIER GUIDI,James CALADO,Antonio GIOVINAZZI,2023_Sebring,Hypercar,Top Class (LMP1/Hypercar),108.892
Alpine Elf Team #36,16,9,Alpine Elf Team,Oreca 07 - Gibson,LMP2,,Sebring,8,2023,228,8:01:55.864,11 Laps,1'16.706,Goodyear,Classified,144.0,1:51.406,194.5,Matthieu VAXIVIERE,Julien CANAL,Charles MILESI,2023_Sebring,LMP2,LMP2,111.406
Corvette Racing #33,17,1,Corvette Racing,Chevrolet Corvette C8.R,LMGTE Am,,Sebring,8,2023,221,8:01:42.512,18 Laps,7 Laps,Michelin,Classified,206.0,1:59.240,181.7,Ben KEATING,Nicolas VARRONE,Nicky CATSBURG,2023_Sebring,LMGTE Am,GT (GTE Pro/Am),119.24000000000001
Dempsey - Proton Racing #77,18,2,Dempsey - Proton Racing,Porsche 911 RSR - 19,LMGTE Am,,Sebring,8,2023,219,8:00:22.417,20 Laps,2 Laps,Michelin,Classified,94.0,1:59.145,181.9,Christian RIED,Mikkel PEDERSEN,Julien ANDLAUER,2023_Sebring,LMGTE Am,GT (GTE Pro/Am),119.14500000000001
Kessel Racing #57,19,3,Kessel Racing,Ferrari 488 GTE Evo,LMGTE Am,,Sebring,8,2023,219,8:00:37.009,20 Laps,14.592,Michelin,Classified,204.0,1:59.143,181.9,Takeshi KIMURA,Scott HUFFAKER,Daniel SERRA,2023_Sebring,LMGTE Am,GT (GTE Pro/Am),119.143
AF Corse #21,20,4,AF Corse,Ferrari 488 GTE Evo,LMGTE Am,,Sebring,8,2023,219,8:01:28.002,20 Laps,50.993,Michelin,Classified,203.0,1:59.461,181.4,Stefano COSTANTINI,Simon MANN,Ulysse DE PAUW,2023_Sebring,LMGTE Am,GT (GTE Pro/Am),119.461
AF Corse #54,21,5,AF Corse,Ferrari 488 GTE Evo,LMGTE Am,,Sebring,8,2023,219,8:01:48.754,20 Laps,20.752,Michelin,Classified,79.0,1:59.189,181.8,Thomas FLOHR,Francesco CASTELLACCI,Davide RIGON,2023_Sebring,LMGTE Am,GT (GTE Pro/Am),119.189
Iron Lynx #60,22,6,Iron Lynx,Porsche 911 RSR - 19,LMGTE Am,,Sebring,8,2023,219,8:02:16.262,20 Laps,27.508,Michelin,Classified,86.0,1:59.146,181.9,Claudio SCHIAVONI,Matteo CRESSONI,Alessio PICARIELLO,2023_Sebring,LMGTE Am,GT (GTE Pro/Am),119.146
GR Racing #86,23,7,GR Racing,Porsche 911 RSR - 19,LMGTE Am,,Sebring,8,2023,218,8:00:28.611,21 Laps,1 Laps,Michelin,Classified,154.0,1:59.227,181.7,Michael WAINWRIGHT,Riccardo PERA,Benjamin BARKER,2023_Sebring,LMGTE Am,GT (GTE Pro/Am),119.227
Iron Dames #85,24,8,Iron Dames,Porsche 911 RSR - 19,LMGTE Am,,Sebring,8,2023,218,8:00:29.222,21 Laps,0.611,Michelin,Classified,156.0,1:59.352,181.6,Sarah BOVY,Michelle GATTING,Rahel FREY,2023_Sebring,LMGTE Am,GT (GTE Pro/Am),119.352
Vector Sport #10,25,10,Vector Sport,Oreca 07 - Gibson,LMP2,,Sebring,8,2023,218,8:00:44.277,21 Laps,15.055,Goodyear,Classified,18.0,1:52.012,193.4,Ryan CULLEN,Matthias KAISER,Gabriel AUBRY,2023_Sebring,LMP2,LMP2,112.012
ORT by TF #25,26,9,ORT by TF,Aston Martin Vantage AMR,LMGTE Am,,Sebring,8,2023,217,8:01:57.229,22 Laps,1 Laps,Michelin,Classified,205.0,1:59.918,180.7,Ahmad AL HARTHY,Michael DINAN,Charlie EASTWOOD,2023_Sebring,LMGTE Am,GT (GTE Pro/Am),119.918
D'Station Racing #777,27,10,D'Station Racing,Aston Martin Vantage AMR,LMGTE Am,,Sebring,8,2023,217,8:02:07.467,22 Laps,10.238,Michelin,Classified,20.0,1:59.580,181.2,Satoshi HOSHINO,Casper STEVENSON,Tomonobu FUJII,2023_Sebring,LMGTE Am,GT (GTE Pro/Am),119.58
Northwest AMR #98,28,11,Northwest AMR,Aston Martin Vantage AMR,LMGTE Am,,Sebring,8,2023,216,8:01:29.706,23 Laps,1 Laps,Michelin,Classified,93.0,1:59.995,180.6,Paul DALLA LANA,Axcil JEFFERIES,Nicki THIIM,2023_Sebring,LMGTE Am,GT (GTE Pro/Am),119.995
Project 1 - AO #56,29,12,Project 1 - AO,Porsche 911 RSR - 19,LMGTE Am,,Sebring,8,2023,215,8:00:32.953,24 Laps,1 Laps,Michelin,Classified,183.0,1:59.497,181.3,PJ HYETT,Gunnar JEANNETTE,Matteo CAIROLI,2023_Sebring,LMGTE Am,GT (GTE Pro/Am),119.497
Floyd Vanwall Racing Team #4,30,8,Floyd Vanwall Racing Team,Vanwall Vandervell 680,HYPERCAR,,Sebring,8,2023,215,8:02:11.972,24 Laps,1'39.019,Michelin,Classified,26.0,1:50.788,195.6,Tom DILLMANN,Esteban GUERRIERI,Jacques VILLENEUVE,2023_Sebring,Hypercar,Top Class (LMP1/Hypercar),110.788
Peugeot TotalEnergies #93,31,9,Peugeot TotalEnergies,Peugeot 9X8,HYPERCAR,H,Sebring,8,2023,213,8:02:02.691,26 Laps,2 Laps,Michelin,Classified,194.0,1:50.478,196.1,Paul DI RESTA,Mikkel JENSEN,Jean-Éric VERGNE,2023_Sebring,Hypercar,Top Class (LMP1/Hypercar),110.47800000000001
Peugeot TotalEnergies #94,32,10,Peugeot TotalEnergies,Peugeot 9X8,HYPERCAR,H,Sebring,8,2023,141,8:01:07.745,98 Laps,72 Laps,Michelin,Not classified,141.0,1:50.092,196.8,Loïc DUVAL,Gustavo MENEZES,Nico MÜLLER,2023_Sebring,Hypercar,Top Class (LMP1/Hypercar),110.092
Alpine Elf Team #35,33,11,Alpine Elf Team,Oreca 07 - Gibson,LMP2,,Sebring,8,2023,139,4:56:43.210,100 Laps,2 Laps,Goodyear,Not classified,43.0,1:52.874,192.0,André NEGRÃO,Memo ROJAS,Olli CALDWELL,2023_Sebring,LMP2,LMP2,112.874
United Autosports #23,34,12,United Autosports,Oreca 07 - Gibson,LMP2,,Sebring,8,2023,91,3:15:54.916,148 Laps,48 Laps,Goodyear,Not classified,29.0,1:51.835,193.8,Joshua PIERSON,Tom BLOMQVIST,Oliver JARVIS,2023_Sebring,LMP2,LMP2,111.83500000000001
Glickenhaus Racing #708,35,11,Glickenhaus Racing,Glickenhaus 007,HYPERCAR,,Sebring,8,2023,62,2:17:21.494,177 Laps,29 Laps,Michelin,Not classified,4.0,1:51.620,194.1,Romain DUMAS,Ryan BRISCOE,Olivier PLA,2023_Sebring,Hypercar,Top Class (LMP1/Hypercar),111.62
Richard Mille AF Corse #83,36,13,Richard Mille AF Corse,Ferrari 488 GTE Evo,LMGTE Am,,Sebring,8,2023,4,9:53.931,235 Laps,58 Laps,Michelin,Not classified,3.0,2:01.678,178.1,Luis PEREZ COMPANC,Lilou WADOUX,Alessio ROVERA,2023_Sebring,LMGTE Am,GT (GTE Pro/Am),121.678
Audi Sport Team Joest #2,1,1,Audi Sport Team Joest,Audi R18 TDI,LM P1,,LeMans,24,2011,355,24:02:21.525,,,Michelin,Classified,229.0,3:25.289,239.0,Marcel Fassler,André Lotterer,Benoit Treluyer,2011_LeMans,LMP1,Top Class (LMP1/Hypercar),205.289
Team Peugeot Total #9,2,2,Team Peugeot Total,Peugeot 908,LM P1,,LeMans,24,2011,355,24:02:35.379,13.854,13.854,Michelin,Classified,227.0,3:26.298,237.8,Pedro Lamy,Sebastien Bourdais,Simon Pagenaud,2011_LeMans,LMP1,Top Class (LMP1/Hypercar),206.298
Peugeot Sport Total #8,3,3,Peugeot Sport Total,Peugeot 908,LM P1,,LeMans,24,2011,353,24:03:24.956,2 Laps,2 Laps,Michelin,Classified,247.0,3:27.790,236.1,Franck Montagny,Stephane Sarrazin,Nicolas Minassian,2011_LeMans,LMP1,Top Class (LMP1/Hypercar),207.79
Peugeot Sport Total #7,4,4,Peugeot Sport Total,Peugeot 908,LM P1,,LeMans,24,2011,351,24:03:06.661,4 Laps,2 Laps,Michelin,Classified,188.0,3:27.713,236.2,Marc Gene,Alex Wurz,Anthony Davidson,2011_LeMans,LMP1,Top Class (LMP1/Hypercar),207.713
Team Oreca Matmut #10,5,5,Team Oreca Matmut,Peugeot 908 HDI-FAP,LM P1,,LeMans,24,2011,339,24:04:09.307,16 Laps,12 Laps,Michelin,Classified,215.0,3:29.443,234.3,Nicolas Lapierre,Loic Duval,Olivier Panis,2011_LeMans,LMP1,Top Class (LMP1/Hypercar),209.443
Rebellion Racing #12,6,6,Rebellion Racing,Lola B 10/60 Coupe-Toyota,LM P1,,LeMans,24,2011,338,24:04:19.858,17 Laps,1 Laps,Michelin,Classified,224.0,3:36.495,226.6,Neel Jani,Nicolas Prost,Jeroen Bleekemolen,2011_LeMans,LMP1,Top Class (LMP1/Hypercar),216.495
Kronos Racing #22,7,7,Kronos Racing,Lola Aston Martin,LM P1,,LeMans,24,2011,328,24:05:29.523,27 Laps,10 Laps,Michelin,Classified,30.0,3:39.803,223.2,Vanina Ickx,Maxime Martin,Bas Leinders,2011_LeMans,LMP1,Top Class (LMP1/Hypercar),219.803
Greaves Motorsport #41,8,1,Greaves Motorsport,Zytek Nissan,LM P2,,LeMans,24,2011,326,24:02:37.056,29 Laps,2 Laps,Dunlop,Classified,217.0,3:43.883,219.2,Karim Ojjeh,Olivier Lombard,Thomas Kimber-Smith,2011_LeMans,LMP2,LMP2,223.883
Signatech Nissan #26,9,2,Signatech Nissan,Oreca 03-Nissan,LM P2,,LeMans,24,2011,320,24:04:56.753,35 Laps,6 Laps,Dunlop,Classified,79.0,3:42.625,220.4,Franck Mailleux,Lucas Ordoñez,Soheil Ayari,2011_LeMans,LMP2,LMP2,222.625
Level 5 Motorsports #33,10,3,Level 5 Motorsports,Lola Coupe-Honda Performance Development,LM P2,,LeMans,24,2011,319,24:04:36.506,36 Laps,1 Laps,Michelin,Classified,236.0,3:46.809,216.3,Scott Tucker,Christophe Bouchut,Joao Barbosa,2011_LeMans,LMP2,LMP2,226.809
Corvette Racing #73,11,1,Corvette Racing,Chevrolet Corvette C6 ZR1,LM GTE Pro,,LeMans,24,2011,314,24:02:52.851,41 Laps,5 Laps,Michelin,Classified,200.0,4:00.553,204.0,Antonio Garcia,Tommy Milner,Olivier Beretta,2011_LeMans,LMGTE Pro,GT (GTE Pro/Am),240.553
RML #36,12,4,RML,Honda Performance Development Arx 01 D,LM P2,,LeMans,24,2011,314,24:04:11.010,41 Laps,1'18.159,Dunlop,Classified,249.0,3:45.622,217.5,Tommy Erdos,Mike Newton,Ben Collins,2011_LeMans,LMP2,LMP2,225.622
AF Corse Srl #51,13,2,AF Corse Srl,Ferrari 458 Italia,LM GTE Pro,,LeMans,24,2011,314,24:05:22.386,41 Laps,1'11.376,Michelin,Classified,167.0,3:59.415,204.9,Giancarlo Fisichella,Gianmaria Bruni,Toni Vilander,2011_LeMans,LMGTE Pro,GT (GTE Pro/Am),239.415
Oak Racing #49,14,5,Oak Racing,Oak Pescarolo-BMW,LM P2,,LeMans,24,2011,313,24:04:08.003,42 Laps,1 Laps,Dunlop,Classified,271.0,3:45.057,218.0,Shinji Nakano,Nicolas De Crem,Jan Charouz,2011_LeMans,LMP2,LMP2,225.05700000000002
BMW Motorsport #56,15,3,BMW Motorsport,BMW M3 GT,LM GTE Pro,,LeMans,24,2011,313,24:05:23.885,42 Laps,1'15.882,Dunlop,Classified,241.0,3:58.876,205.4,Andy Priaulx,Dirk Muller,Joey Hand,2011_LeMans,LMGTE Pro,GT (GTE Pro/Am),238.876
Team Felbermayr-Proton #77,16,4,Team Felbermayr-Proton,Porsche 911 RSR (997),LM GTE Pro,,LeMans,24,2011,312,24:04:41.045,43 Laps,1 Laps,Michelin,Classified,203.0,4:00.221,204.2,Marc Lieb,Richard Lietz,Wolf Henzler,2011_LeMans,LMGTE Pro,GT (GTE Pro/Am),240.221
Imsa Performance Matmut #76,17,5,Imsa Performance Matmut,Porsche 911 RSR (997),LM GTE Pro,,LeMans,24,2011,311,24:04:47.725,44 Laps,1 Laps,Michelin,Classified,199.0,4:00.952,203.6,Patrick Pilet,Raymond Narac,Nicolas Armindo,2011_LeMans,LMGTE Pro,GT (GTE Pro/Am),240.952
Flying Lizard Motorsports #80,18,6,Flying Lizard Motorsports,Porsche 911 RSR (997),LM GTE Pro,,LeMans,24,2011,310,24:03:07.393,45 Laps,1 Laps,Michelin,Classified,264.0,4:01.585,203.1,Jörg Bergmeister,Patrick Long,Lucas Luhr,2011_LeMans,LMGTE Pro,GT (GTE Pro/Am),241.585
Race Performance #40,19,6,Race Performance,Oreca 03-Judd BMW,LM P2,,LeMans,24,2011,304,24:02:29.964,51 Laps,6 Laps,Dunlop,Classified,227.0,3:44.546,218.5,Michel Frey,Ralph Meichtry,Marc Rostan,2011_LeMans,LMP2,LMP2,224.546
Larbre Competition #50,20,1,Larbre Competition,Chevrolet Corvette C6 ZR1,LM GTE Am,,LeMans,24,2011,302,24:02:24.244,53 Laps,2 Laps,Michelin,Classified,185.0,4:06.478,199.1,Patrick Bornhauser,Julien Canal,Gabriele Gardel,2011_LeMans,LMGTE Am,GT (GTE Pro/Am),246.478
Larbre Competition #70,21,2,Larbre Competition,Porsche 911 RSR (997),LM GTE Am,,LeMans,24,2011,301,24:04:47.759,54 Laps,1 Laps,Michelin,Classified,10.0,4:04.546,200.6,Christophe Bourret,Pascal Gibon,Jean-Philippe Belloc,2011_LeMans,LMGTE Am,GT (GTE Pro/Am),244.546
Lotus Jetalliance #65,22,7,Lotus Jetalliance,Lotus Evora,LM GTE Pro,,LeMans,24,2011,295,24:03:05.948,60 Laps,6 Laps,Michelin,Classified,189.0,4:07.958,197.9,James Rossiter,Johnny Mowlem,Jonathan Hirschi,2011_LeMans,LMGTE Pro,GT (GTE Pro/Am),247.958
Prospeed Competition #75,23,8,Prospeed Competition,Porsche 911 RSR (997),LM GTE Pro,,LeMans,24,2011,293,24:03:02.576,62 Laps,2 Laps,Michelin,Classified,198.0,4:00.980,203.6,Marc Goossens,Marco Holzer,Jaap Van Lagen,2011_LeMans,LMGTE Pro,GT (GTE Pro/Am),240.98
JMW Motorsport #66,24,9,JMW Motorsport,Ferrari 458 Italia,LM GTE Pro,,LeMans,24,2011,290,24:02:42.307,65 Laps,3 Laps,Dunlop,Classified,27.0,4:01.480,203.2,Rob Bell,Tim Sugden,Xavier Maassen,2011_LeMans,LMGTE Pro,GT (GTE Pro/Am),241.48
Oak Racing #35,25,7,Oak Racing,Oak Pescarolo-Judd BMW,LM P2,,LeMans,24,2011,288,24:03:47.747,67 Laps,2 Laps,Dunlop,Classified,52.0,3:50.658,212.7,Andrea Barlesi,Frédéric Da Rocha,Patrice Lafargue,2011_LeMans,LMP2,LMP2,230.65800000000002
Robertson Racing LLC #68,26,3,Robertson Racing LLC,Ford GT-Doran,LM GTE Am,,LeMans,24,2011,285,24:05:56.706,70 Laps,3 Laps,Michelin,Classified,206.0,4:07.417,198.3,David Robertson,Andrea Robertson,David Murry,2011_LeMans,LMGTE Am,GT (GTE Pro/Am),247.417
JMB Racing #83,27,4,JMB Racing,Ferrari F430,LM GTE Am,,LeMans,24,2011,272,24:02:52.714,83 Laps,13 Laps,Michelin,Classified,27.0,4:05.762,199.6,Manuel Rodrigues,Jean-Marc Menahem,Nicolas Marroc,2011_LeMans,LMGTE Am,GT (GTE Pro/Am),245.762
Extreme Limite AM Paris #44,28,8,Extreme Limite AM Paris,Norma M200P-Judd BMW,LM P2,,LeMans,24,2011,247,24:04:48.656,108 Laps,25 Laps,Dunlop,Not classified,78.0,3:55.254,208.6,Fabien Rosier,Philippe Haezebrouck,Jean-René De Fournoux,2011_LeMans,LMP2,LMP2,235.254
Pescarolo Team #16,29,8,Pescarolo Team,Pescarolo Judd,LM P1,,LeMans,24,2011,305,21:43:59.484,50 Laps,-58 Laps,Michelin,Retired,288.0,3:34.472,228.8,Emmanuel Collard,Christophe Tinseau,Julien Jousse,2011_LeMans,LMP1,Top Class (LMP1/Hypercar),214.472
BMW Motorsport #55,30,10,BMW Motorsport,BMW M3 GT,LM GTE Pro,,LeMans,24,2011,276,21:34:16.710,79 Laps,29 Laps,Dunlop,Retired,206.0,3:59.708,204.7,Augusto Farfus,Jörg Muller,Dirk Werner,2011_LeMans,LMGTE Pro,GT (GTE Pro/Am),239.708
Corvette Racing #74,31,11,Corvette Racing,Chevrolet Corvette C6 ZR1,LM GTE Pro,,LeMans,24,2011,211,16:31:34.740,144 Laps,65 Laps,Michelin,Retired,206.0,3:59.815,204.6,Oliver Gavin,Jan Magnussen,Richard Westbrook,2011_LeMans,LMGTE Pro,GT (GTE Pro/Am),239.815
Flying Lizard Motorsports #81,32,5,Flying Lizard Motorsports,Porsche 911 RSR (997),LM GTE Am,,LeMans,24,2011,211,17:17:12.678,144 Laps,45'37.938,Michelin,Retired,7.0,4:05.411,199.9,Seth Neiman,Darren Law,Spencer Pumpelly,2011_LeMans,LMGTE Am,GT (GTE Pro/Am),245.411
Team Oreca Matmut #48,33,9,Team Oreca Matmut,Oreca 03-Nissan,LM P2,,LeMans,24,2011,200,15:06:59.096,155 Laps,11 Laps,Michelin,Retired,165.0,3:41.536,221.5,Alexandre Premat,David Hallyday,Dominick Kraihamer,2011_LeMans,LMP2,LMP2,221.536
Proton Competition #63,34,6,Proton Competition,Porsche 911 RSR (997),LM GTE Am,,LeMans,24,2011,199,16:31:19.331,156 Laps,1 Laps,Michelin,Retired,193.0,4:03.613,201.4,Christian Ried,Horst Felbermayr Jr.,Horst Felbermayr,2011_LeMans,LMGTE Am,GT (GTE Pro/Am),243.613
Rebellion Racing #13,35,9,Rebellion Racing,Lola B 10/60 Coupe-Toyota,LM P1,,LeMans,24,2011,190,13:53:10.667,165 Laps,9 Laps,Michelin,Retired,3.0,3:37.102,226.0,Andrea Belicchi,J.Christophe Boullion,Guy Smith,2011_LeMans,LMP1,Top Class (LMP1/Hypercar),217.102
AF Corse SRL #61,36,7,AF Corse SRL,Ferrari F430,LM GTE Am,,LeMans,24,2011,188,15:22:50.296,167 Laps,2 Laps,Michelin,Retired,60.0,4:04.288,200.8,Piergiuseppe Perazzini,Marco Cioci,Sean Paul Breslin,2011_LeMans,LMGTE Am,GT (GTE Pro/Am),244.288
Luxury Racing #59,37,12,Luxury Racing,Ferrari 458 Italia,LM GTE Pro,,LeMans,24,2011,183,14:59:51.860,172 Laps,5 Laps,Michelin,Retired,129.0,4:00.788,203.8,Stéphane Ortelli,Frédéric Makowiecki,Jaime Melo,2011_LeMans,LMGTE Pro,GT (GTE Pro/Am),240.788
AF Corse #71,38,13,AF Corse,Ferrari 458 Italia,LM GTE Pro,,LeMans,24,2011,178,15:54:45.044,177 Laps,5 Laps,Michelin,Retired,94.0,4:03.057,201.9,Robert Kauffman,Michael Waltrip,Rui Aguas,2011_LeMans,LMGTE Pro,GT (GTE Pro/Am),243.057
Team Felbermayr-Proton #88,39,14,Team Felbermayr-Proton,Porsche 911 RSR (997),LM GTE Pro,,LeMans,24,2011,169,15:33:47.875,186 Laps,9 Laps,Michelin,Retired,11.0,4:02.299,202.5,Bryce Miller,Nick Tandy,Abdulaziz Al-Faisal,2011_LeMans,LMGTE Pro,GT (GTE Pro/Am),242.299
Strakka Racing #42,40,10,Strakka Racing,Honda Performance Development Arx 01 D,LM P2,,LeMans,24,2011,144,11:15:47.171,211 Laps,25 Laps,Michelin,Retired,136.0,3:44.820,218.2,Nick Leventis,Danny Watts,Jonny Kane,2011_LeMans,LMP2,LMP2,224.82
Gulf AMR Middle East #60,41,8,Gulf AMR Middle East,Aston Martin Vantage,LM GTE Am,,LeMans,24,2011,141,12:33:55.601,214 Laps,3 Laps,Dunlop,Retired,24.0,4:04.755,200.5,Fabien Giroix,Roald Goethe,Michael Wainwright,2011_LeMans,LMGTE Am,GT (GTE Pro/Am),244.755
Pecom Racing #39,42,11,Pecom Racing,Lola B11/40-Judd Bmw,LM P2,,LeMans,24,2011,139,10:55:48.358,216 Laps,2 Laps,Michelin,Retired,82.0,3:45.283,217.8,Luis Perez-Companc,Matias Russo,Pierre Kaffer,2011_LeMans,LMP2,LMP2,225.28300000000002
Hankook-Team Farnbacher #89,43,15,Hankook-Team Farnbacher,Ferrari 458 Italia,LM GTE Pro,,LeMans,24,2011,137,13:21:07.058,218 Laps,2 Laps,Hankook,Retired,28.0,4:01.390,203.3,Dominik Farnbacher,Allan Simonsen,Leh Keen,2011_LeMans,LMGTE Pro,GT (GTE Pro/Am),241.39
Luxury Racing #58,44,16,Luxury Racing,Ferrari 458 Italia,LM GTE Pro,,LeMans,24,2011,136,15:00:19.266,219 Laps,1 Laps,Michelin,Retired,11.0,4:02.357,202.4,Anthony Beltoise,François Jakubowski,Pierre Thiriet,2011_LeMans,LMGTE Pro,GT (GTE Pro/Am),242.357
Lotus Jetalliance #64,45,17,Lotus Jetalliance,Lotus Evora,LM GTE Pro,,LeMans,24,2011,126,12:29:52.650,229 Laps,10 Laps,Michelin,Retired,61.0,4:19.377,189.2,Oskar Slingerland,Martin Rich,John Hartshorne,2011_LeMans,LMGTE Pro,GT (GTE Pro/Am),259.377
Krohn Racing #57,46,9,Krohn Racing,Ferrari F430,LM GTE Am,,LeMans,24,2011,123,10:22:41.569,232 Laps,3 Laps,Dunlop,Retired,97.0,4:05.181,200.1,Tracy Krohn,Niclas Jonsson,Michele Rugolo,2011_LeMans,LMGTE Am,GT (GTE Pro/Am),245.181
Oak Racing #24,47,10,Oak Racing,Oak Pescarolo-Judd,LM P1,,LeMans,24,2011,119,9:07:45.055,236 Laps,4 Laps,Dunlop,Retired,79.0,3:45.127,217.9,Jacques Nicolet,Richard Hein,Jean-François Yvon,2011_LeMans,LMP1,Top Class (LMP1/Hypercar),225.127
Audi Sport Team Joest #1,48,11,Audi Sport Team Joest,Audi R18 TDI,LM P1,,LeMans,24,2011,116,7:37:45.596,239 Laps,3 Laps,Michelin,Retired,3.0,3:28.389,235.4,Timo Bernhard,Romain Dumas,Mike Rockenfeller,2011_LeMans,LMP1,Top Class (LMP1/Hypercar),208.389
Hope Racing #5,49,12,Hope Racing,Oreca Swiss Hy Tech-Hybrid,LM P1,,LeMans,24,2011,115,13:44:09.589,240 Laps,1 Laps,Michelin,Retired,40.0,3:50.255,213.1,Steve Zacchia,Jan Lammers,Casper Elgaard,2011_LeMans,LMP1,Top Class (LMP1/Hypercar),230.255
CRS Racing #62,50,10,CRS Racing,Ferrari F430,LM GTE Am,,LeMans,24,2011,84,6:39:21.429,271 Laps,31 Laps,Michelin,Retired,77.0,4:08.998,197.0,Pierre Ehret,Shaun Lynn,Roger Wills,2011_LeMans,LMGTE Am,GT (GTE Pro/Am),248.998
Oak Racing #15,51,13,Oak Racing,Oak Pescarolo-Judd,LM P1,,LeMans,24,2011,80,11:03:19.563,275 Laps,4 Laps,Dunlop,Retired,48.0,3:38.674,224.4,Tiago Monteiro,Guillaume Moreau,Pierre Ragues,2011_LeMans,LMP1,Top Class (LMP1/Hypercar),218.674
Jota #79,52,18,Jota,Aston Martin Vantage,LM GTE Pro,,LeMans,24,2011,74,5:56:59.061,281 Laps,6 Laps,Dunlop,Retired,29.0,4:02.871,202.0,Simon Dolan,Sam Hancock,Chris Buncombe,2011_LeMans,LMGTE Pro,GT (GTE Pro/Am),242.871
Quifel-Asm Team #20,53,14,Quifel-Asm Team,Zytek 09 SC,LM P1,,LeMans,24,2011,48,3:36:46.406,307 Laps,26 Laps,Dunlop,Retired,2.0,3:40.191,222.8,Miguel Amaral,Olivier Pla,Warren Hughes,2011_LeMans,LMP1,Top Class (LMP1/Hypercar),220.191
Audi Sport North America #3,54,15,Audi Sport North America,Audi R18 TDI,LM P1,,LeMans,24,2011,14,50:17.657,341 Laps,34 Laps,Michelin,Retired,3.0,3:28.462,235.4,Rinaldo Capello,Tom Kristensen,Allan McNish,2011_LeMans,LMP1,Top Class (LMP1/Hypercar),208.462
Aston Martin Racing #1007,55,16,Aston Martin Racing,Aston Martin AMR-One,LM P1,,LeMans,24,2011,4,3:12:39.346,351 Laps,10 Laps,Michelin,Retired,2.0,3:48.099,215.1,Christian Klien,Stefan Mucke,Darren Turner,2011_LeMans,LMP1,Top Class (LMP1/Hypercar),228.099
Aston Martin Racing #1009,56,17,Aston Martin Racing,Aston Martin AMR-One,LM P1,,LeMans,24,2011,2,7:56.424,353 Laps,2 Laps,Michelin,Retired,2.0,3:51.783,211.7,Adrian Fernandez,Andy Meyrick,Harold Primat,2011_LeMans,LMP1,Top Class (LMP1/Hypercar),231.78300000000002
Audi Sport Team Joest #1,1,1,Audi Sport Team Joest,Audi R18 e-tron quattro,LMP1,,Silverstone,6,2012,194,6:00:39.594,,,Michelin,Classified,2.0,1:44.520,202.9,Marcel Fässler,André Lotterer,Benoit Tréluyer,2012_Silverstone,LMP1,Top Class (LMP1/Hypercar),104.52000000000001
Toyota Racing #7,2,2,Toyota Gazoo Racing,Toyota TS030 - Hybrid,LMP1,,Silverstone,6,2012,194,6:01:35.269,55.675,55.675,Michelin,Classified,139.0,1:44.059,203.8,Alexander Wurz,Nicolas Lapierre,Kazuki Nakajima,2012_Silverstone,LMP1,Top Class (LMP1/Hypercar),104.059
Audi Sport Team Joest #2,3,3,Audi Sport Team Joest,Audi R18 ultra,LMP1,,Silverstone,6,2012,194,6:01:54.021,1'14.427,18.752,Michelin,Classified,152.0,1:44.599,202.7,Tom Kristensen,Allan McNish,,2012_Silverstone,LMP1,Top Class (LMP1/Hypercar),104.59899999999999
Rebellion Racing #13,4,4,Rebellion Racing,Lola B12/60 Coupé - Toyota,LMP1,,Silverstone,6,2012,189,6:00:57.780,5 Laps,5 Laps,Michelin,Classified,158.0,1:47.082,198.0,Andrea Belicchi,Harold Primat,,2012_Silverstone,LMP1,Top Class (LMP1/Hypercar),107.082
Strakka Racing #21,5,5,Strakka Racing,HPD ARX 03a - Honda,LMP1,,Silverstone,6,2012,189,6:00:58.407,5 Laps,0.627,Michelin,Classified,148.0,1:46.686,198.8,Nick Leventis,Danny Watts,Jonny Kane,2012_Silverstone,LMP1,Top Class (LMP1/Hypercar),106.686
Rebellion Racing #12,6,6,Rebellion Racing,Lola B12/60 Coupé - Toyota,LMP1,,Silverstone,6,2012,189,6:02:02.828,5 Laps,1'04.421,Michelin,Classified,164.0,1:47.074,198.0,Nicolas Prost,Neel Jani,,2012_Silverstone,LMP1,Top Class (LMP1/Hypercar),107.074
JRM #22,7,7,JRM,HPD ARX 03a - Honda,LMP1,,Silverstone,6,2012,187,6:01:48.719,7 Laps,2 Laps,Michelin,Classified,120.0,1:47.795,196.7,David Brabham,Karun Chandhok,Peter Dumbreck,2012_Silverstone,LMP1,Top Class (LMP1/Hypercar),107.795
ADR-Delta #25,8,1,ADR-Delta,Oreca 03 - Nissan,LMP2,,Silverstone,6,2012,183,6:01:30.997,11 Laps,4 Laps,Dunlop,Classified,5.0,1:51.315,190.5,John Martin,Jan Charouz,Tor Graves,2012_Silverstone,LMP2,LMP2,111.315
Starworks Motorsports #44,9,2,Starworks Motorsports,HPD ARX 03b - Honda,LMP2,,Silverstone,6,2012,183,6:01:36.650,11 Laps,5.653,Dunlop,Classified,142.0,1:51.315,190.5,Vicente Potolicchio,Ryan Dalziel,Stéphane Sarrazin,2012_Silverstone,LMP2,LMP2,111.315
Signatech Nissan #26,10,3,Signatech Nissan,Oreca 03 - Nissan,LMP2,,Silverstone,6,2012,183,6:01:55.634,11 Laps,18.984,Dunlop,Classified,154.0,1:51.343,190.4,Nelson Panciatici,Pierre Ragues,Roman Rusinov,2012_Silverstone,LMP2,LMP2,111.343
Pecom Racing #49,11,4,Pecom Racing,Oreca 03 - Nissan,LMP2,,Silverstone,6,2012,182,6:00:56.116,12 Laps,1 Laps,Dunlop,Classified,162.0,1:51.356,190.4,Luis Perez Companc,Soheil Ayari,Pierre Kaffer,2012_Silverstone,LMP2,LMP2,111.356
Greaves Motorsport #42,12,5,Greaves Motorsport,Zytek Z11SN - Nissan,LMP2,,Silverstone,6,2012,182,6:00:56.943,12 Laps,0.827,Dunlop,Classified,175.0,1:50.732,191.5,Lucas Ordoñez,Martin Brundle,Alex Brundle,2012_Silverstone,LMP2,LMP2,110.732
Oak Racing #24,13,6,Oak Racing,Morgan - Nissan,LMP2,,Silverstone,6,2012,182,6:01:28.136,12 Laps,31.193,Dunlop,Classified,160.0,1:50.439,192.0,Jacques Nicolet,Matthieu Lahaye,Olivier Pla,2012_Silverstone,LMP2,LMP2,110.439
Jota #38,14,7,Jota,Zytek Z11SN - Nissan,LMP2,,Silverstone,6,2012,182,6:02:19.652,12 Laps,51.516,Dunlop,Classified,50.0,1:51.487,190.2,Simon Dolan,Sam Hancock,Nicolas Minassian,2012_Silverstone,LMP2,LMP2,111.487
Status GP #30,15,8,Status GP,Lola B12/80 Coupe - Judd,LMP2,,Silverstone,6,2012,181,6:01:57.093,13 Laps,1 Laps,Dunlop,Classified,178.0,1:51.066,190.9,Alexander Sims,Julien Jousse,Maxime Jousse,2012_Silverstone,LMP2,LMP2,111.066
Murphy Prototypes #48,16,9,Murphy Prototypes,Oreca 03 - Nissan,LMP2,,Silverstone,6,2012,180,6:01:21.768,14 Laps,1 Laps,Dunlop,Classified,65.0,1:52.001,189.3,Jody Firth,Warren Hughes,Brendon Hartley,2012_Silverstone,LMP2,LMP2,112.001
Oak Racing #35,17,10,Oak Racing,Morgan - Nissan,LMP2,,Silverstone,6,2012,176,6:00:49.154,18 Laps,4 Laps,Dunlop,Classified,41.0,1:51.392,190.4,David Heinemeier Hansson,Bertrand Baguette,Dominik Kraihamer,2012_Silverstone,LMP2,LMP2,111.392
Gulf Racing Middle East #29,18,11,Gulf Racing Middle East,Lola B12/80 Coupé - Nissan,LMP2,,Silverstone,6,2012,176,6:01:53.819,18 Laps,1'04.665,Dunlop,Classified,20.0,1:54.075,185.9,Fabien Giroix,Keiko Ihara,Jean-Denis Deletraz,2012_Silverstone,LMP2,LMP2,114.075
Lotus #31,19,12,Lotus,Lola B12/80 Coupé - Lotus,LMP2,,Silverstone,6,2012,174,6:02:14.151,20 Laps,2 Laps,Dunlop,Classified,134.0,1:53.477,186.9,Thomas Holzer,Mirco Schultis,Christijan Albers,2012_Silverstone,LMP2,LMP2,113.477
Greaves Motorsport #41,20,13,Greaves Motorsport,Zytek Z11SN - Nissan,LMP2,,Silverstone,6,2012,173,6:02:08.957,21 Laps,1 Laps,Dunlop,Classified,170.0,1:51.351,190.4,Christian Zugel,Ricardo Gonzalez,Elton Julian,2012_Silverstone,LMP2,LMP2,111.351
AF Corse #51,21,1,AF Corse,Ferrari F458 Italia,LMGTE Pro,,Silverstone,6,2012,171,6:02:23.742,23 Laps,2 Laps,Michelin,Classified,144.0,2:01.741,174.2,Giancarlo Fisichella,Gianmaria Bruni,,2012_Silverstone,LMGTE Pro,GT (GTE Pro/Am),121.741
JMW Motorsport #66,22,2,JMW Motorsport,Ferrari F458 Italia,LMGTE Pro,,Silverstone,6,2012,169,6:00:55.295,25 Laps,2 Laps,Dunlop,Classified,142.0,2:02.603,172.9,James Walker,Jonny Cocker,,2012_Silverstone,LMGTE Pro,GT (GTE Pro/Am),122.603
Aston Martin Racing #97,23,3,Aston Martin Racing,Aston Martin Vantage V8,LMGTE Pro,,Silverstone,6,2012,169,6:01:34.784,25 Laps,39.489,Michelin,Classified,168.0,2:01.758,174.1,Adrian Fernandez,Stefan Mücke,Darren Turner,2012_Silverstone,LMGTE Pro,GT (GTE Pro/Am),121.758
AF Corse-Waltrip #61,24,1,AF Corse-Waltrip,Ferrari F458 Italia,LMGTE Am,,Silverstone,6,2012,166,6:01:01.045,28 Laps,3 Laps,Michelin,Classified,142.0,2:03.848,171.2,Piergiuseppe Perazzini,Marco Cioci,Matt Griffin,2012_Silverstone,LMGTE Am,GT (GTE Pro/Am),123.848
Team Felbermayr-Proton #88,25,2,Team Felbermayr-Proton,Porsche 911 RSR (997),LMGTE Am,,Silverstone,6,2012,166,6:02:28.438,28 Laps,1'27.393,Michelin,Classified,4.0,2:04.582,170.2,Christian Ried,Gianluca Roda,Paolo Ruberti,2012_Silverstone,LMGTE Am,GT (GTE Pro/Am),124.582
Krohn Racing #57,26,3,Krohn Racing,Ferrari F458 Italia,LMGTE Am,,Silverstone,6,2012,165,6:02:11.791,29 Laps,1 Laps,Michelin,Classified,59.0,2:04.294,170.6,Tracy Krohn,Niclas Jönsson,Michele Rugolo,2012_Silverstone,LMGTE Am,GT (GTE Pro/Am),124.294
Team Felbermayr-Proton #77,27,4,Team Felbermayr-Proton,Porsche 911 RSR (997),LMGTE Pro,,Silverstone,6,2012,164,6:01:42.091,30 Laps,1 Laps,Michelin,Classified,128.0,2:01.718,174.2,Marc Lieb,Richard Lietz,,2012_Silverstone,LMGTE Pro,GT (GTE Pro/Am),121.718
Aston Martin Racing #98,28,4,Aston Martin Racing,Aston Martin Vantage V8,LMGTE Am,,Silverstone,6,2012,163,6:02:29.945,31 Laps,1 Laps,Michelin,Classified,50.0,2:04.109,170.8,Roald Goethe,Stuart Hall,,2012_Silverstone,LMGTE Am,GT (GTE Pro/Am),124.109
Larbre Competition #70,29,5,Larbre Competition,Chevrolet Corvette C6-ZR1,LMGTE Am,,Silverstone,6,2012,162,6:01:00.510,32 Laps,1 Laps,Michelin,Classified,114.0,2:04.804,169.9,Jean-Philippe Belloc,Christophe Bourret,Pascal Gibon,2012_Silverstone,LMGTE Am,GT (GTE Pro/Am),124.804
JWA-Avila #55,30,6,JWA-Avila,Porsche 911 RSR (997),LMGTE Am,,Silverstone,6,2012,161,6:02:08.760,33 Laps,1 Laps,Pirelli,Classified,4.0,2:06.328,167.8,Joël Camathias,Markus Palttala,Paul Daniels,2012_Silverstone,LMGTE Am,GT (GTE Pro/Am),126.328
AF Corse #71,31,5,AF Corse,Ferrari F458 Italia,LMGTE Pro,,Silverstone,6,2012,168,5:59:26.618,26 Laps,-7 Laps,Michelin,Not classified,147.0,2:02.476,173.1,Andrea Bertolini,Olivier Beretta,,2012_Silverstone,LMGTE Pro,GT (GTE Pro/Am),122.476
Aston Martin Racing #99,32,7,Aston Martin Racing,Aston Martin Vantage V8,LMGTE Am,,Silverstone,6,2012,157,5:49:03.659,37 Laps,11 Laps,Michelin,Not classified,8.0,2:04.566,170.2,Jonathan Adam,Andrew Howard,Paul White,2012_Silverstone,LMGTE Am,GT (GTE Pro/Am),124.566
Signatech Nissan #23,33,14,Signatech Nissan,Oreca 03 - Nissan,LMP2,,Silverstone,6,2012,135,4:27:49.101,59 Laps,22 Laps,Dunlop,Not classified,3.0,1:52.195,189.0,Franck Mailleux,Olivier Lombard,Jordan Tresson,2012_Silverstone,LMP2,LMP2,112.195
Lotus #32,34,15,Lotus,Lola B12/80 Coupé - Lotus,LMP2,,Silverstone,6,2012,26,1:50:31.410,168 Laps,109 Laps,Dunlop,Not classified,6.0,1:53.293,187.2,Vitantonio Liuzzi,James Rossiter,Kevin Weeda,2012_Silverstone,LMP2,LMP2,113.293
Larbre Competition #50,35,8,Larbre Competition,Chevrolet Corvette C6-ZR1,LMGTE Am,,Silverstone,6,2012,166,6:01:55.347,28 Laps,-140 Laps,Michelin,Excluded,43.0,2:04.702,170.0,Patrick Bornhauser,Julien Canal,Fernando Rees,2012_Silverstone,LMGTE Am,GT (GTE Pro/Am),124.702
Audi Sport Team Joest #3,1,1,Audi Sport Team Joest,Audi R18 Ultra,LMP1,,Spa,6,2012,160,6:00:22.708,,,Michelin,Classified,54.0,2:02.437,205.9,Romain Dumas,Loic Duval,Marc Gené,2012_Spa,LMP1,Top Class (LMP1/Hypercar),122.437
Audi Sport Team Joest #1,2,2,Audi Sport Team Joest,Audi R18 e-tron quattro,LMP1,,Spa,6,2012,160,6:01:09.509,46.801,46.801,Michelin,Classified,152.0,2:01.851,206.9,Marcel Fässler,André Lotterer,Benoit Tréluyer,2012_Spa,LMP1,Top Class (LMP1/Hypercar),121.851
Audi Sport North America #4,3,3,Audi Sport North America,Audi R18 Ultra,LMP1,,Spa,6,2012,159,6:00:59.769,1 Laps,1 Laps,Michelin,Classified,145.0,2:02.868,205.2,Marco Bonanomi,Oliver Jarvis,,2012_Spa,LMP1,Top Class (LMP1/Hypercar),122.868
Audi Sport Team Joest #2,4,4,Audi Sport Team Joest,Audi R18 e-tron quattro,LMP1,,Spa,6,2012,159,6:02:14.259,1 Laps,1'14.490,Michelin,Classified,103.0,2:03.271,204.5,Dindo Capello,Tom Kristensen,Allan McNish,2012_Spa,LMP1,Top Class (LMP1/Hypercar),123.271
Rebellion Racing #12,5,5,Rebellion Racing,Lola B12/60 Coupé - Toyota,LMP1,,Spa,6,2012,156,6:01:08.517,4 Laps,3 Laps,Michelin,Classified,68.0,2:07.145,198.3,Nicolas Prost,Neel Jani,Nick Heidfeld,2012_Spa,LMP1,Top Class (LMP1/Hypercar),127.145
Rebellion Racing #13,6,6,Rebellion Racing,Lola B12/60 Coupé - Toyota,LMP1,,Spa,6,2012,155,6:02:18.433,5 Laps,1 Laps,Michelin,Classified,110.0,2:06.534,199.3,Andrea Belicchi,Harold Primat,,2012_Spa,LMP1,Top Class (LMP1/Hypercar),126.534
Strakka Racing #21,7,7,Strakka Racing,HPD ARX 03a - Honda,LMP1,,Spa,6,2012,154,6:00:54.188,6 Laps,1 Laps,Michelin,Classified,86.0,2:08.046,196.9,Nick Leventis,Danny Watts,Jonny Kane,2012_Spa,LMP1,Top Class (LMP1/Hypercar),128.046
Jota #38,8,1,Jota,Zytek Z11SN - Nissan,LMP2,,Spa,6,2012,151,6:01:46.181,9 Laps,3 Laps,Dunlop,Classified,107.0,2:10.488,193.2,Simon Dolan,Sam Hancock,,2012_Spa,LMP2,LMP2,130.488
ADR-Delta #25,9,2,ADR-Delta,Oreca 03 - Nissan,LMP2,,Spa,6,2012,151,6:01:52.559,9 Laps,6.378,Dunlop,Classified,111.0,2:10.494,193.2,John Martin,Robbie Kerr,Tor Graves,2012_Spa,LMP2,LMP2,130.494
Murphy Prototypes #48,10,3,Murphy Prototypes,Oreca 03 - Nissan,LMP2,,Spa,6,2012,151,6:02:26.816,9 Laps,34.257,Dunlop,Classified,103.0,2:10.357,193.4,Jody Firth,Warren Hughes,Brendon Hartley,2012_Spa,LMP2,LMP2,130.357
Oak Racing #35,11,4,Oak Racing,Morgan - Judd,LMP2,,Spa,6,2012,150,6:01:35.986,10 Laps,1 Laps,Dunlop,Classified,100.0,2:11.473,191.8,David Heinemeir Hansson,Bas Leinders,,2012_Spa,LMP2,LMP2,131.473
JRM #22,12,8,JRM,HPD ARX 03a - Honda,LMP1,,Spa,6,2012,150,6:01:53.119,10 Laps,17.133,Michelin,Classified,127.0,2:08.516,196.2,David Brabham,Karun Chandhok,Peter Dumbreck,2012_Spa,LMP1,Top Class (LMP1/Hypercar),128.516
Boutsen Ginion Racing #45,13,5,Boutsen Ginion Racing,Oreca 03 - Nissan,LMP2,,Spa,6,2012,149,6:01:52.256,11 Laps,1 Laps,Dunlop,Classified,102.0,2:12.498,190.3,Jack Clarke,Bastien Brière,Jens Petersen,2012_Spa,LMP2,LMP2,132.498
Gulf Racing Middle East #28,14,6,Gulf Racing Middle East,Lola B12/80 Coupé - Nissan,LMP2,,Spa,6,2012,148,6:02:33.160,12 Laps,1 Laps,Dunlop,Classified,44.0,2:13.036,189.5,Fabien Giroix,Maxime Jousse,Stefan Johansson,2012_Spa,LMP2,LMP2,133.036
Pescarolo Team #17,15,9,Pescarolo Team,Dome S102.5 - Judd,LMP1,,Spa,6,2012,147,6:00:45.891,13 Laps,1 Laps,Michelin,Classified,124.0,2:06.922,198.7,Sébastien Bourdais,Nicolas Minassian,,2012_Spa,LMP1,Top Class (LMP1/Hypercar),126.922
Greaves Motorsport #41,16,7,Greaves Motorsport,Zytek Z11SN - Nissan,LMP2,,Spa,6,2012,147,6:02:20.437,13 Laps,1'34.546,Dunlop,Classified,60.0,2:11.901,191.2,Christian Zugel,Ricardo Gonzalez,Elton Julian,2012_Spa,LMP2,LMP2,131.901
Oak Racing #24,17,8,Oak Racing,Morgan - Judd,LMP2,,Spa,6,2012,144,6:02:17.487,16 Laps,3 Laps,Dunlop,Classified,126.0,2:11.296,192.0,Jacques Nicolet,Matthieu Lahaye,Olivier Pla,2012_Spa,LMP2,LMP2,131.296
Team Felbermayr-Proton #77,18,1,Team Felbermayr-Proton,Porsche 911 RSR (997),LMGTE Pro,,Spa,6,2012,144,6:02:31.669,16 Laps,14.182,Michelin,Classified,94.0,2:20.954,178.9,Marc Lieb,Richard Lietz,,2012_Spa,LMGTE Pro,GT (GTE Pro/Am),140.954
AF Corse #51,19,2,AF Corse,Ferrari F458 Italia,LMGTE Pro,,Spa,6,2012,144,6:02:32.297,16 Laps,0.628,Michelin,Classified,117.0,2:20.479,179.5,Giancarlo Fisichella,Gianmaria Bruni,,2012_Spa,LMGTE Pro,GT (GTE Pro/Am),140.47899999999998
Luxury Racing #59,20,3,Luxury Racing,Ferrari F458 Italia,LMGTE Pro,,Spa,6,2012,143,6:02:26.462,17 Laps,1 Laps,Michelin,Classified,53.0,2:20.116,180.0,Frédéric Makowiecki,Jaime Melo,,2012_Spa,LMGTE Pro,GT (GTE Pro/Am),140.11599999999999
AF Corse #71,21,4,AF Corse,Ferrari F458 Italia,LMGTE Pro,,Spa,6,2012,141,6:02:14.786,19 Laps,2 Laps,Michelin,Classified,117.0,2:20.968,178.9,Andrea Bertolini,Olivier Beretta,,2012_Spa,LMGTE Pro,GT (GTE Pro/Am),140.968
Imsa Performance Matmut #67,22,1,Imsa Performance Matmut,Porsche 911 RSR (997),LMGTE Am,,Spa,6,2012,139,6:00:26.301,21 Laps,2 Laps,Michelin,Classified,112.0,2:22.207,177.3,Nicolas Armindo,Raymond Narac,Anthony Pons,2012_Spa,LMGTE Am,GT (GTE Pro/Am),142.207
Gulf Racing Middle East #29,23,9,Gulf Racing Middle East,Lola B12/80 Coupé - Nissan,LMP2,,Spa,6,2012,139,6:00:48.469,21 Laps,22.168,Dunlop,Classified,78.0,2:14.270,187.8,Jean-Denis Deletraz,Keiko Ihara, ,2012_Spa,LMP2,LMP2,134.27
Team Felbermayr-Proton #88,24,2,Team Felbermayr-Proton,Porsche 911 RSR (997),LMGTE Am,,Spa,6,2012,139,6:01:25.082,21 Laps,36.613,Michelin,Classified,108.0,2:22.085,177.5,Christian Ried,Gianluca Roda,Paolo Ruberti,2012_Spa,LMGTE Am,GT (GTE Pro/Am),142.085
Pecom Racing #49,25,10,Pecom Racing,Oreca 03 - Nissan,LMP2,,Spa,6,2012,139,6:01:47.834,21 Laps,22.752,Dunlop,Classified,131.0,2:09.927,194.1,Luis Perez Companc,Soheil Ayari,Pierre Kaffer,2012_Spa,LMP2,LMP2,129.927
AF Corse #81,26,3,AF Corse,Ferrari F458 Italia,LMGTE Am,,Spa,6,2012,138,6:02:38.372,22 Laps,1 Laps,Michelin,Classified,135.0,2:22.342,177.1,Piergiuseppe Perazzini,Marco Cioci,Matt Griffin,2012_Spa,LMGTE Am,GT (GTE Pro/Am),142.34199999999998
Larbre Competition #50,27,4,Larbre Competition,Chevrolet Corvette C6-ZR1,LMGTE Am,,Spa,6,2012,137,6:00:58.900,23 Laps,1 Laps,Michelin,Classified,116.0,2:25.572,173.2,Patrick Bornhauser,Julien Canal,Fernando Rees,2012_Spa,LMGTE Am,GT (GTE Pro/Am),145.572
Luxury Racing #58,28,5,Luxury Racing,Ferrari F458 Italia,LMGTE Am,,Spa,6,2012,137,6:01:00.136,23 Laps,1.236,Michelin,Classified,116.0,2:23.358,175.9,Pierre Ehret,Franck Montecalvo,Gunnar Jeannette,2012_Spa,LMGTE Am,GT (GTE Pro/Am),143.358
Lotus #32,29,11,Lotus,Lola B12/80 Coupé - Lotus,LMP2,,Spa,6,2012,137,6:01:19.202,23 Laps,19.066,Dunlop,Classified,40.0,2:13.183,189.3,Luca Moro,Kevin Weeda,James Rossiter,2012_Spa,LMP2,LMP2,133.183
Signatech Nissan #26,30,12,Signatech Nissan,Oreca 03 - Nissan,LMP2,,Spa,6,2012,136,6:01:22.401,24 Laps,1 Laps,Dunlop,Classified,102.0,2:10.072,193.8,Nelson Panciatici,Pierre Ragues,Roman Rusinov,2012_Spa,LMP2,LMP2,130.072
JWA-Avila #55,31,6,JWA-Avila,Porsche 911 RSR (997),LMGTE Am,,Spa,6,2012,134,6:01:52.079,26 Laps,2 Laps,Pirelli,Classified,38.0,2:26.531,172.1,Joël Camathias,Markus Palttala,Paul Daniels,2012_Spa,LMGTE Am,GT (GTE Pro/Am),146.531
Krohn Racing #57,32,7,Krohn Racing,Ferrari F458 Italia,LMGTE Am,,Spa,6,2012,129,6:02:01.435,31 Laps,5 Laps,Dunlop,Classified,101.0,2:22.892,176.5,Tracy Krohn,Niclas Jönsson,Michele Rugolo,2012_Spa,LMGTE Am,GT (GTE Pro/Am),142.892
Signatech Nissan #23,33,13,Signatech Nissan,Oreca 03 - Nissan,LMP2,,Spa,6,2012,128,6:00:55.013,32 Laps,1 Laps,Dunlop,Classified,113.0,2:10.745,192.8,Franck Mailleux,Olivier Lombard,Jordan Tresson,2012_Spa,LMP2,LMP2,130.745
Starworks Motorsports #44,34,14,Starworks Motorsports,HPD ARX 03b - Honda,LMP2,,Spa,6,2012,123,6:01:12.763,37 Laps,5 Laps,Dunlop,Classified,89.0,2:09.835,194.2,Vicente Potolicchio,Ryan Dalziel,Stéphane Sarrazin,2012_Spa,LMP2,LMP2,129.835
Oak Racing #15,35,10,Oak Racing,Oak Pescarolo - Judd,LMP1,,Spa,6,2012,151,5:54:09.142,9 Laps,-28 Laps,Dunlop,Not classified,124.0,2:08.012,197.0,Guillaume Moreau,Bertrand Baguette,Dominik Kraihamer,2012_Spa,LMP1,Top Class (LMP1/Hypercar),128.012
Lotus #31,36,15,Lotus,Lola B12/80 Coupé - Lotus,LMP2,,Spa,6,2012,124,5:16:13.445,36 Laps,27 Laps,Dunlop,Not classified,122.0,2:12.463,190.3,Thomas Holzer,Mirco Schultis,Renger Van Der Zande,2012_Spa,LMP2,LMP2,132.463
Extreme Limite Aric #43,37,16,Extreme Limite Aric,Norma M200P - Judd,LMP2,,Spa,6,2012,83,3:40:32.088,77 Laps,41 Laps,Dunlop,Not classified,83.0,2:18.719,181.8,Philippe Thirion,Philippe Haezebrouck,,2012_Spa,LMP2,LMP2,138.719
Race Performance #40,38,17,Race Performance,Oreca 03 - Judd,LMP2,,Spa,6,2012,45,2:25:12.518,115 Laps,38 Laps,Dunlop,Not classified,44.0,2:15.359,186.3,Michel Frey,Jonathan Hirschi,Ralph Meichtry,2012_Spa,LMP2,LMP2,135.359
Larbre Competition #70,39,8,Larbre Competition,Chevrolet Corvette C6-ZR1,LMGTE Am,,Spa,6,2012,39,1:45:34.972,121 Laps,6 Laps,Michelin,Not classified,38.0,2:28.837,169.4,Jean-Philippe Belloc,Christophe Bourret,,2012_Spa,LMGTE Am,GT (GTE Pro/Am),148.837
Aston Martin Racing #97,40,5,Aston Martin Racing,Aston Martin Vantage V8,LMGTE Pro,,Spa,6,2012,11,31:51.618,149 Laps,28 Laps,Michelin,Not classified,3.0,2:39.767,157.8,Adrian Fernandez,Stefan Mücke,Darren Turner,2012_Spa,LMGTE Pro,GT (GTE Pro/Am),159.767
AF Corse-Waltrip #61,41,9,AF Corse-Waltrip,Ferrari F458 Italia,LMGTE Am,,Spa,6,2012,0,,160 Laps,11 Laps,Michelin,Not started,,,,Robert Kauffman,Brian Vickers,Rui Aguas,2012_Spa,LMGTE Am,GT (GTE Pro/Am),
Audi Sport Team Joest #1,1,1,Audi Sport Team Joest,Audi R18 e-tron quattro,LMP1,,Bahrain,6,2012,191,6:00:56.244,,,Michelin,Classified,55.0,1:47.274,181.6,Marcel Fässler,André Lotterer,Benoit Tréluyer,2012_Bahrain,LMP1,Top Class (LMP1/Hypercar),107.274
Audi Sport Team Joest #2,2,2,Audi Sport Team Joest,Audi R18 e-tron quattro,LMP1,,Bahrain,6,2012,190,6:02:28.182,1 Laps,1 Laps,Michelin,Classified,149.0,1:47.140,181.8,Tom Kristensen,Allan McNish,,2012_Bahrain,LMP1,Top Class (LMP1/Hypercar),107.14
Strakka Racing #21,3,3,Strakka Racing,HPD ARX 03a - Honda,LMP1,,Bahrain,6,2012,185,6:02:11.887,6 Laps,5 Laps,Michelin,Classified,150.0,1:49.597,177.8,Nick Leventis,Danny Watts,Jonny Kane,2012_Bahrain,LMP1,Top Class (LMP1/Hypercar),109.59700000000001
Rebellion Racing #12,4,4,Rebellion Racing,Lola B12/60 Coupé - Toyota,LMP1,,Bahrain,6,2012,184,6:02:10.762,7 Laps,1 Laps,Michelin,Classified,4.0,1:49.196,178.4,Nicolas Prost,Neel Jani,,2012_Bahrain,LMP1,Top Class (LMP1/Hypercar),109.196
Rebellion Racing #13,5,5,Rebellion Racing,Lola B12/60 Coupé - Toyota,LMP1,,Bahrain,6,2012,181,6:00:59.607,10 Laps,3 Laps,Michelin,Classified,125.0,1:50.550,176.2,Andrea Belicchi,Harold Primat,,2012_Bahrain,LMP1,Top Class (LMP1/Hypercar),110.55
Pecom Racing #49,6,1,Pecom Racing,Oreca 03 - Nissan,LMP2,,Bahrain,6,2012,179,6:02:11.919,12 Laps,2 Laps,Dunlop,Classified,143.0,1:53.636,171.5,Luis Perez Companc,Nicolas Minassian,Pierre Kaffer,2012_Bahrain,LMP2,LMP2,113.636
Signatech Nissan #23,7,2,Signatech Nissan,Oreca 03 - Nissan,LMP2,,Bahrain,6,2012,177,6:01:30.867,14 Laps,2 Laps,Dunlop,Classified,101.0,1:54.762,169.8,Franck Mailleux,Olivier Lombard,Jordan Tresson,2012_Bahrain,LMP2,LMP2,114.762
Starworks Motorsports #44,8,3,Starworks Motorsports,HPD ARX 03b - Honda,LMP2,,Bahrain,6,2012,177,6:01:37.217,14 Laps,6.350,Dunlop,Classified,141.0,1:54.016,170.9,Vicente Potolicchio,Thomas Kimber-Smith,Stéphane Sarrazin,2012_Bahrain,LMP2,LMP2,114.01599999999999
Lotus #32,9,4,Lotus,Lola B12/80 Coupé - Lotus,LMP2,,Bahrain,6,2012,177,6:02:09.965,14 Laps,32.748,Dunlop,Classified,125.0,1:54.726,169.8,Vitantonio Liuzzi,James Rossiter,Kevin Weeda,2012_Bahrain,LMP2,LMP2,114.726
Signatech Nissan #26,10,5,Signatech Nissan,Oreca 03 - Nissan,LMP2,,Bahrain,6,2012,176,6:01:32.279,15 Laps,1 Laps,Dunlop,Classified,156.0,1:53.621,171.5,Nelson Panciatici,Pierre Ragues,Roman Rusinov,2012_Bahrain,LMP2,LMP2,113.62100000000001
Oak Racing #24,11,6,Oak Racing,Morgan - Nissan,LMP2,,Bahrain,6,2012,172,6:02:08.214,19 Laps,4 Laps,Dunlop,Classified,140.0,1:53.603,171.5,Jacques Nicolet,Matthieu Lahaye,Olivier Pla,2012_Bahrain,LMP2,LMP2,113.60300000000001
Greaves Motorsport #41,12,7,Greaves Motorsport,Zytek Z11SN - Nissan,LMP2,,Bahrain,6,2012,170,6:02:08.653,21 Laps,2 Laps,Dunlop,Classified,132.0,1:54.949,169.5,Christian Zugel,Ricardo Gonzalez,Elton Julian,2012_Bahrain,LMP2,LMP2,114.949
AF Corse #51,13,1,AF Corse,Ferrari F458 Italia,LMGTE Pro,,Bahrain,6,2012,170,6:02:25.906,21 Laps,17.253,Michelin,Classified,89.0,2:02.706,158.8,Giancarlo Fisichella,Toni Vilander,,2012_Bahrain,LMGTE Pro,GT (GTE Pro/Am),122.706
Aston Martin Racing #97,14,2,Aston Martin Racing,Aston Martin Vantage V8,LMGTE Pro,,Bahrain,6,2012,169,6:01:15.227,22 Laps,1 Laps,Michelin,Classified,81.0,2:02.297,159.3,Stefan Mücke,Darren Turner,,2012_Bahrain,LMGTE Pro,GT (GTE Pro/Am),122.297
Team Felbermayr-Proton #77,15,3,Team Felbermayr-Proton,Porsche 911 RSR (997),LMGTE Pro,,Bahrain,6,2012,169,6:01:59.671,22 Laps,44.444,Michelin,Classified,134.0,2:02.813,158.6,Marc Lieb,Richard Lietz,,2012_Bahrain,LMGTE Pro,GT (GTE Pro/Am),122.813
AF Corse #71,16,4,AF Corse,Ferrari F458 Italia,LMGTE Pro,,Bahrain,6,2012,169,6:02:11.939,22 Laps,12.268,Michelin,Classified,33.0,2:03.231,158.1,Andrea Bertolini,_ _,,2012_Bahrain,LMGTE Pro,GT (GTE Pro/Am),123.231
Team Felbermayr-Proton #88,17,1,Team Felbermayr-Proton,Porsche 911 RSR (997),LMGTE Am,,Bahrain,6,2012,165,6:02:35.604,26 Laps,4 Laps,Michelin,Classified,5.0,2:05.382,155.4,Christian Ried,Gianluca Roda,Paolo Ruberti,2012_Bahrain,LMGTE Am,GT (GTE Pro/Am),125.382
AF Corse-Waltrip #61,18,2,AF Corse-Waltrip,Ferrari F458 Italia,LMGTE Am,,Bahrain,6,2012,164,6:01:07.673,27 Laps,1 Laps,Michelin,Classified,4.0,2:04.678,156.3,Robert Kauffman,Rui Aguas,Brian Vickers,2012_Bahrain,LMGTE Am,GT (GTE Pro/Am),124.678
Krohn Racing #57,19,3,Krohn Racing,Ferrari F458 Italia,LMGTE Am,,Bahrain,6,2012,162,6:02:06.614,29 Laps,2 Laps,Michelin,Classified,91.0,2:04.621,156.3,Tracy Krohn,Niclas Jönsson,Michele Rugolo,2012_Bahrain,LMGTE Am,GT (GTE Pro/Am),124.621
ADR-Delta #25,20,8,ADR-Delta,Oreca 03 - Nissan,LMP2,,Bahrain,6,2012,161,6:00:58.553,30 Laps,1 Laps,Dunlop,Classified,123.0,1:53.349,171.9,John Martin,Tor Graves,,2012_Bahrain,LMP2,LMP2,113.34899999999999
Larbre Competition #50,21,4,Larbre Competition,Chevrolet Corvette C6-ZR1,LMGTE Am,,Bahrain,6,2012,157,6:01:20.261,34 Laps,4 Laps,Michelin,Classified,137.0,2:04.895,156.0,Patrick Bornhauser,Julien Canal,Fernando Rees,2012_Bahrain,LMGTE Am,GT (GTE Pro/Am),124.895
Larbre Competition #70,22,5,Larbre Competition,Chevrolet Corvette C6-ZR1,LMGTE Am,,Bahrain,6,2012,153,6:02:38.424,38 Laps,4 Laps,Michelin,Classified,95.0,2:03.887,157.3,Jean-Philippe Belloc,Christophe Bourret,Pascal Gibon,2012_Bahrain,LMGTE Am,GT (GTE Pro/Am),123.887
JWA-Avila #55,23,6,JWA-Avila,Porsche 911 RSR (997),LMGTE Am,,Bahrain,6,2012,150,6:02:14.968,41 Laps,3 Laps,Pirelli,Classified,3.0,2:07.387,152.9,Joël Camathias,Benny Simonsen,Paul Daniels,2012_Bahrain,LMGTE Am,GT (GTE Pro/Am),127.387
Toyota Racing #7,24,6,Toyota Gazoo Racing,Toyota TS030 - Hybrid,LMP1,,Bahrain,6,2012,144,4:39:58.144,47 Laps,6 Laps,Michelin,Not classified,86.0,1:47.128,181.9,Alexander Wurz,Nicolas Lapierre,,2012_Bahrain,LMP1,Top Class (LMP1/Hypercar),107.128
Lotus #31,25,9,Lotus,Lola B12/80 Coupé - Lotus,LMP2,,Bahrain,6,2012,103,3:35:05.001,88 Laps,41 Laps,Dunlop,Not classified,68.0,1:55.795,168.3,Thomas Holzer,Luca Moro,,2012_Bahrain,LMP2,LMP2,115.795
Gulf Racing Middle East #29,26,10,Gulf Racing Middle East,Lola B12/80 Coupé - Nissan,LMP2,,Bahrain,6,2012,97,3:21:02.719,94 Laps,6 Laps,Dunlop,Not classified,65.0,1:56.819,166.8,Fabien Giroix,Keiko Ihara,Jean-Denis Deletraz,2012_Bahrain,LMP2,LMP2,116.819
JRM #22,27,7,JRM,HPD ARX 03a - Honda,LMP1,,Bahrain,6,2012,61,5:35:20.294,130 Laps,36 Laps,Michelin,Not classified,57.0,1:50.071,177.0,David Brabham,Karun Chandhok,Peter Dumbreck,2012_Bahrain,LMP1,Top Class (LMP1/Hypercar),110.071
Oak Racing #35,28,11,Oak Racing,Morgan - Nissan,LMP2,,Bahrain,6,2012,14,27:08.187,177 Laps,47 Laps,Dunlop,Not classified,4.0,1:54.799,169.7,Bertrand Baguette,Dominik Kraihamer,Alex Brundle,2012_Bahrain,LMP2,LMP2,114.799
Toyota Racing #7,1,1,Toyota Gazoo Racing,Toyota TS030 - Hybrid,LMP1,,Shanghai,6,2012,191,6:01:29.292,,,Michelin,Classified,137.0,1:48.815,180.3,Alexander Wurz,Nicolas Lapierre,,2012_Shanghai,LMP1,Top Class (LMP1/Hypercar),108.815
Audi Sport Team Joest #2,2,2,Audi Sport Team Joest,Audi R18 e-tron quattro,LMP1,,Shanghai,6,2012,191,6:02:27.862,58.570,58.570,Michelin,Classified,143.0,1:49.664,178.9,Tom Kristensen,Allan McNish,,2012_Shanghai,LMP1,Top Class (LMP1/Hypercar),109.664
Audi Sport Team Joest #1,3,3,Audi Sport Team Joest,Audi R18 e-tron quattro,LMP1,,Shanghai,6,2012,191,6:03:12.106,1'42.814,44.244,Michelin,Classified,169.0,1:48.924,180.2,Marcel Fässler,André Lotterer,Benoit Tréluyer,2012_Shanghai,LMP1,Top Class (LMP1/Hypercar),108.924
Rebellion Racing #13,4,4,Rebellion Racing,Lola B12/60 Coupé - Toyota,LMP1,,Shanghai,6,2012,185,6:02:15.002,6 Laps,6 Laps,Michelin,Classified,152.0,1:52.634,174.2,Andrea Belicchi,Harold Primat,Cong Fu Cheng,2012_Shanghai,LMP1,Top Class (LMP1/Hypercar),112.634
JRM #22,5,5,JRM,HPD ARX 03a - Honda,LMP1,,Shanghai,6,2012,185,6:02:23.713,6 Laps,8.711,Michelin,Classified,2.0,1:52.517,174.4,David Brabham,Karun Chandhok,Peter Dumbreck,2012_Shanghai,LMP1,Top Class (LMP1/Hypercar),112.517
Strakka Racing #21,6,6,Strakka Racing,HPD ARX 03a - Honda,LMP1,,Shanghai,6,2012,182,6:02:30.186,9 Laps,3 Laps,Michelin,Classified,56.0,1:52.338,174.7,Nick Leventis,Danny Watts,Jonny Kane,2012_Shanghai,LMP1,Top Class (LMP1/Hypercar),112.338
ADR-Delta #25,7,1,ADR-Delta,Oreca 03 - Nissan,LMP2,,Shanghai,6,2012,180,6:02:21.958,11 Laps,2 Laps,Dunlop,Classified,28.0,1:55.214,170.3,John Martin,Tor Graves,Mathias Beche,2012_Shanghai,LMP2,LMP2,115.214
Starworks Motorsports #44,8,2,Starworks Motorsports,HPD ARX 03b - Honda,LMP2,,Shanghai,6,2012,180,6:02:58.859,11 Laps,36.901,Dunlop,Classified,157.0,1:55.668,169.7,Vicente Potolicchio,Ryan Dalziel,Stéphane Sarrazin,2012_Shanghai,LMP2,LMP2,115.668
Oak Racing #24,9,3,Oak Racing,Morgan - Nissan,LMP2,,Shanghai,6,2012,179,6:02:03.196,12 Laps,1 Laps,Dunlop,Classified,140.0,1:55.516,169.9,Jacques Nicolet,Matthieu Lahaye,Olivier Pla,2012_Shanghai,LMP2,LMP2,115.51599999999999
Pecom Racing #49,10,4,Pecom Racing,Oreca 03 - Nissan,LMP2,,Shanghai,6,2012,179,6:02:59.410,12 Laps,56.214,Dunlop,Classified,162.0,1:55.309,170.2,Luis Perez Companc,Nicolas Minassian,Pierre Kaffer,2012_Shanghai,LMP2,LMP2,115.309
Signatech Nissan #23,11,5,Signatech Nissan,Oreca 03 - Nissan,LMP2,,Shanghai,6,2012,178,6:01:56.836,13 Laps,1 Laps,Dunlop,Classified,162.0,1:55.844,169.4,Franck Mailleux,Olivier Lombard,Jordan Tresson,2012_Shanghai,LMP2,LMP2,115.844
Lotus #31,12,6,Lotus,Lola B12/80 Coupé - Lotus,LMP2,,Shanghai,6,2012,177,6:02:16.223,14 Laps,1 Laps,Dunlop,Classified,109.0,1:56.243,168.8,Thomas Holzer,Mirco Schultis,,2012_Shanghai,LMP2,LMP2,116.243
Signatech Nissan #26,13,7,Signatech Nissan,Oreca 03 - Nissan,LMP2,,Shanghai,6,2012,177,6:03:20.541,14 Laps,1'04.318,Dunlop,Classified,108.0,1:55.679,169.6,Nelson Panciatici,Pierre Ragues,Roman Rusinov,2012_Shanghai,LMP2,LMP2,115.679
Oak Racing #15,14,7,Oak Racing,Oak Pescarolo - Honda,LMP1,,Shanghai,6,2012,174,6:01:42.984,17 Laps,3 Laps,Dunlop,Classified,131.0,1:52.543,174.4,Bertrand Baguette,Dominik Kraihamer,Takuma Sato,2012_Shanghai,LMP1,Top Class (LMP1/Hypercar),112.543
Greaves Motorsport #41,15,8,Greaves Motorsport,Zytek Z11SN - Nissan,LMP2,,Shanghai,6,2012,171,6:02:56.257,20 Laps,3 Laps,Dunlop,Classified,150.0,1:56.875,167.9,Christian Zugel,Ricardo Gonzalez,Elton Julian,2012_Shanghai,LMP2,LMP2,116.875
Aston Martin Racing #97,16,1,Aston Martin Racing,Aston Martin Vantage V8,LMGTE Pro,,Shanghai,6,2012,169,6:02:42.857,22 Laps,2 Laps,Michelin,Classified,62.0,2:05.146,156.8,Stefan Mücke,Darren Turner,,2012_Shanghai,LMGTE Pro,GT (GTE Pro/Am),125.146
Team Felbermayr-Proton #77,17,2,Team Felbermayr-Proton,Porsche 911 RSR (997),LMGTE Pro,,Shanghai,6,2012,169,6:03:35.725,22 Laps,52.868,Michelin,Classified,158.0,2:05.375,156.5,Marc Lieb,Richard Lietz,,2012_Shanghai,LMGTE Pro,GT (GTE Pro/Am),125.375
AF Corse #71,18,3,AF Corse,Ferrari F458 Italia,LMGTE Pro,,Shanghai,6,2012,168,6:03:23.872,23 Laps,1 Laps,Michelin,Classified,147.0,2:05.834,155.9,Andrea Bertolini,Olivier Beretta,,2012_Shanghai,LMGTE Pro,GT (GTE Pro/Am),125.834
Larbre Competition #50,19,1,Larbre Competition,Chevrolet Corvette C6-ZR1,LMGTE Am,,Shanghai,6,2012,166,6:03:19.573,25 Laps,2 Laps,Michelin,Classified,128.0,2:06.279,155.4,Patrick Bornhauser,Julien Canal,Pedro Lamy,2012_Shanghai,LMGTE Am,GT (GTE Pro/Am),126.279
Team Felbermayr-Proton #88,20,2,Team Felbermayr-Proton,Porsche 911 RSR (997),LMGTE Am,,Shanghai,6,2012,165,6:02:14.736,26 Laps,1 Laps,Michelin,Classified,3.0,2:06.562,155.1,Christian Ried,Gianluca Roda,Paolo Ruberti,2012_Shanghai,LMGTE Am,GT (GTE Pro/Am),126.562
Krohn Racing #57,21,3,Krohn Racing,Ferrari F458 Italia,LMGTE Am,,Shanghai,6,2012,164,6:01:31.195,27 Laps,1 Laps,Michelin,Classified,146.0,2:07.121,154.4,Tracy Krohn,Niclas Jönsson,Michele Rugolo,2012_Shanghai,LMGTE Am,GT (GTE Pro/Am),127.121
AF Corse-Waltrip #61,22,4,AF Corse-Waltrip,Ferrari F458 Italia,LMGTE Am,,Shanghai,6,2012,164,6:03:09.553,27 Laps,1'38.358,Michelin,Classified,105.0,2:05.900,155.9,Robert Kauffman,Rui Aguas,Marco Cioci,2012_Shanghai,LMGTE Am,GT (GTE Pro/Am),125.9
Larbre Competition #70,23,5,Larbre Competition,Chevrolet Corvette C6-ZR1,LMGTE Am,,Shanghai,6,2012,163,6:02:48.686,28 Laps,1 Laps,Michelin,Classified,125.0,2:06.974,154.5,Jean-Philippe Belloc,Christophe Bourret,Pascal Gibon,2012_Shanghai,LMGTE Am,GT (GTE Pro/Am),126.974
JWA-Avila #55,24,6,JWA-Avila,Porsche 911 RSR (997),LMGTE Am,,Shanghai,6,2012,152,6:02:06.037,39 Laps,11 Laps,Pirelli,Classified,100.0,2:08.519,152.7,Joël Camathias,Matt Bell,Paul Daniels,2012_Shanghai,LMGTE Am,GT (GTE Pro/Am),128.519
Rebellion Racing #12,25,8,Rebellion Racing,Lola B12/60 Coupé - Toyota,LMP1,,Shanghai,6,2012,180,5:49:50.179,11 Laps,-28 Laps,Michelin,Not classified,119.0,1:51.524,176.0,Nicolas Prost,Neel Jani,,2012_Shanghai,LMP1,Top Class (LMP1/Hypercar),111.524
AF Corse #51,26,4,AF Corse,Ferrari F458 Italia,LMGTE Pro,,Shanghai,6,2012,144,5:27:17.982,47 Laps,36 Laps,Michelin,Not classified,136.0,2:05.181,156.8,Giancarlo Fisichella,Gianmaria Bruni,,2012_Shanghai,LMGTE Pro,GT (GTE Pro/Am),125.181
Gulf Racing Middle East #29,27,9,Gulf Racing Middle East,Lola B12/80 Coupé - Nissan,LMP2,,Shanghai,6,2012,93,3:20:23.969,98 Laps,51 Laps,Dunlop,Not classified,3.0,1:57.761,166.6,Fabien Giroix,Keiko Ihara,Jean-Denis Deletraz,2012_Shanghai,LMP2,LMP2,117.761
Lotus #32,28,10,Lotus,Lola B12/80 Coupé - Lotus,LMP2,,Shanghai,6,2012,78,2:57:15.060,113 Laps,15 Laps,Dunlop,Not classified,27.0,1:55.841,169.4,Jan Charouz,James Rossiter,Kevin Weeda,2012_Shanghai,LMP2,LMP2,115.84100000000001
Toyota Racing #7,1,1,Toyota Gazoo Racing,Toyota TS030 - Hybrid,LMP1,,Fuji,6,2012,233,6:00:42.920,,,Michelin,Classified,143.0,1:28.088,186.5,Alexander Wurz,Nicolas Lapierre,Kazuki Nakajima,2012_Fuji,LMP1,Top Class (LMP1/Hypercar),88.088
Audi Sport Team Joest #1,2,2,Audi Sport Team Joest,Audi R18 e-tron quattro,LMP1,,Fuji,6,2012,233,6:00:54.143,11.223,11.223,Michelin,Classified,168.0,1:28.391,185.8,Marcel Fässler,André Lotterer,Benoit Tréluyer,2012_Fuji,LMP1,Top Class (LMP1/Hypercar),88.39099999999999
Audi Sport Team Joest #2,3,3,Audi Sport Team Joest,Audi R18 e-tron quattro,LMP1,,Fuji,6,2012,233,6:02:15.485,1'32.565,1'21.342,Michelin,Classified,84.0,1:28.967,184.6,Tom Kristensen,Allan McNish,,2012_Fuji,LMP1,Top Class (LMP1/Hypercar),88.967
Rebellion Racing #12,4,4,Rebellion Racing,Lola B12/60 Coupé - Toyota,LMP1,,Fuji,6,2012,227,6:01:19.042,6 Laps,6 Laps,Michelin,Classified,154.0,1:30.870,180.8,Nicolas Prost,Neel Jani,,2012_Fuji,LMP1,Top Class (LMP1/Hypercar),90.87
JRM #22,5,5,JRM,HPD ARX 03a - Honda,LMP1,,Fuji,6,2012,226,6:01:46.511,7 Laps,1 Laps,Michelin,Classified,181.0,1:30.907,180.7,David Brabham,Karun Chandhok,Peter Dumbreck,2012_Fuji,LMP1,Top Class (LMP1/Hypercar),90.907
Strakka Racing #21,6,6,Strakka Racing,HPD ARX 03a - Honda,LMP1,,Fuji,6,2012,226,6:01:54.926,7 Laps,8.415,Michelin,Classified,193.0,1:30.968,180.6,Nick Leventis,Danny Watts,Jonny Kane,2012_Fuji,LMP1,Top Class (LMP1/Hypercar),90.968
Rebellion Racing #13,7,7,Rebellion Racing,Lola B12/60 Coupé - Toyota,LMP1,,Fuji,6,2012,225,6:01:42.453,8 Laps,1 Laps,Michelin,Classified,129.0,1:31.194,180.1,Andrea Belicchi,Harold Primat,,2012_Fuji,LMP1,Top Class (LMP1/Hypercar),91.194
ADR-Delta #25,8,1,ADR-Delta,Oreca 03 - Nissan,LMP2,,Fuji,6,2012,220,6:02:10.382,13 Laps,5 Laps,Dunlop,Classified,191.0,1:33.481,175.7,John Martin,Tor Graves,Shinji Nakano,2012_Fuji,LMP2,LMP2,93.481
Starworks Motorsports #44,9,2,Starworks Motorsports,HPD ARX 03b - Honda,LMP2,,Fuji,6,2012,219,6:01:11.146,14 Laps,1 Laps,Dunlop,Classified,181.0,1:33.668,175.4,Vicente Potolicchio,Ryan Dalziel,Stéphane Sarrazin,2012_Fuji,LMP2,LMP2,93.668
Oak Racing #24,10,3,Oak Racing,Morgan - Nissan,LMP2,,Fuji,6,2012,219,6:02:08.036,14 Laps,56.890,Dunlop,Classified,162.0,1:33.739,175.2,Jacques Nicolet,Matthieu Lahaye,Olivier Pla,2012_Fuji,LMP2,LMP2,93.739
Pecom Racing #49,11,4,Pecom Racing,Oreca 03 - Nissan,LMP2,,Fuji,6,2012,216,6:00:50.676,17 Laps,3 Laps,Dunlop,Classified,163.0,1:33.547,175.6,Luis Perez Companc,Nicolas Minassian,Pierre Kaffer,2012_Fuji,LMP2,LMP2,93.547
Lotus #32,12,5,Lotus,Lola B12/80 Coupé - Lotus,LMP2,,Fuji,6,2012,216,6:01:53.448,17 Laps,1'02.772,Dunlop,Classified,136.0,1:34.614,173.6,Vitantonio Liuzzi,James Rossiter,Kevin Weeda,2012_Fuji,LMP2,LMP2,94.614
Gulf Racing Middle East #29,13,6,Gulf Racing Middle East,Lola B12/80 Coupé - Nissan,LMP2,,Fuji,6,2012,214,6:01:06.469,19 Laps,2 Laps,Dunlop,Classified,5.0,1:35.862,171.4,Fabien Giroix,Keiko Ihara,Jean-Denis Deletraz,2012_Fuji,LMP2,LMP2,95.862
Greaves Motorsport #41,14,7,Greaves Motorsport,Zytek Z11SN - Nissan,LMP2,,Fuji,6,2012,212,6:01:42.062,21 Laps,2 Laps,Dunlop,Classified,141.0,1:35.380,172.2,Christian Zugel,Ricardo Gonzalez,Elton Julian,2012_Fuji,LMP2,LMP2,95.38
Signatech Nissan #23,15,8,Signatech Nissan,Oreca 03 - Nissan,LMP2,,Fuji,6,2012,211,6:02:17.797,22 Laps,1 Laps,Dunlop,Classified,186.0,1:34.556,173.7,Franck Mailleux,Olivier Lombard,Jordan Tresson,2012_Fuji,LMP2,LMP2,94.556
Oak Racing #15,16,8,Oak Racing,Oak Pescarolo - Honda,LMP1,,Fuji,6,2012,210,6:02:13.404,23 Laps,1 Laps,Dunlop,Classified,5.0,1:32.485,177.6,Bertrand Baguette,Dominik Kraihamer,Takuma Sato,2012_Fuji,LMP1,Top Class (LMP1/Hypercar),92.485
Team Felbermayr-Proton #77,17,1,Team Felbermayr-Proton,Porsche 911 RSR (997),LMGTE Pro,,Fuji,6,2012,207,6:02:08.551,26 Laps,3 Laps,Michelin,Classified,138.0,1:41.170,162.4,Marc Lieb,Richard Lietz,,2012_Fuji,LMGTE Pro,GT (GTE Pro/Am),101.17
AF Corse #51,18,2,AF Corse,Ferrari F458 Italia,LMGTE Pro,,Fuji,6,2012,206,6:00:51.596,27 Laps,1 Laps,Michelin,Classified,159.0,1:41.184,162.3,Giancarlo Fisichella,Gianmaria Bruni,,2012_Fuji,LMGTE Pro,GT (GTE Pro/Am),101.184
Aston Martin Racing #97,19,3,Aston Martin Racing,Aston Martin Vantage V8,LMGTE Pro,,Fuji,6,2012,206,6:01:30.706,27 Laps,39.110,Michelin,Classified,128.0,1:41.520,161.8,Stefan Mücke,Darren Turner,,2012_Fuji,LMGTE Pro,GT (GTE Pro/Am),101.52000000000001
AF Corse #71,20,4,AF Corse,Ferrari F458 Italia,LMGTE Pro,,Fuji,6,2012,206,6:02:20.305,27 Laps,49.599,Michelin,Classified,153.0,1:41.531,161.8,Andrea Bertolini,Olivier Beretta,,2012_Fuji,LMGTE Pro,GT (GTE Pro/Am),101.531
Larbre Competition #50,21,1,Larbre Competition,Chevrolet Corvette C6-ZR1,LMGTE Am,,Fuji,6,2012,204,6:02:27.349,29 Laps,2 Laps,Michelin,Classified,124.0,1:42.191,160.7,Patrick Bornhauser,Julien Canal,Pedro Lamy,2012_Fuji,LMGTE Am,GT (GTE Pro/Am),102.191
Krohn Racing #57,22,2,Krohn Racing,Ferrari F458 Italia,LMGTE Am,,Fuji,6,2012,203,6:02:17.553,30 Laps,1 Laps,Michelin,Classified,135.0,1:42.284,160.6,Tracy Krohn,Niclas Jönsson,Michele Rugolo,2012_Fuji,LMGTE Am,GT (GTE Pro/Am),102.28399999999999
Team Felbermayr-Proton #88,23,3,Team Felbermayr-Proton,Porsche 911 RSR (997),LMGTE Am,,Fuji,6,2012,202,6:02:09.119,31 Laps,1 Laps,Michelin,Classified,142.0,1:42.122,160.9,Christian Ried,Gianluca Roda,Paolo Ruberti,2012_Fuji,LMGTE Am,GT (GTE Pro/Am),102.122
Larbre Competition #70,24,4,Larbre Competition,Chevrolet Corvette C6-ZR1,LMGTE Am,,Fuji,6,2012,199,6:01:26.234,34 Laps,3 Laps,Michelin,Classified,170.0,1:42.380,160.4,Jean-Philippe Belloc,Christophe Bourret,Pascal Gibon,2012_Fuji,LMGTE Am,GT (GTE Pro/Am),102.38
JWA-Avila #55,25,5,JWA-Avila,Porsche 911 RSR (997),LMGTE Am,,Fuji,6,2012,196,6:00:48.756,37 Laps,3 Laps,Pirelli,Classified,139.0,1:43.707,158.4,Joël Camathias,Kenji Kobayashi,Paul Daniels,2012_Fuji,LMGTE Am,GT (GTE Pro/Am),103.707
Lotus #31,26,9,Lotus,Lola B12/80 Coupé - Lotus,LMP2,,Fuji,6,2012,139,3:58:04.009,94 Laps,57 Laps,Dunlop,Not classified,132.0,1:35.966,171.2,Thomas Holzer,Mirco Schultis,,2012_Fuji,LMP2,LMP2,95.96600000000001
Signatech Nissan #26,27,10,Signatech Nissan,Oreca 03 - Nissan,LMP2,,Fuji,6,2012,213,6:02:09.616,20 Laps,-74 Laps,Dunlop,Excluded,168.0,1:33.453,175.8,Nelson Panciatici,Pierre Ragues,Roman Rusinov,2012_Fuji,LMP2,LMP2,93.453
Toyota Racing #7,1,1,Toyota Gazoo Racing,Toyota TS030 - Hybrid,LMP1,,Interlagos,6,2012,247,6:01:08.356,,,Michelin,Classified,165.0,1:23.419,186.0,Alexander Wurz,Nicolas Lapierre,,2012_Interlagos,LMP1,Top Class (LMP1/Hypercar),83.419
Audi Sport Team Joest #1,2,2,Audi Sport Team Joest,Audi R18 e-tron quattro,LMP1,,Interlagos,6,2012,247,6:02:09.134,1'00.778,1'00.778,Michelin,Classified,218.0,1:23.740,185.2,Marcel Fässler,André Lotterer,Benoit Tréluyer,2012_Interlagos,LMP1,Top Class (LMP1/Hypercar),83.74
Audi Sport Team Joest #2,3,3,Audi Sport Team Joest,Audi R18 ultra,LMP1,,Interlagos,6,2012,247,6:02:23.035,1'14.679,13.901,Michelin,Classified,213.0,1:23.070,186.7,Tom Kristensen,Allan McNish,Lucas Di Grassi,2012_Interlagos,LMP1,Top Class (LMP1/Hypercar),83.07
Rebellion Racing #12,4,4,Rebellion Racing,Lola B12/60 Coupé - Toyota,LMP1,,Interlagos,6,2012,242,6:01:16.750,5 Laps,5 Laps,Michelin,Classified,175.0,1:24.838,182.8,Nicolas Prost,Neel Jani,,2012_Interlagos,LMP1,Top Class (LMP1/Hypercar),84.838
Strakka Racing #21,5,5,Strakka Racing,HPD ARX 03a - Honda,LMP1,,Interlagos,6,2012,240,6:01:48.032,7 Laps,2 Laps,Michelin,Classified,230.0,1:24.915,182.7,Nick Leventis,Danny Watts,Jonny Kane,2012_Interlagos,LMP1,Top Class (LMP1/Hypercar),84.91499999999999
Rebellion Racing #13,6,6,Rebellion Racing,Lola B12/60 Coupé - Toyota,LMP1,,Interlagos,6,2012,240,6:01:51.142,7 Laps,3.110,Michelin,Classified,168.0,1:25.410,181.6,Andrea Belicchi,Harold Primat,,2012_Interlagos,LMP1,Top Class (LMP1/Hypercar),85.41
Starworks Motorsports #44,7,1,Starworks Motorsports,HPD ARX 03b - Honda,LMP2,,Interlagos,6,2012,234,6:01:42.190,13 Laps,6 Laps,Dunlop,Classified,189.0,1:28.198,175.9,Vicente Potolicchio,Ryan Dalziel,Stéphane Sarrazin,2012_Interlagos,LMP2,LMP2,88.19800000000001
Pecom Racing #49,8,2,Pecom Racing,Oreca 03 - Nissan,LMP2,,Interlagos,6,2012,231,6:02:28.457,16 Laps,3 Laps,Dunlop,Classified,187.0,1:28.586,175.1,Luis Perez Companc,Nicolas Minassian,Pierre Kaffer,2012_Interlagos,LMP2,LMP2,88.586
JRM #22,9,7,JRM,HPD ARX 03a - Honda,LMP1,,Interlagos,6,2012,230,6:01:24.825,17 Laps,1 Laps,Michelin,Classified,175.0,1:25.257,181.9,David Brabham,Karun Chandhok,Peter Dumbreck,2012_Interlagos,LMP1,Top Class (LMP1/Hypercar),85.257
Oak Racing #24,10,3,Oak Racing,Morgan - Nissan,LMP2,,Interlagos,6,2012,230,6:01:56.824,17 Laps,31.999,Dunlop,Classified,207.0,1:27.848,176.6,Jacques Nicolet,Matthieu Lahaye,Olivier Pla,2012_Interlagos,LMP2,LMP2,87.848
Greaves Motorsport #41,11,4,Greaves Motorsport,Zytek Z11SN - Nissan,LMP2,,Interlagos,6,2012,229,6:02:01.666,18 Laps,1 Laps,Dunlop,Classified,192.0,1:29.057,174.2,Christian Zugel,Roberto Gonzalez,Elton Julian,2012_Interlagos,LMP2,LMP2,89.057
ADR-Delta #25,12,5,ADR-Delta,Oreca 03 - Nissan,LMP2,,Interlagos,6,2012,228,6:01:39.572,19 Laps,1 Laps,Dunlop,Classified,176.0,1:28.689,174.9,John Martin,Jan Charouz,Tor Graves,2012_Interlagos,LMP2,LMP2,88.689
Lotus #32,13,6,Lotus,Lola B12/80 Coupé - Lotus,LMP2,,Interlagos,6,2012,228,6:02:21.606,19 Laps,42.034,Dunlop,Classified,166.0,1:28.805,174.7,Vitantonio Liuzzi,James Rossiter,Kevin Weeda,2012_Interlagos,LMP2,LMP2,88.805
Signatech Nissan #26,14,7,Signatech Nissan,Oreca 03 - Nissan,LMP2,,Interlagos,6,2012,227,6:01:09.782,20 Laps,1 Laps,Dunlop,Classified,203.0,1:28.073,176.1,Nelson Panciatici,Pierre Ragues,Roman Rusinov,2012_Interlagos,LMP2,LMP2,88.07300000000001
Lotus #31,15,8,Lotus,Lola B12/80 Coupé - Lotus,LMP2,,Interlagos,6,2012,226,6:01:09.677,21 Laps,1 Laps,Dunlop,Classified,160.0,1:29.865,172.6,Thomas Holzer,Mirco Schultis,Luca Moro,2012_Interlagos,LMP2,LMP2,89.865
AF Corse #51,16,1,AF Corse,Ferrari F458 Italia,LMGTE Pro,,Interlagos,6,2012,221,6:01:51.398,26 Laps,5 Laps,Michelin,Classified,190.0,1:34.390,164.3,Giancarlo Fisichella,Gianmaria Bruni,,2012_Interlagos,LMGTE Pro,GT (GTE Pro/Am),94.39
Aston Martin Racing #97,17,2,Aston Martin Racing,Aston Martin Vantage V8,LMGTE Pro,,Interlagos,6,2012,220,6:01:09.440,27 Laps,1 Laps,Michelin,Classified,139.0,1:34.715,163.8,Stefan Mücke,Darren Turner,,2012_Interlagos,LMGTE Pro,GT (GTE Pro/Am),94.715
Team Felbermayr-Proton #77,18,3,Team Felbermayr-Proton,Porsche 911 RSR (997),LMGTE Pro,,Interlagos,6,2012,220,6:02:19.633,27 Laps,1'10.193,Michelin,Classified,153.0,1:34.405,164.3,Marc Lieb,Richard Lietz,,2012_Interlagos,LMGTE Pro,GT (GTE Pro/Am),94.405
AF Corse #71,19,4,AF Corse,Ferrari F458 Italia,LMGTE Pro,,Interlagos,6,2012,219,6:01:39.145,28 Laps,1 Laps,Michelin,Classified,191.0,1:35.323,162.7,Andrea Bertolini,Olivier Beretta,,2012_Interlagos,LMGTE Pro,GT (GTE Pro/Am),95.32300000000001
Team Felbermayr-Proton #88,20,1,Team Felbermayr-Proton,Porsche 911 RSR (997),LMGTE Am,,Interlagos,6,2012,213,6:02:23.799,34 Laps,6 Laps,Michelin,Classified,183.0,1:36.021,161.6,Christian Ried,Gianluca Roda,Paolo Ruberti,2012_Interlagos,LMGTE Am,GT (GTE Pro/Am),96.021
Larbre Competition #70,21,2,Larbre Competition,Chevrolet Corvette C6-ZR1,LMGTE Am,,Interlagos,6,2012,211,6:01:09.346,36 Laps,2 Laps,Michelin,Classified,183.0,1:36.110,161.4,Jean-Philippe Belloc,Christophe Bourret,Pascal Gibon,2012_Interlagos,LMGTE Am,GT (GTE Pro/Am),96.11
AF Corse-Waltrip #61,22,3,AF Corse-Waltrip,Ferrari F458 Italia,LMGTE Am,,Interlagos,6,2012,210,6:01:28.117,37 Laps,1 Laps,Michelin,Classified,170.0,1:35.852,161.8,Francisco Longo,Alexandre Negrão,Enrique Bernoldi,2012_Interlagos,LMGTE Am,GT (GTE Pro/Am),95.852
JWA-Avila #55,23,4,JWA-Avila,Porsche 911 RSR (997),LMGTE Am,,Interlagos,6,2012,195,6:02:34.134,52 Laps,15 Laps,Pirelli,Classified,128.0,1:37.680,158.8,Joël Camathias,Markus Palttala,Paul Daniels,2012_Interlagos,LMGTE Am,GT (GTE Pro/Am),97.68
Gulf Racing Middle East #29,24,9,Gulf Racing Middle East,Lola B12/80 Coupé - Nissan,LMP2,,Interlagos,6,2012,194,6:02:35.122,53 Laps,1 Laps,Dunlop,Classified,126.0,1:29.754,172.8,Fabien Giroix,Keiko Ihara,Jean-Denis Deletraz,2012_Interlagos,LMP2,LMP2,89.754
Oak Racing #35,25,10,Oak Racing,Morgan - Nissan,LMP2,,Interlagos,6,2012,164,4:15:45.211,83 Laps,30 Laps,Dunlop,Not classified,151.0,1:28.999,174.3,Bertrand Baguette,Dominik Kraihamer,Alex Brundle,2012_Interlagos,LMP2,LMP2,88.999
Signatech Nissan #23,26,11,Signatech Nissan,Oreca 03 - Nissan,LMP2,,Interlagos,6,2012,96,2:29:25.502,151 Laps,68 Laps,Dunlop,Not classified,4.0,1:29.374,173.6,Franck Mailleux,Olivier Lombard,Jordan Tresson,2012_Interlagos,LMP2,LMP2,89.374
Krohn Racing #57,27,5,Krohn Racing,Ferrari F458 Italia,LMGTE Am,,Interlagos,6,2012,1,2:09.020,246 Laps,95 Laps,Michelin,Not classified,,,,Tracy Krohn,Niclas Jönsson,Michele Rugolo,2012_Interlagos,LMGTE Am,GT (GTE Pro/Am),
Larbre Competition #50,28,6,Larbre Competition,Chevrolet Corvette C6-ZR1,LMGTE Am,,Interlagos,6,2012,216,6:02:18.896,31 Laps,-215 Laps,Michelin,Excluded,193.0,1:36.293,161.1,Patrick Bornhauser,Julien Canal,Fernando Rees,2012_Interlagos,LMGTE Am,GT (GTE Pro/Am),96.293
Audi Sport Team Joest #1,1,1,Audi Sport Team Joest,Audi R18 e-tron quattro,LMP1,,LeMans,24,2012,378,24:01:16.128,,,Michelin,Classified,318.0,3:25.706,238.5,Marcel Fässler,André Lotterer,Benoit Tréluyer,2012_LeMans,LMP1,Top Class (LMP1/Hypercar),205.706
Audi Sport Team Joest #2,2,2,Audi Sport Team Joest,Audi R18 e-tron quattro,LMP1,,LeMans,24,2012,377,24:01:16.256,1 Laps,1 Laps,Michelin,Classified,355.0,3:24.276,240.2,Dindo Capello,Tom Kristensen,Allan McNish,2012_LeMans,LMP1,Top Class (LMP1/Hypercar),204.276
Audi Sport North America #4,3,3,Audi Sport North America,Audi R18 Ultra,LMP1,,LeMans,24,2012,375,24:01:16.936,3 Laps,2 Laps,Michelin,Classified,330.0,3:25.514,238.7,Marco Bonanomi,Oliver Jarvis,Mike Rockenfeller,2012_LeMans,LMP1,Top Class (LMP1/Hypercar),205.514
Rebellion Racing #12,4,4,Rebellion Racing,Lola B12/60 Coupe - Toyota,LMP1,,LeMans,24,2012,367,24:01:18.989,11 Laps,8 Laps,Michelin,Classified,345.0,3:29.664,234.0,Nicolas Prost,Neel Jani,Nick Heidfeld,2012_LeMans,LMP1,Top Class (LMP1/Hypercar),209.664
Audi Sport Team Joest #3,5,5,Audi Sport Team Joest,Audi R18 Ultra,LMP1,,LeMans,24,2012,366,24:01:17.170,12 Laps,1 Laps,Michelin,Classified,269.0,3:24.189,240.3,Romain Dumas,Loic Duval,Marc Gené,2012_LeMans,LMP1,Top Class (LMP1/Hypercar),204.189
JRM #22,6,6,JRM,HPD ARX  03a - Honda,LMP1,,LeMans,24,2012,357,24:04:35.578,21 Laps,9 Laps,Michelin,Classified,281.0,3:33.242,230.1,David Brabham,Karun Chandhok,Peter Dumbreck,2012_LeMans,LMP1,Top Class (LMP1/Hypercar),213.242
Starworks Motorsports #44,7,1,Starworks Motorsports,HPD ARX 03b - Honda,LMP2,,LeMans,24,2012,354,24:02:38.417,24 Laps,3 Laps,Dunlop,Classified,337.0,3:41.024,222.0,Vicente Potolicchio,Ryan Dalziel,Thomas Kimber-Smith,2012_LeMans,LMP2,LMP2,221.024
Thiriet By TDS Racing #46,8,2,Thiriet By TDS Racing,Oreca 03 - Nissan,LMP2,,LeMans,24,2012,353,24:01:26.973,25 Laps,1 Laps,Dunlop,Classified,294.0,3:40.728,222.3,Mathias Beche,Pierre Thiriet,Christophe Tinseau,2012_LeMans,LMP2,LMP2,220.728
Pecom Racing #49,9,3,Pecom Racing,Oreca 03 - Nissan,LMP2,,LeMans,24,2012,352,24:01:29.749,26 Laps,1 Laps,Dunlop,Classified,263.0,3:39.641,223.4,Luis Perez Companc,Soheil Ayari,Pierre Kaffer,2012_LeMans,LMP2,LMP2,219.641
Signatech Nissan #26,10,4,Signatech Nissan,Oreca 03 - Nissan,LMP2,,LeMans,24,2012,351,24:04:43.093,27 Laps,1 Laps,Dunlop,Classified,299.0,3:41.860,221.2,Nelson Panciatici,Pierre Ragues,Roman Rusinov,2012_LeMans,LMP2,LMP2,221.86
Rebellion Racing #13,11,7,Rebellion Racing,Lola B12/60 Coupe - Toyota,LMP1,,LeMans,24,2012,350,24:04:36.816,28 Laps,1 Laps,Michelin,Classified,336.0,3:32.151,231.3,Andrea Belicchi,Harold Primat,Jeroen Bleekemolen,2012_LeMans,LMP1,Top Class (LMP1/Hypercar),212.151
Greaves Motorsport #41,12,5,Greaves Motorsport,Zytek Z11SN - Nissan,LMP2,,LeMans,24,2012,348,24:02:13.904,30 Laps,2 Laps,Dunlop,Classified,331.0,3:41.316,221.7,Christian Zugel,Ricardo Gonzalez,Elton Julian,2012_LeMans,LMP2,LMP2,221.316
ADR-Delta #25,13,6,ADR-Delta,Oreca 03 - Nissan,LMP2,,LeMans,24,2012,346,24:04:44.996,32 Laps,2 Laps,Dunlop,Classified,253.0,3:38.803,224.2,John Martin,Jan Charouz,Tor Graves,2012_LeMans,LMP2,LMP2,218.803
Oak Racing #35,14,7,Oak Racing,Morgan - Nissan,LMP2,,LeMans,24,2012,341,24:04:46.477,37 Laps,5 Laps,Dunlop,Classified,248.0,3:40.654,222.4,David Heinemeier Hansson,Bas Leinders,Maxime Martin,2012_LeMans,LMP2,LMP2,220.654
Greaves Motorsport #42,15,8,Greaves Motorsport,Zytek Z11SN - Nissan,LMP2,,LeMans,24,2012,340,24:01:55.649,38 Laps,1 Laps,Dunlop,Classified,315.0,3:40.896,222.1,Lucas Ordoñez,Martin Brundle,Alex Brundle,2012_LeMans,LMP2,LMP2,220.89600000000002
Signatech Nissan #23,16,9,Signatech Nissan,Oreca 03 - Nissan,LMP2,,LeMans,24,2012,340,24:04:43.118,38 Laps,2'47.469,Dunlop,Classified,246.0,3:41.119,221.9,Franck Mailleux,Olivier Lombard,Jordan Tresson,2012_LeMans,LMP2,LMP2,221.119
AF Corse #51,17,1,AF Corse,Ferrari 458 Italia,LMGTE Pro,,LeMans,24,2012,336,24:04:51.579,42 Laps,4 Laps,Michelin,Classified,123.0,3:56.953,207.1,Giancarlo Fisichella,Gianmaria Bruni,Toni Vilander,2012_LeMans,LMGTE Pro,GT (GTE Pro/Am),236.953
Luxury Racing #59,18,2,Luxury Racing,Ferrari 458 Italia,LMGTE Pro,,LeMans,24,2012,333,24:01:42.635,45 Laps,3 Laps,Michelin,Classified,279.0,3:56.024,207.9,Frédéric Makowiecki,Jaime Melo,Dominik Farnbacher,2012_LeMans,LMGTE Pro,GT (GTE Pro/Am),236.024
Aston Martin Racing #97,19,3,Aston Martin Racing,Aston Martin Vantage V8,LMGTE Pro,,LeMans,24,2012,332,24:01:59.049,46 Laps,1 Laps,Michelin,Classified,276.0,3:54.928,208.8,Adrian Fernandez,Stefan Mücke,Darren Turner,2012_LeMans,LMGTE Pro,GT (GTE Pro/Am),234.928
Larbre Competition #50,20,1,Larbre Competition,Chevrolet Corvette C6 ZR1,LMGTE Am,,LeMans,24,2012,329,24:05:37.413,49 Laps,3 Laps,Michelin,Classified,313.0,3:58.534,205.7,Patrick Bornhauser,Julien Canal,Pedro Lamy,2012_LeMans,LMGTE Am,GT (GTE Pro/Am),238.534
Imsa Performance Matmut #67,21,2,Imsa Performance Matmut,Porsche 911 RSR (997),LMGTE Am,,LeMans,24,2012,328,24:05:11.893,50 Laps,1 Laps,Michelin,Classified,281.0,3:58.579,205.7,Nicolas Armindo,Raymond Narac,Anthony Pons,2012_LeMans,LMGTE Am,GT (GTE Pro/Am),238.579
AF Corse #71,22,4,AF Corse,Ferrari 458 Italia,LMGTE Pro,,LeMans,24,2012,326,24:01:19.501,52 Laps,2 Laps,Michelin,Classified,306.0,3:57.163,206.9,Andrea Bertolini,Olivier Beretta,Marco Cioci,2012_LeMans,LMGTE Pro,GT (GTE Pro/Am),237.163
Corvette Racing #73,23,5,Corvette Racing,Chevrolet Corvette C6 ZR1,LMGTE Pro,,LeMans,24,2012,326,24:04:30.411,52 Laps,3'10.910,Michelin,Classified,308.0,3:56.216,207.7,Jordan Taylor,Antonio Garcia,Jan Magnussen,2012_LeMans,LMGTE Pro,GT (GTE Pro/Am),236.216
Boutsen Ginion Racing #45,24,10,Boutsen Ginion Racing,Oreca 03 - Nissan,LMP2,,LeMans,24,2012,325,24:01:53.828,53 Laps,1 Laps,Dunlop,Classified,273.0,3:40.491,222.5,Bastien Briere,Jens Petersen,Shinji Nakano,2012_LeMans,LMP2,LMP2,220.49099999999999
Krohn Racing #57,25,3,Krohn Racing,Ferrari 458 Italia,LMGTE Am,,LeMans,24,2012,323,24:04:00.903,55 Laps,2 Laps,Dunlop,Classified,275.0,4:00.608,203.9,Tracy Krohn,Niclas Jönsson,Michele Rugolo,2012_LeMans,LMGTE Am,GT (GTE Pro/Am),240.608
Race Performance #40,26,11,Race Performance,Oreca 03 - Judd,LMP2,,LeMans,24,2012,320,24:04:37.832,58 Laps,3 Laps,Dunlop,Classified,279.0,3:42.165,220.8,Michel Frey,Jonathan Hirschi,Ralph Meichtry,2012_LeMans,LMP2,LMP2,222.165
Flying Lizard Motorsports #79,27,4,Flying Lizard Motorsports,Porsche 911 RSR (997),LMGTE Am,,LeMans,24,2012,313,24:02:56.092,65 Laps,7 Laps,Michelin,Classified,225.0,3:56.596,207.4,Seth Neiman,Patrick Pilet,Spencer Pumpelly,2012_LeMans,LMGTE Am,GT (GTE Pro/Am),236.596
Larbre Competition #70,28,5,Larbre Competition,Chevrolet Corvette C6 ZR1,LMGTE Am,,LeMans,24,2012,309,24:04:59.073,69 Laps,4 Laps,Michelin,Classified,266.0,4:00.679,203.9,Jean-Philippe Belloc,Christophe Bourret,Pascal Gibon,2012_LeMans,LMGTE Am,GT (GTE Pro/Am),240.679
Extreme Limit Aric #43,29,12,Extreme Limit Aric,Norma MP 2000 - Judd,LMP2,,LeMans,24,2012,308,24:04:26.394,70 Laps,1 Laps,Dunlop,Classified,155.0,3:50.571,212.8,Fabien Rosier,Philippe Thirion,Philippe Haezebrouck,2012_LeMans,LMP2,LMP2,230.571
Strakka Racing #21,30,8,Strakka Racing,HPD ARX  03a - Honda,LMP1,,LeMans,24,2012,303,24:01:47.873,75 Laps,5 Laps,Michelin,Classified,267.0,3:31.529,232.0,Nick Leventis,Danny Watts,Jonny Kane,2012_LeMans,LMP1,Top Class (LMP1/Hypercar),211.529
AF Corse-Waltrip #61,31,6,AF Corse-Waltrip,Ferrari 458 Italia,LMGTE Am,,LeMans,24,2012,294,24:06:07.267,84 Laps,9 Laps,Michelin,Classified,237.0,3:58.821,205.4,Robert Kauffman,Rui Aguas,Brian Vickers,2012_LeMans,LMGTE Am,GT (GTE Pro/Am),238.821
JMB  Racing #83,32,7,JMB  Racing,Ferrari 458 Italia,LMGTE Am,,LeMans,24,2012,292,24:01:20.206,86 Laps,2 Laps,Michelin,Classified,246.0,4:02.213,202.6,Manuel Rodrigues,Alain Ferte,Philippe Illiano,2012_LeMans,LMGTE Am,GT (GTE Pro/Am),242.213
JWA-Avila #55,33,8,JWA-Avila,Porsche 911 RSR (997),LMGTE Am,,LeMans,24,2012,290,24:06:03.393,88 Laps,2 Laps,Pirelli,Classified,244.0,4:04.333,200.8,Joël Camathias,Markus Palttala,Paul Daniels,2012_LeMans,LMGTE Am,GT (GTE Pro/Am),244.333
Corvette Racing #74,34,6,Corvette Racing,Chevrolet Corvette C6 ZR1,LMGTE Pro,,LeMans,24,2012,215,24:04:30.368,163 Laps,75 Laps,Michelin,Not classified,168.0,3:56.835,207.2,Oliver Gavin,Tommy Milner,Richard Westbrook,2012_LeMans,LMGTE Pro,GT (GTE Pro/Am),236.835
Pescarolo Team #17,35,9,Pescarolo Team,Dome - Judd,LMP1,,LeMans,24,2012,203,24:08:45.196,175 Laps,12 Laps,Michelin,Not classified,37.0,3:33.560,229.7,Sébastien Bourdais,Nicolas Minassian,Seiji Ara,2012_LeMans,LMP1,Top Class (LMP1/Hypercar),213.56
Jota #38,36,13,Jota,Zytek Z11SN - Nissan,LMP2,,LeMans,24,2012,271,19:43:53.342,107 Laps,-68 Laps,Dunlop,Retired,96.0,3:41.683,221.3,Simon Dolan,Sam Hancock,Haruki Kurosawa,2012_LeMans,LMP2,LMP2,221.683
Level 5 Motorsport #33,37,14,Level 5 Motorsport,HPD ARX 03b - Honda,LMP2,,LeMans,24,2012,240,16:41:11.482,138 Laps,31 Laps,Dunlop,Retired,216.0,3:42.230,220.8,Scott Tucker,Christophe Bouchut,Luis Diaz,2012_LeMans,LMP2,LMP2,222.23
Status Grand Prix #30,38,15,Status Grand Prix,Lola - Judd,LMP2,,LeMans,24,2012,239,17:42:31.931,139 Laps,1 Laps,Dunlop,Retired,225.0,3:41.976,221.0,Alexander Sims,Yelmer Buurman,Romain Ianneta,2012_LeMans,LMP2,LMP2,221.976
Team Felbermayr-Proton #88,39,9,Team Felbermayr-Proton,Porsche 911 RSR (997),LMGTE Am,,LeMans,24,2012,222,16:49:48.773,156 Laps,17 Laps,Michelin,Retired,171.0,4:00.305,204.2,Christian Ried,Gianluca Roda,Paolo Ruberti,2012_LeMans,LMGTE Am,GT (GTE Pro/Am),240.305
Oak Racing #15,40,10,Oak Racing,Oak Pescarolo - Judd,LMP1,,LeMans,24,2012,219,15:50:06.133,159 Laps,3 Laps,Dunlop,Retired,53.0,3:36.321,226.8,Franck Montagny,Bertrand Baguette,Dominik Kraihamer,2012_LeMans,LMP1,Top Class (LMP1/Hypercar),216.321
JMW Motorsport #66,41,7,JMW Motorsport,Ferrari 458 Italia,LMGTE Pro,,LeMans,24,2012,204,15:20:07.607,174 Laps,15 Laps,Dunlop,Retired,51.0,4:00.827,203.7,James Walker,Jonny Cocker,Roger Wills,2012_LeMans,LMGTE Pro,GT (GTE Pro/Am),240.827
Murphy Prototypes #48,42,16,Murphy Prototypes,Oreca 03 - Nissan,LMP2,,LeMans,24,2012,196,13:25:07.987,182 Laps,8 Laps,Dunlop,Retired,184.0,3:40.770,222.2,Jody Firth,Warren Hughes,Brendon Hartley,2012_LeMans,LMP2,LMP2,220.77
Team Felbermayr-Proton #77,43,8,Team Felbermayr-Proton,Porsche 911 RSR (997),LMGTE Pro,,LeMans,24,2012,184,13:17:06.976,194 Laps,12 Laps,Michelin,Retired,116.0,3:58.520,205.7,Marc Lieb,Richard Lietz,Wolf Henzler,2012_LeMans,LMGTE Pro,GT (GTE Pro/Am),238.52
Prospeed Competition #75,44,10,Prospeed Competition,Porsche 911 RSR (997),LMGTE Am,,LeMans,24,2012,180,13:43:15.689,198 Laps,4 Laps,Michelin,Retired,147.0,4:00.546,204.0,Abdulaziz Alfaisal,Bret Curtis,Sean Edwards,2012_LeMans,LMGTE Am,GT (GTE Pro/Am),240.546
Lotus #31,45,17,Lotus,Lola B12/80 Coupe - Lotus,LMP2,,LeMans,24,2012,155,11:13:13.295,223 Laps,25 Laps,Dunlop,Retired,42.0,3:46.261,216.8,Thomas Holzer,Mirco Schultis,Luca Moro,2012_LeMans,LMP2,LMP2,226.261
Luxury Racing #58,46,11,Luxury Racing,Ferrari 458 Italia,LMGTE Am,,LeMans,24,2012,146,11:13:03.950,232 Laps,9 Laps,Michelin,Retired,85.0,4:01.171,203.4,Pierre Ehret,Franck Montecalvo,Gunnar Jeannette,2012_LeMans,LMGTE Am,GT (GTE Pro/Am),241.171
Oak Racing #24,47,18,Oak Racing,Morgan - Judd,LMP2,,LeMans,24,2012,139,9:35:11.089,239 Laps,7 Laps,Dunlop,Retired,43.0,3:41.838,221.2,Jacques Nicolet,Matthieu Lahaye,Olivier Pla,2012_LeMans,LMP2,LMP2,221.838
Toyota Racing #7,48,11,Toyota Gazoo Racing,Toyota TS 030 - Hybrid,LMP1,,LeMans,24,2012,134,10:33:50.049,244 Laps,5 Laps,Michelin,Retired,62.0,3:27.088,236.9,Alexander Wurz,Nicolas Lapierre,Kazuki Nakajima,2012_LeMans,LMP1,Top Class (LMP1/Hypercar),207.088
Flying Lizard Motorsports #80,49,9,Flying Lizard Motorsports,Porsche 911 RSR (997),LMGTE Pro,,LeMans,24,2012,114,9:12:21.190,264 Laps,20 Laps,Michelin,Retired,82.0,3:57.824,206.3,Jörg Bergmeister,Patrick Long,Marco Holzer,2012_LeMans,LMGTE Pro,GT (GTE Pro/Am),237.824
Gulf Racing Middle East #28,50,19,Gulf Racing Middle East,Lola  B12/80 Coupe - Nissan,LMP2,,LeMans,24,2012,92,9:25:36.580,286 Laps,22 Laps,Dunlop,Retired,25.0,3:45.353,217.7,Fabien Giroix,Stefan Johansson,Ludovic Badey,2012_LeMans,LMP2,LMP2,225.353
Toyota Racing #8,51,12,Toyota Gazoo Racing,Toyota TS 030 - Hybrid,LMP1,,LeMans,24,2012,82,4:57:28.585,296 Laps,10 Laps,Michelin,Retired,70.0,3:27.101,236.9,Anthony Davidson,Sébastien Buemi,Stéphane Sarrazin,2012_LeMans,LMP1,Top Class (LMP1/Hypercar),207.101
Highcroft Racing #0,52,1,Highcroft Racing,Delta Wing Nissan,CDNT,,LeMans,24,2012,75,6:09:12.395,303 Laps,7 Laps,Michelin,Retired,39.0,3:45.737,217.4,Marino Franchitti,Michael Krumm,Satoshi Motoyama,2012_LeMans,Experimental,Experimental,225.737
AF Corse #81,53,12,AF Corse,Ferrari 458 Italia,LMGTE Am,,LeMans,24,2012,70,4:57:09.020,308 Laps,5 Laps,Michelin,Retired,56.0,4:03.041,201.9,Piergiuseppe Perazzini,Nicola Cadei,Matt Griffin,2012_LeMans,LMGTE Am,GT (GTE Pro/Am),243.041
Aston Martin Racing #99,54,13,Aston Martin Racing,Aston Martin Vantage V8,LMGTE Am,,LeMans,24,2012,31,3:37:12.321,347 Laps,39 Laps,Michelin,Retired,11.0,3:58.934,205.3,Allan Simonsen,Christoffer Nygaard,Kristian Poulsen,2012_LeMans,LMGTE Am,GT (GTE Pro/Am),238.934
Pescarolo Team #16,55,13,Pescarolo Team,Pescarolo 03 - Judd,LMP1,,LeMans,24,2012,20,3:05:19.776,358 Laps,11 Laps,Michelin,Retired,11.0,3:44.206,218.8,Emmanuel Collard,Stuart Hall,,2012_LeMans,LMP1,Top Class (LMP1/Hypercar),224.20600000000002
Gulf Racing Middle East #29,56,20,Gulf Racing Middle East,Lola  B12/80 Coupe - Nissan,LMP2,,LeMans,24,2012,17,1:07:41.979,361 Laps,3 Laps,Dunlop,Retired,16.0,3:49.076,214.2,Jean-Denis Deletraz,Keiko Ihara,Marc Rostan,2012_LeMans,LMP2,LMP2,229.076
Audi Sport Team Joest #2,1,1,Audi Sport Team Joest,Audi R18,LM P1,,Sebring,12,2012,325,12:00:15.243,,,Michelin,Classified,238.0,1:47.534,201.5,Dindo Capello,Tom Kristensen,Allan McNish,2012_Sebring,LMP1,Top Class (LMP1/Hypercar),107.53399999999999
Audi Sport Team Joest #3,2,2,Audi Sport Team Joest,Audi R18,LM P1,,Sebring,12,2012,321,12:00:42.168,4 Laps,4 Laps,Michelin,Classified,157.0,1:47.438,201.6,Timo Bernhard,Romain Dumas,Loic Duval,2012_Sebring,LMP1,Top Class (LMP1/Hypercar),107.438
Starworks Motorsports #44,3,1,Starworks Motorsports,HPD ARX 03b - Honda,LM P2,,Sebring,12,2012,319,12:01:28.511,6 Laps,2 Laps,Dunlop,Classified,164.0,1:52.295,192.9,Vicente Potolicchio,Ryan Dalziel,Stéphane Sarrazin,2012_Sebring,LMP2,LMP2,112.295
Oak Racing #24,4,2,Oak Racing,Morgan - Judd,LM P2,,Sebring,12,2012,318,12:01:02.039,7 Laps,1 Laps,Dunlop,Classified,186.0,1:51.306,194.6,Jacques Nicolet,Matthieu Lahaye,Olivier Pla,2012_Sebring,LMP2,LMP2,111.306
Pescarolo Team #16,5,3,Pescarolo Team,Pescarolo - Judd,LM P1,,Sebring,12,2012,318,12:01:08.914,7 Laps,6.875,Michelin,Classified,234.0,1:51.285,194.7,Emmanuel Collard,Jean-Christophe Boullion,Julien Jousse,2012_Sebring,LMP1,Top Class (LMP1/Hypercar),111.285
Pecom Racing #49,6,3,Pecom Racing,Oreca 03 - Nissan,LM P2,,Sebring,12,2012,317,12:01:23.639,8 Laps,1 Laps,Dunlop,Classified,187.0,1:52.616,192.4,Luis Perez Companc,Soheil Ayari,Pierre Kaffer,2012_Sebring,LMP2,LMP2,112.616
Greaves Motorsport #41,7,4,Greaves Motorsport,Zytek Z11SN - Nissan,LM P2,,Sebring,12,2012,316,12:00:44.900,9 Laps,1 Laps,Dunlop,Classified,6.0,1:53.506,190.9,Christian Zugel,Ricardo Gonzalez,Elton Julian,2012_Sebring,LMP2,LMP2,113.506
Strakka Racing #21,8,4,Strakka Racing,HPD ARX 03a - Honda,LM P1,,Sebring,12,2012,316,12:01:42.494,9 Laps,57.594,Michelin,Classified,277.0,1:50.348,196.3,Nick Leventis,Danny Watts,Jonny Kane,2012_Sebring,LMP1,Top Class (LMP1/Hypercar),110.348
ADR-Delta #25,9,5,ADR-Delta,Oreca 03 - Nissan,LM P2,,Sebring,12,2012,315,12:03:40.489,10 Laps,1 Laps,Dunlop,Classified,264.0,1:52.929,191.8,Tor Graves,Robbie Kerr,John Martin,2012_Sebring,LMP2,LMP2,112.929
Lotus #31,10,6,Lotus,Lola B12/80 Coupé - Lotus,LM P2,,Sebring,12,2012,310,11:59:56.852,15 Laps,5 Laps,Dunlop,Classified,22.0,1:54.474,189.3,Thomas Holzer,Mirco Shultis,Luca Moro,2012_Sebring,LMP2,LMP2,114.47399999999999
Audi Sport Team Joest #1,11,5,Audi Sport Team Joest,Audi R18,LM P1,,Sebring,12,2012,310,12:02:02.296,15 Laps,2'05.444,Michelin,Classified,252.0,1:46.567,203.3,Marcel Fässler,André Lotterer,Benoit Tréluyer,2012_Sebring,LMP1,Top Class (LMP1/Hypercar),106.56700000000001
JRM #22,12,6,JRM,HPD ARX 03a - Honda,LM P1,,Sebring,12,2012,309,12:03:13.341,16 Laps,1 Laps,Michelin,Classified,163.0,1:49.482,197.9,David Brabham,Karun Chandhok,Peter Dumbreck,2012_Sebring,LMP1,Top Class (LMP1/Hypercar),109.482
AF Corse #71,13,1,AF Corse,Ferrari F458 Italia,LM GTE Pro,,Sebring,12,2012,307,12:01:26.088,18 Laps,2 Laps,Michelin,Classified,120.0,2:00.504,179.8,Andrea Bertolini,Olivier Beretta,Marco Cioci,2012_Sebring,LMGTE Pro,GT (GTE Pro/Am),120.504
Team Felbermayr-Proton #77,14,2,Team Felbermayr-Proton,Porsche 911 RSR (997),LM GTE Pro,,Sebring,12,2012,306,12:01:22.371,19 Laps,1 Laps,Michelin,Classified,226.0,2:01.225,178.7,Marc Lieb,Richard Lietz,Patrick Pilet,2012_Sebring,LMGTE Pro,GT (GTE Pro/Am),121.225
Team Felbermayr-Proton #88,15,1,Team Felbermayr-Proton,Porsche 911 RSR (997),LM GTE Am,,Sebring,12,2012,298,12:00:19.336,27 Laps,8 Laps,Michelin,Classified,205.0,2:02.445,176.9,Christian Ried,Gianluca Roda,Paolo Ruberti,2012_Sebring,LMGTE Am,GT (GTE Pro/Am),122.445
Larbre Competition #70,16,2,Larbre Competition,Chevrolet Corvette C6-ZR1,LM GTE Am,,Sebring,12,2012,297,12:00:41.989,28 Laps,1 Laps,Michelin,Classified,48.0,2:02.892,176.3,Jean-Phillipe Belloc,Christophe Bourret,Pascal Gibon,2012_Sebring,LMGTE Am,GT (GTE Pro/Am),122.892
Rebellion Racing #12,17,7,Rebellion Racing,Lola B12/60 Coupé - Toyota,LM P1,,Sebring,12,2012,296,12:00:20.972,29 Laps,1 Laps,Michelin,Classified,140.0,1:49.946,197.0,Nicolas Prost,Neel Jani,Nick Heidfeld,2012_Sebring,LMP1,Top Class (LMP1/Hypercar),109.946
Aston Martin Racing #97,18,3,Aston Martin Racing,Aston Martin Vantage V8,LM GTE Pro,,Sebring,12,2012,292,12:02:18.900,33 Laps,4 Laps,Michelin,Classified,219.0,2:00.606,179.6,Adrian Fernandez,Stefan Mücke,Darren Turner,2012_Sebring,LMGTE Pro,GT (GTE Pro/Am),120.606
Rebellion Racing #13,19,8,Rebellion Racing,Lola B12/60 Coupé - Toyota,LM P1,,Sebring,12,2012,291,12:01:29.678,34 Laps,1 Laps,Michelin,Classified,164.0,1:49.477,197.9,Andrea Belicchi,Harold Primat,Jeroen Bleekemolen,2012_Sebring,LMP1,Top Class (LMP1/Hypercar),109.477
Larbre Competition #50,20,3,Larbre Competition,Chevrolet Corvette C6-ZR1,LM GTE Am,,Sebring,12,2012,288,11:38:19.629,37 Laps,3 Laps,Michelin,Classified,211.0,2:02.701,176.6,Patrick Bornhauser,Julien Canal,Pedro Lamy,2012_Sebring,LMGTE Am,GT (GTE Pro/Am),122.701
AF Corse-Waltrip #61,21,4,AF Corse-Waltrip,Ferrari F458 Italia,LM GTE Am,,Sebring,12,2012,283,12:01:29.790,42 Laps,5 Laps,Michelin,Classified,243.0,2:01.746,178.0,Robert Kauffman,Michael Waltrip,Rui Aguas,2012_Sebring,LMGTE Am,GT (GTE Pro/Am),121.746
Gulf Racing Middle East #28,22,7,Gulf Racing Middle East,Lola B12/80 Coupé - Nissan,LM P2,,Sebring,12,2012,276,12:00:08.974,49 Laps,7 Laps,Dunlop,Classified,55.0,1:55.907,186.9,Fabien Giroix,Maxime Jousse,Stefan Johansson,2012_Sebring,LMP2,LMP2,115.907
Krohn Racing #57,23,5,Krohn Racing,Ferrari F458 Italia,LM GTE Am,,Sebring,12,2012,265,12:01:17.842,60 Laps,11 Laps,Dunlop,Classified,164.0,2:01.818,177.8,Tracy Krohn,Niclas Jönsson,Michele Rugolo,2012_Sebring,LMGTE Am,GT (GTE Pro/Am),121.818
JWA-Avila #55,24,6,JWA-Avila,Porsche 911 RSR (997),LM GTE Am,,Sebring,12,2012,253,12:02:44.756,72 Laps,12 Laps,Pirelli,Classified,224.0,2:04.412,174.1,Jöel Camathias,Markus Palttala,Bill Binnie,2012_Sebring,LMGTE Am,GT (GTE Pro/Am),124.412
Oak Racing #15,25,9,Oak Racing,Oak Pescarolo - Judd,LM P1,,Sebring,12,2012,233,9:01:22.907,92 Laps,20 Laps,Dunlop,Classified,233.0,1:49.905,197.1,Guillaume Moreau,Bertrand Baguette,Dominik Kraihamer,2012_Sebring,LMP1,Top Class (LMP1/Hypercar),109.905
Signatech Nissan #23,26,8,Signatech Nissan,Oreca 03 - Nissan,LM P2,,Sebring,12,2012,85,3:04:50.867,240 Laps,148 Laps,Dunlop,Not classified,20.0,1:53.936,190.1,Franck Mailleux,Olivier Lombard,Jordan Tresson,2012_Sebring,LMP2,LMP2,113.936
Luxury Racing #59,27,4,Luxury Racing,Ferrari F458 Italia,LM GTE Pro,,Sebring,12,2012,83,3:13:23.687,242 Laps,2 Laps,Michelin,Not classified,19.0,2:00.702,179.5,Frédéric Makowiecki,Jaime Melo,Jean-Karl Vernay,2012_Sebring,LMGTE Pro,GT (GTE Pro/Am),120.702
Luxury Racing #58,28,7,Luxury Racing,Ferrari F458 Italia,LM GTE Am,,Sebring,12,2012,0,,325 Laps,83 Laps,Michelin,Not classified,,,,Pierre Ehret,Dominik Farnbacher,François Jakubowski,2012_Sebring,LMGTE Am,GT (GTE Pro/Am),
AF Corse #51,29,5,AF Corse,Ferrari F458 Italia,LM GTE Pro,,Sebring,12,2012,214,12:01:18.487,111 Laps,-214 Laps,Michelin,Excluded,196.0,2:00.123,180.4,Giancarlo Fisichella,Gianmaria Bruni,Toni Vilander,2012_Sebring,LMGTE Pro,GT (GTE Pro/Am),120.123
Audi Sport Team Joest #2,1,1,Audi Sport Team Joest,Audi R18 e-tron quattro,LMP1,,Silverstone,6,2013,197,6:00:01.686,,,Michelin,Classified,192.0,1:42.767,206.3,Tom KRISTENSEN,Loïc DUVAL,Allan McNISH,2013_Silverstone,LMP1,Top Class (LMP1/Hypercar),102.767
Audi Sport Team Joest #1,2,2,Audi Sport Team Joest,Audi R18 e-tron quattro,LMP1,,Silverstone,6,2013,197,6:00:05.148,3.462,3.462,Michelin,Classified,163.0,1:42.926,206.0,André LOTTERER,Benoit TRÉLUYER,Marcel FÄSSLER,2013_Silverstone,LMP1,Top Class (LMP1/Hypercar),102.926
Toyota Racing #8,3,3,Toyota Gazoo Racing,Toyota TS030 - Hybrid,LMP1,,Silverstone,6,2013,196,6:00:18.506,1 Laps,1 Laps,Michelin,Classified,172.0,1:43.196,205.5,Anthony DAVIDSON,Sébastien BUEMI,Stéphane SARRAZIN,2013_Silverstone,LMP1,Top Class (LMP1/Hypercar),103.196
Toyota Racing #7,4,4,Toyota Gazoo Racing,Toyota TS030 - Hybrid,LMP1,,Silverstone,6,2013,196,6:01:23.062,1 Laps,1'04.556,Michelin,Classified,69.0,1:43.741,204.4,Alexander WURZ,Nicolas LAPIERRE,,2013_Silverstone,LMP1,Top Class (LMP1/Hypercar),103.741
Rebellion Racing #12,5,5,Rebellion Racing,Lola B12/60 Coupé - Toyota,LMP1,,Silverstone,6,2013,193,6:00:41.942,4 Laps,3 Laps,Michelin,Classified,3.0,1:44.985,202.0,Nicolas PROST,Neel JANI,Nick HEIDFELD,2013_Silverstone,LMP1,Top Class (LMP1/Hypercar),104.985
Rebellion Racing #13,6,6,Rebellion Racing,Lola B12/60 Coupé - Toyota,LMP1,,Silverstone,6,2013,190,6:01:40.359,7 Laps,3 Laps,Michelin,Classified,150.0,1:45.732,200.5,Andrea BELICCHI,Mathias BECHE,Cong Fu CHENG,2013_Silverstone,LMP1,Top Class (LMP1/Hypercar),105.732
Delta-ADR #25,7,1,Delta-ADR,Oreca 03 - Nissan,LMP2,,Silverstone,6,2013,184,6:01:22.670,13 Laps,6 Laps,Dunlop,Classified,167.0,1:50.668,191.6,Tor GRAVES,Antonio PIZZONIA,James WALKER,2013_Silverstone,LMP2,LMP2,110.668
OAK Racing #24,8,2,OAK Racing,Morgan - Nissan,LMP2,,Silverstone,6,2013,183,6:00:10.857,14 Laps,1 Laps,Dunlop,Classified,170.0,1:49.603,193.5,Olivier PLA,David HEINEMEIER HANSSON,Alex BRUNDLE,2013_Silverstone,LMP2,LMP2,109.60300000000001
Pecom Racing #49,9,3,Pecom Racing,Oreca 03 - Nissan,LMP2,,Silverstone,6,2013,179,6:00:25.804,18 Laps,4 Laps,Michelin,Classified,151.0,1:51.475,190.2,Luis PEREZ COMPANC,Nicolas MINASSIAN,Pierre KAFFER,2013_Silverstone,LMP2,LMP2,111.475
OAK Racing #35,10,4,OAK Racing,Morgan - Nissan,LMP2,,Silverstone,6,2013,179,6:00:36.219,18 Laps,10.415,Dunlop,Classified,144.0,1:51.427,190.3,Bertrand BAGUETTE,Ricardo GONZALEZ,Martin PLOWMANN,2013_Silverstone,LMP2,LMP2,111.42699999999999
Greaves Motorsport #41,11,5,Greaves Motorsport,Zytek Z11SN - Nissan,LMP2,,Silverstone,6,2013,179,6:01:44.661,18 Laps,1'08.442,Dunlop,Classified,171.0,1:51.324,190.5,Chris DYSON,Michael MARSAL,Tom KIMBER-SMITH,2013_Silverstone,LMP2,LMP2,111.324
KCMG #47,12,6,KCMG,Morgan - Nissan,LMP2,,Silverstone,6,2013,179,6:01:49.606,18 Laps,4.945,Michelin,Classified,163.0,1:50.995,191.0,Alexander IMPERATORI,Matthew HOWSON,Jim KA TO,2013_Silverstone,LMP2,LMP2,110.995
G-Drive Racing #26,13,7,G-Drive Racing,Oreca 03 - Nissan,LMP2,,Silverstone,6,2013,176,6:00:04.641,21 Laps,3 Laps,Dunlop,Classified,144.0,1:49.087,194.4,Roman RUSINOV,John MARTIN,Mike CONWAY,2013_Silverstone,LMP2,LMP2,109.087
Aston Martin Racing #97,14,1,Aston Martin Racing,Aston Martin Vantage V8,LMGTE Pro,,Silverstone,6,2013,171,6:00:45.343,26 Laps,5 Laps,Michelin,Classified,3.0,2:01.732,174.2,Darren TURNER,Stefan MÜCKE,Bruno SENNA,2013_Silverstone,LMGTE Pro,GT (GTE Pro/Am),121.732
AF Corse #71,15,2,AF Corse,Ferrari F458 Italia,LMGTE Pro,,Silverstone,6,2013,170,6:00:02.941,27 Laps,1 Laps,Michelin,Classified,147.0,2:01.713,174.2,Kamui KOBAYASHI,Toni VILANDER,,2013_Silverstone,LMGTE Pro,GT (GTE Pro/Am),121.713
Aston Martin Racing #99,16,3,Aston Martin Racing,Aston Martin Vantage V8,LMGTE Pro,,Silverstone,6,2013,170,6:00:15.530,27 Laps,12.589,Michelin,Classified,55.0,2:01.426,174.6,Paul DALLA LANA,Frédéric MAKOWIECKI,Pedro LAMY,2013_Silverstone,LMGTE Pro,GT (GTE Pro/Am),121.426
Porsche AG Team Manthey #92,17,4,Porsche AG Team Manthey,Porsche 911 RSR,LMGTE Pro,,Silverstone,6,2013,170,6:01:24.647,27 Laps,1'09.117,Michelin,Classified,130.0,2:02.652,172.9,Marc LIEB,Richard LIETZ,Romain DUMAS,2013_Silverstone,LMGTE Pro,GT (GTE Pro/Am),122.652
AF Corse #51,18,5,AF Corse,Ferrari F458 Italia,LMGTE Pro,,Silverstone,6,2013,170,6:01:52.064,27 Laps,27.417,Michelin,Classified,142.0,2:02.252,173.4,Gianmaria BRUNI,Giancarlo FISICHELLA,,2013_Silverstone,LMGTE Pro,GT (GTE Pro/Am),122.252
Aston Martin Racing #95,19,1,Aston Martin Racing,Aston Martin Vantage V8,LMGTE Am,,Silverstone,6,2013,169,6:01:33.606,28 Laps,1 Laps,Michelin,Classified,4.0,2:02.707,172.8,Christoffer NYGAARD,Kristian POULSEN,Allan SIMONSEN,2013_Silverstone,LMGTE Am,GT (GTE Pro/Am),122.707
Porsche AG Team Manthey #91,20,6,Porsche AG Team Manthey,Porsche 911 RSR,LMGTE Pro,,Silverstone,6,2013,168,6:00:52.490,29 Laps,1 Laps,Michelin,Classified,4.0,2:02.225,173.5,Jörg BERGMEISTER,Patrick PILET,Timo BERNHARD,2013_Silverstone,LMGTE Pro,GT (GTE Pro/Am),122.225
Larbre Competition #50,21,2,Larbre Competition,Chevrolet Corvette C6-ZR1,LMGTE Am,,Silverstone,6,2013,166,6:01:22.636,31 Laps,2 Laps,Michelin,Classified,144.0,2:02.213,173.5,Patrick BORNHAUSER,Julien CANAL,Fernando REES,2013_Silverstone,LMGTE Am,GT (GTE Pro/Am),122.213
8 Star Motorsports #81,22,3,8 Star Motorsports,Ferrari F458 Italia,LMGTE Am,,Silverstone,6,2013,165,6:00:57.325,32 Laps,1 Laps,Michelin,Classified,147.0,2:03.852,171.2,Vicente POTOLICCHIO,Rui AGUAS,Philipp PETER,2013_Silverstone,LMGTE Am,GT (GTE Pro/Am),123.852
Aston Martin Racing #96,23,4,Aston Martin Racing,Aston Martin Vantage V8,LMGTE Am,,Silverstone,6,2013,165,6:01:23.069,32 Laps,25.744,Michelin,Classified,122.0,2:02.402,173.2,Roald GOETHE,Stuart HALL,Jamie CAMPBELL-WALTER,2013_Silverstone,LMGTE Am,GT (GTE Pro/Am),122.402
Proton Competition #88,24,5,Proton Competition,Porsche 911 GT3 RSR,LMGTE Am,,Silverstone,6,2013,165,6:01:51.788,32 Laps,28.719,Michelin,Classified,129.0,2:03.226,172.1,Christian RIED,Gianluca RODA,Paolo RUBERTI,2013_Silverstone,LMGTE Am,GT (GTE Pro/Am),123.226
Krohn Racing #57,25,6,Krohn Racing,Ferrari F458 Italia,LMGTE Am,,Silverstone,6,2013,164,6:00:35.068,33 Laps,1 Laps,Michelin,Classified,141.0,2:03.528,171.7,Tracy KROHN,Niclas JÖNSSON,Maurizio MEDIANI,2013_Silverstone,LMGTE Am,GT (GTE Pro/Am),123.528
IMSA Performance Matmut #76,26,7,IMSA Performance Matmut,Porsche 911 GT3 RSR,LMGTE Am,,Silverstone,6,2013,163,6:00:30.583,34 Laps,1 Laps,Michelin,Classified,28.0,2:04.819,169.9,Raymond NARAC,Christophe BOURRET,Jean-Karl VERNAY,2013_Silverstone,LMGTE Am,GT (GTE Pro/Am),124.819
OAK Racing #45,27,8,OAK Racing,Morgan - Nissan,LMP2,,Silverstone,6,2013,154,6:01:21.597,43 Laps,9 Laps,Dunlop,Classified,4.0,1:54.471,185.2,Jacques NICOLET,Jean-Marc MERLIN,,2013_Silverstone,LMP2,LMP2,114.471
AF Corse #61,28,8,AF Corse,Ferrari F458 Italia,LMGTE Am,,Silverstone,6,2013,139,6:00:09.751,58 Laps,15 Laps,Michelin,Classified,112.0,2:02.948,172.5,Jack GERBER,Matt GRIFFIN,Marco CIOCI,2013_Silverstone,LMGTE Am,GT (GTE Pro/Am),122.948
Lotus #32,29,9,Lotus,Lotus T128,LMP2,,Silverstone,6,2013,113,6:00:41.708,84 Laps,26 Laps,Dunlop,Not classified,105.0,1:53.033,187.6,Thomas HOLZER,Dominik KRAIHAMER,Jan CHAROUZ,2013_Silverstone,LMP2,LMP2,113.033
Strakka Racing #21,30,7,Strakka Racing,HPD ARX 03c - Honda,LMP1,,Silverstone,6,2013,55,1:43:35.570,142 Laps,58 Laps,Michelin,Not classified,12.0,1:47.014,198.1,Nick LEVENTIS,Danny WATTS,Jonny KANE,2013_Silverstone,LMP1,Top Class (LMP1/Hypercar),107.01400000000001
Lotus #31,31,10,Lotus,Lotus T128,LMP2,,Silverstone,6,2013,44,1:58:37.589,153 Laps,11 Laps,Dunlop,Not classified,17.0,1:56.355,182.2,Kevin WEEDA,Vitantonio LIUZZI,Christophe BOUCHUT,2013_Silverstone,LMP2,LMP2,116.35499999999999
Audi Sport Team Joest #1,1,1,Audi Sport Team Joest,Audi R18 e-tron quattro,LMP1,,Spa,6,2013,168,6:00:55.971,,,Michelin,Classified,124.0,2:00.435,209.4,André LOTTERER,Benoit TRÉLUYER,Marcel FÄSSLER,2013_Spa,LMP1,Top Class (LMP1/Hypercar),120.435
Audi Sport Team Joest #2,2,2,Audi Sport Team Joest,Audi R18 e-tron quattro,LMP1,,Spa,6,2013,168,6:02:01.786,1'05.815,1'05.815,Michelin,Classified,142.0,2:01.083,208.2,Tom KRISTENSEN,Loïc DUVAL,Allan McNISH,2013_Spa,LMP1,Top Class (LMP1/Hypercar),121.083
Audi Sport Team Joest #3,3,3,Audi Sport Team Joest,Audi R18 e-tron quattro,LMP1,,Spa,6,2013,168,6:02:50.963,1'54.992,49.177,Michelin,Classified,145.0,2:01.253,207.9,Lucas DI GRASSI,Marc GENÉ,Oliver JARVIS,2013_Spa,LMP1,Top Class (LMP1/Hypercar),121.253
Toyota Racing #8,4,4,Toyota Gazoo Racing,Toyota TS030 - Hybrid,LMP1,,Spa,6,2013,167,6:02:40.294,1 Laps,1 Laps,Michelin,Classified,140.0,2:02.052,206.6,Anthony DAVIDSON,Sébastien BUEMI,Stéphane SARRAZIN,2013_Spa,LMP1,Top Class (LMP1/Hypercar),122.052
Rebellion Racing #12,5,5,Rebellion Racing,Lola B12/60 Coupé - Toyota,LMP1,,Spa,6,2013,165,6:01:31.025,3 Laps,2 Laps,Michelin,Classified,96.0,2:03.437,204.3,Nicolas PROST,Neel JANI,Nick HEIDFELD,2013_Spa,LMP1,Top Class (LMP1/Hypercar),123.437
Rebellion Racing #13,6,6,Rebellion Racing,Lola B12/60 Coupé - Toyota,LMP1,,Spa,6,2013,165,6:01:53.232,3 Laps,22.207,Michelin,Classified,119.0,2:04.201,203.0,Andrea BELICCHI,Mathias BECHE,Cong Fu CHENG,2013_Spa,LMP1,Top Class (LMP1/Hypercar),124.201
Strakka Racing #21,7,7,Strakka Racing,HPD ARX 03c - Honda,LMP1,,Spa,6,2013,161,6:01:03.422,7 Laps,4 Laps,Michelin,Classified,36.0,2:04.640,202.3,Nick LEVENTIS,Danny WATTS,Jonny KANE,2013_Spa,LMP1,Top Class (LMP1/Hypercar),124.64
Pecom Racing #49,8,1,Pecom Racing,Oreca 03 - Nissan,LMP2,,Spa,6,2013,157,6:02:10.682,11 Laps,4 Laps,Michelin,Classified,46.0,2:09.607,194.5,Luis PEREZ COMPANC,Nicolas MINASSIAN,Pierre KAFFER,2013_Spa,LMP2,LMP2,129.607
OAK Racing #24,9,2,OAK Racing,Morgan - Nissan,LMP2,,Spa,6,2013,157,6:02:23.263,11 Laps,12.581,Dunlop,Classified,123.0,2:09.716,194.4,Olivier PLA,David HEINEMEIER HANSSON,Alex BRUNDLE,2013_Spa,LMP2,LMP2,129.716
Jota #38,10,3,Jota,Zytek Z11SN - Nissan,LMP2,,Spa,6,2013,157,6:02:39.253,11 Laps,15.990,Dunlop,Classified,128.0,2:10.623,193.0,Simon DOLAN,Oliver TURVEY,Lucas LUHR,2013_Spa,LMP2,LMP2,130.623
OAK Racing #35,11,4,OAK Racing,Morgan - Nissan,LMP2,,Spa,6,2013,156,6:02:47.680,12 Laps,1 Laps,Dunlop,Classified,140.0,2:09.294,195.0,Bertrand BAGUETTE,Ricardo GONZALEZ,Martin PLOWMAN,2013_Spa,LMP2,LMP2,129.294
G-Drive Racing #26,12,5,G-Drive Racing,Oreca 03 - Nissan,LMP2,,Spa,6,2013,152,6:00:56.783,16 Laps,4 Laps,Dunlop,Classified,60.0,2:09.537,194.6,Roman RUSINOV,John MARTIN,Mike CONWAY,2013_Spa,LMP2,LMP2,129.537
OAK Racing #45,13,6,OAK Racing,Morgan - Nissan,LMP2,,Spa,6,2013,152,6:03:11.444,16 Laps,2'14.661,Dunlop,Classified,108.0,2:14.302,187.7,Jacques NICOLET,Jean-Marc MERLIN,,2013_Spa,LMP2,LMP2,134.302
Lotus #32,14,7,Lotus,Lotus T128,LMP2,,Spa,6,2013,152,6:03:12.328,16 Laps,0.884,Dunlop,Classified,24.0,2:12.720,190.0,Thomas HOLZER,Dominik KRAIHAMER,Jan CHAROUZ,2013_Spa,LMP2,LMP2,132.72
AF Corse #51,15,1,AF Corse,Ferrari F458 Italia,LMGTE Pro,,Spa,6,2013,149,6:02:41.632,19 Laps,3 Laps,Michelin,Classified,131.0,2:19.106,181.3,Gianmaria BRUNI,Giancarlo FISICHELLA,,2013_Spa,LMGTE Pro,GT (GTE Pro/Am),139.106
Aston Martin Racing #98,16,2,Aston Martin Racing,Aston Martin Vantage V8,LMGTE Pro,,Spa,6,2013,149,6:02:50.692,19 Laps,9.060,Michelin,Classified,106.0,2:19.636,180.6,Bruno SENNA,Frédéric MAKOWIECKI,Rob BELL,2013_Spa,LMGTE Pro,GT (GTE Pro/Am),139.636
AF Corse #71,17,3,AF Corse,Ferrari F458 Italia,LMGTE Pro,,Spa,6,2013,149,6:02:51.646,19 Laps,0.954,Michelin,Classified,111.0,2:19.844,180.3,Kamui KOBAYASHI,Toni VILANDER,,2013_Spa,LMGTE Pro,GT (GTE Pro/Am),139.844
Aston Martin Racing #97,18,4,Aston Martin Racing,Aston Martin Vantage V8,LMGTE Pro,,Spa,6,2013,148,6:00:58.989,20 Laps,1 Laps,Michelin,Classified,118.0,2:19.894,180.2,Darren TURNER,Stefan MÜCKE,Peter DUMBRECK,2013_Spa,LMGTE Pro,GT (GTE Pro/Am),139.894
Porsche AG Team Manthey #92,19,5,Porsche AG Team Manthey,Porsche 911 RSR,LMGTE Pro,,Spa,6,2013,148,6:03:06.495,20 Laps,2'07.506,Michelin,Classified,104.0,2:19.617,180.6,Marc LIEB,Richard LIETZ,Romain DUMAS,2013_Spa,LMGTE Pro,GT (GTE Pro/Am),139.617
Aston Martin Racing #99,20,6,Aston Martin Racing,Aston Martin Vantage V8,LMGTE Pro,,Spa,6,2013,147,6:02:36.873,21 Laps,1 Laps,Michelin,Classified,118.0,2:20.107,180.0,Paul DALLA LANA,Pedro LAMY,Richie STANAWAY,2013_Spa,LMGTE Pro,GT (GTE Pro/Am),140.107
8 Star Motorsports #81,21,1,8 Star Motorsports,Ferrari F458 Italia,LMGTE Am,,Spa,6,2013,147,6:03:01.917,21 Laps,25.044,Michelin,Classified,125.0,2:20.601,179.3,Vicente POTOLICCHIO,Rui AGUAS,Matteo MALUCELLI,2013_Spa,LMGTE Am,GT (GTE Pro/Am),140.601
Aston Martin Racing #95,22,2,Aston Martin Racing,Aston Martin Vantage V8,LMGTE Am,,Spa,6,2013,146,6:02:37.244,22 Laps,1 Laps,Michelin,Classified,126.0,2:21.260,178.5,Christoffer NYGAARD,Kristian POULSEN,Allan SIMONSEN,2013_Spa,LMGTE Am,GT (GTE Pro/Am),141.26
Larbre Competition #50,23,3,Larbre Competition,Chevrolet Corvette C6-ZR1,LMGTE Am,,Spa,6,2013,145,6:02:13.610,23 Laps,1 Laps,Michelin,Classified,33.0,2:21.449,178.3,Patrick BORNHAUSER,Julien CANAL,Fernando REES,2013_Spa,LMGTE Am,GT (GTE Pro/Am),141.449
Lotus #31,24,8,Lotus,Lotus T128,LMP2,,Spa,6,2013,144,6:01:51.080,24 Laps,1 Laps,Dunlop,Classified,20.0,2:11.360,191.9,Kevin WEEDA,Vitantonio LIUZZI,James ROSSITER,2013_Spa,LMP2,LMP2,131.36
Aston Martin Racing #96,25,4,Aston Martin Racing,Aston Martin Vantage V8,LMGTE Am,,Spa,6,2013,144,6:02:35.285,24 Laps,44.205,Michelin,Classified,35.0,2:21.089,178.7,Roald GOETHE,Stuart HALL,Jamie CAMPBELL-WALTER,2013_Spa,LMGTE Am,GT (GTE Pro/Am),141.089
Proton Competition #88,26,5,Proton Competition,Porsche 911 GT3 RSR,LMGTE Am,,Spa,6,2013,143,6:01:00.986,25 Laps,1 Laps,Michelin,Classified,79.0,2:21.344,178.4,Christian RIED,Gianluca RODA,Paolo RUBERTI,2013_Spa,LMGTE Am,GT (GTE Pro/Am),141.344
Imsa Performance Matmut #76,27,6,Imsa Performance Matmut,Porsche 911 GT3 RSR,LMGTE Am,,Spa,6,2013,143,6:01:43.903,25 Laps,42.917,Michelin,Classified,91.0,2:23.192,176.1,Raymond NARAC,Jean-Karl VERNAY,,2013_Spa,LMGTE Am,GT (GTE Pro/Am),143.192
Krohn Racing #57,28,7,Krohn Racing,Ferrari F458 Italia,LMGTE Am,,Spa,6,2013,142,6:02:40.128,26 Laps,1 Laps,Michelin,Classified,103.0,2:23.163,176.1,Tracy KROHN,Niclas JÖNSSON,Maurizio MEDIANI,2013_Spa,LMGTE Am,GT (GTE Pro/Am),143.163
Gulf Racing Middle East #28,29,9,Gulf Racing Middle East,Lola B12/80 Coupé - Nissan,LMP2,,Spa,6,2013,140,6:01:18.056,28 Laps,2 Laps,Dunlop,Classified,123.0,2:12.841,189.8,Frédéric FATIEN,Fabien GIROIX,Keiko IHARA,2013_Spa,LMP2,LMP2,132.841
AF Corse #54,30,8,AF Corse,Ferrari F458 Italia,LMGTE Am,,Spa,6,2013,138,6:02:13.465,30 Laps,2 Laps,Michelin,Classified,80.0,2:24.999,173.9,Yannick MALLEGOL,Jean-Marc BACHELIER,Howard BLANK,2013_Spa,LMGTE Am,GT (GTE Pro/Am),144.999
AF Corse #61,31,9,AF Corse,Ferrari F458 Italia,LMGTE Am,,Spa,6,2013,125,6:01:12.597,43 Laps,13 Laps,Michelin,Classified,112.0,2:21.680,178.0,Jack GERBER,Matt GRIFFIN,Marco CIOCI,2013_Spa,LMGTE Am,GT (GTE Pro/Am),141.68
Porsche AG Team Manthey #91,32,7,Porsche AG Team Manthey,Porsche 911 RSR,LMGTE Pro,,Spa,6,2013,123,5:02:34.118,45 Laps,2 Laps,Michelin,Not classified,113.0,2:19.615,180.6,Jörg BERGMEISTER,Patrick PILET,Timo BERNHARD,2013_Spa,LMGTE Pro,GT (GTE Pro/Am),139.615
Toyota Racing #7,33,8,Toyota Gazoo Racing,Toyota TS030 - Hybrid,LMP1,,Spa,6,2013,99,3:38:54.835,69 Laps,24 Laps,Michelin,Not classified,75.0,2:01.847,206.9,Alexander WURZ,Nicolas LAPIERRE,Kazuki NAKAJIMA,2013_Spa,LMP1,Top Class (LMP1/Hypercar),121.847
Delta-ADR #25,34,10,Delta-ADR,Oreca 03 - Nissan,LMP2,,Spa,6,2013,25,59:10.749,143 Laps,74 Laps,Dunlop,Not classified,19.0,2:10.846,192.7,Tor GRAVES,Antonio PIZZONIA,James WALKER,2013_Spa,LMP2,LMP2,130.846
Toyota Racing #8,1,1,Toyota Gazoo Racing,Toyota TS030 - Hybrid,LMP1,,Bahrain,6,2013,199,6:01:15.303,,,Michelin,Classified,104.0,1:44.323,186.8,Anthony DAVIDSON,Sébastien BUEMI,Stéphane SARRAZIN,2013_Bahrain,LMP1,Top Class (LMP1/Hypercar),104.32300000000001
Audi Sport Team Joest #1,2,2,Audi Sport Team Joest,Audi R18 e-tron quattro,LMP1,,Bahrain,6,2013,199,6:02:25.888,1'10.585,1'10.585,Michelin,Classified,175.0,1:44.183,187.0,André LOTTERER,Benoit TRÉLUYER,Marcel FÄSSLER,2013_Bahrain,LMP1,Top Class (LMP1/Hypercar),104.18299999999999
G-Drive Racing #26,3,1,G-Drive Racing,Oreca 03 - Nissan,LMP2,,Bahrain,6,2013,184,6:01:15.738,15 Laps,15 Laps,Dunlop,Classified,70.0,1:52.103,173.8,Roman RUSINOV,John MARTIN,Mike CONWAY,2013_Bahrain,LMP2,LMP2,112.10300000000001
OAK Racing #24,4,2,OAK Racing,Morgan - Nissan,LMP2,,Bahrain,6,2013,184,6:02:25.635,15 Laps,1'09.897,Dunlop,Classified,141.0,1:52.751,172.8,Olivier PLA,David HEINEMEIER HANSSON,Alex BRUNDLE,2013_Bahrain,LMP2,LMP2,112.751
Greaves Motorsport #41,5,3,Greaves Motorsport,Zytek Z11SN - Nissan,LMP2,,Bahrain,6,2013,184,6:03:00.242,15 Laps,34.607,Dunlop,Classified,83.0,1:52.104,173.8,Björn WIRDHEIM,Wolfgang REIP,Jon LANCASTER,2013_Bahrain,LMP2,LMP2,112.104
OAK Racing #35,6,4,OAK Racing,Morgan - Nissan,LMP2,,Bahrain,6,2013,182,6:01:48.008,17 Laps,2 Laps,Dunlop,Classified,162.0,1:53.465,171.7,Bertrand BAGUETTE,Ricardo GONZALEZ,Martin PLOWMAN,2013_Bahrain,LMP2,LMP2,113.465
OAK Racing #45,7,5,OAK Racing,Morgan - Nissan,LMP2,,Bahrain,6,2013,180,6:03:10.062,19 Laps,2 Laps,Dunlop,Classified,25.0,1:55.673,168.4,Jacques NICOLET,Keiko IHARA,David CHENG,2013_Bahrain,LMP2,LMP2,115.673
Delta-ADR #25,8,6,Delta-ADR,Oreca 03 - Nissan,LMP2,,Bahrain,6,2013,178,6:01:56.943,21 Laps,2 Laps,Dunlop,Classified,145.0,1:53.089,172.3,Fabien GIROIX,Robbie KERR,Craig DOLBY,2013_Bahrain,LMP2,LMP2,113.089
AF Corse #51,9,1,AF Corse,Ferrari F458 Italia,LMGTE Pro,,Bahrain,6,2013,175,6:02:30.722,24 Laps,3 Laps,Michelin,Classified,120.0,2:00.350,161.9,Gianmaria BRUNI,Toni VILANDER,,2013_Bahrain,LMGTE Pro,GT (GTE Pro/Am),120.35
Porsche AG Team Manthey #91,10,2,Porsche AG Team Manthey,Porsche 911 RSR,LMGTE Pro,,Bahrain,6,2013,175,6:03:14.254,24 Laps,43.532,Michelin,Classified,4.0,2:00.315,161.9,Jörg BERGMEISTER,Patrick PILET,,2013_Bahrain,LMGTE Pro,GT (GTE Pro/Am),120.315
AF Corse #71,11,3,AF Corse,Ferrari F458 Italia,LMGTE Pro,,Bahrain,6,2013,174,6:02:30.740,25 Laps,1 Laps,Michelin,Classified,155.0,1:59.232,163.4,Kamui KOBAYASHI,Giancarlo FISICHELLA,,2013_Bahrain,LMGTE Pro,GT (GTE Pro/Am),119.232
Porsche AG Team Manthey #92,12,4,Porsche AG Team Manthey,Porsche 911 RSR,LMGTE Pro,,Bahrain,6,2013,174,6:02:54.593,25 Laps,23.853,Michelin,Classified,161.0,2:00.710,161.4,Marc LIEB,Richard LIETZ,,2013_Bahrain,LMGTE Pro,GT (GTE Pro/Am),120.71
Aston Martin Racing #95,13,1,Aston Martin Racing,Aston Martin Vantage V8,LMGTE Am,,Bahrain,6,2013,173,6:02:43.316,26 Laps,1 Laps,Michelin,Classified,149.0,2:01.465,160.4,Christoffer NYGAARD,Kristian POULSEN,Nicki THIIM,2013_Bahrain,LMGTE Am,GT (GTE Pro/Am),121.465
Pecom Racing #49,14,7,Pecom Racing,Oreca 03 - Nissan,LMP2,,Bahrain,6,2013,172,6:01:30.207,27 Laps,1 Laps,Michelin,Classified,47.0,1:51.179,175.2,Luis PEREZ COMPANC,Nicolas MINASSIAN,Pierre KAFFER,2013_Bahrain,LMP2,LMP2,111.179
8 Star Motorsports #81,15,2,8 Star Motorsports,Ferrari F458 Italia,LMGTE Am,,Bahrain,6,2013,172,6:01:34.502,27 Laps,4.295,Michelin,Classified,147.0,2:01.403,160.5,Vicente POTOLICCHIO,Rui AGUAS,Davide RIGON,2013_Bahrain,LMGTE Am,GT (GTE Pro/Am),121.403
AF Corse #61,16,3,AF Corse,Ferrari F458 Italia,LMGTE Am,,Bahrain,6,2013,172,6:03:10.219,27 Laps,1'35.717,Michelin,Classified,145.0,2:01.218,160.7,François PERRODO,Emmanuel COLLARD,Matt GRIFFIN,2013_Bahrain,LMGTE Am,GT (GTE Pro/Am),121.218
Larbre Competition #50,17,4,Larbre Competition,Chevrolet Corvette C6-ZR1,LMGTE Am,,Bahrain,6,2013,171,6:01:53.464,28 Laps,1 Laps,Michelin,Classified,35.0,2:02.544,159.0,Patrick BORNHAUSER,Julien CANAL,Fernando REES,2013_Bahrain,LMGTE Am,GT (GTE Pro/Am),122.544
Aston Martin Racing #96,18,5,Aston Martin Racing,Aston Martin Vantage V8,LMGTE Am,,Bahrain,6,2013,169,6:02:43.263,30 Laps,2 Laps,Michelin,Classified,123.0,2:02.418,159.2,Stuart HALL,Roald GOETHE,Jamie CAMPBELL-WALTER,2013_Bahrain,LMGTE Am,GT (GTE Pro/Am),122.418
IMSA Performance Matmut #76,19,6,IMSA Performance Matmut,Porsche 911 GT3 RSR,LMGTE Am,,Bahrain,6,2013,162,6:02:11.863,37 Laps,7 Laps,Michelin,Classified,120.0,2:01.743,160.0,Raymond NARAC,Jean-Karl VERNAY,Markus PALTTALA,2013_Bahrain,LMGTE Am,GT (GTE Pro/Am),121.743
Aston Martin Racing #99,20,5,Aston Martin Racing,Aston Martin Vantage V8,LMGTE Pro,,Bahrain,6,2013,145,5:01:42.114,54 Laps,17 Laps,Michelin,Not classified,61.0,2:00.728,161.4,Pedro LAMY,Bruno SENNA,Richie STANAWAY,2013_Bahrain,LMGTE Pro,GT (GTE Pro/Am),120.728
Aston Martin Racing #97,21,6,Aston Martin Racing,Aston Martin Vantage V8,LMGTE Pro,,Bahrain,6,2013,109,3:47:11.625,90 Laps,36 Laps,Michelin,Not classified,101.0,2:00.205,162.1,Darren TURNER,Stefan MÜCKE,,2013_Bahrain,LMGTE Pro,GT (GTE Pro/Am),120.205
Audi Sport Team Joest #2,22,3,Audi Sport Team Joest,Audi R18 e-tron quattro,LMP1,,Bahrain,6,2013,93,2:48:41.258,106 Laps,16 Laps,Michelin,Not classified,30.0,1:44.656,186.2,Tom KRISTENSEN,Loïc DUVAL,Allan McNISH,2013_Bahrain,LMP1,Top Class (LMP1/Hypercar),104.656
Proton Competition #88,23,7,Proton Competition,Porsche 911 GT3 RSR,LMGTE Am,,Bahrain,6,2013,86,3:43:56.408,113 Laps,7 Laps,Michelin,Not classified,5.0,2:01.903,159.8,Christian RIED,Gianluca RODA,Paolo RUBERTI,2013_Bahrain,LMGTE Am,GT (GTE Pro/Am),121.903
Krohn Racing #57,24,8,Krohn Racing,Ferrari F458 Italia,LMGTE Am,,Bahrain,6,2013,83,2:57:18.558,116 Laps,3 Laps,Michelin,Not classified,65.0,2:02.599,158.9,Tracy KROHN,Niclas JÖNSSON,Maurizio MEDIANI,2013_Bahrain,LMGTE Am,GT (GTE Pro/Am),122.599
Toyota Racing #7,25,4,Toyota Gazoo Racing,Toyota TS030 - Hybrid,LMP1,,Bahrain,6,2013,64,1:55:44.693,135 Laps,19 Laps,Michelin,Not classified,36.0,1:44.440,186.5,Alexander WURZ,Nicolas LAPIERRE,Kazuki NAKAJIMA,2013_Bahrain,LMP1,Top Class (LMP1/Hypercar),104.44
Rebellion Racing #12,26,5,Rebellion Racing,Lola B12/60 Coupé - Toyota,LMP1,,Bahrain,6,2013,44,1:22:16.426,155 Laps,20 Laps,Michelin,Not classified,3.0,1:48.223,180.0,Andrea BELICCHI,Mathias BECHE,Nicolas PROST,2013_Bahrain,LMP1,Top Class (LMP1/Hypercar),108.223
Lotus #32,27,8,Lotus,Lotus T128,LMP2,,Bahrain,6,2013,5,50:07.462,194 Laps,39 Laps,Dunlop,Not classified,4.0,2:00.773,161.3,Thomas HOLZER,Dominik KRAIHAMER,Jan CHAROUZ,2013_Bahrain,LMP2,LMP2,120.773
Lotus #31,28,9,Lotus,Lotus T128,LMP2,,Bahrain,6,2013,0,,199 Laps,5 Laps,Dunlop,Not classified,,,,Kevin WEEDA,Vitantonio LIUZZI,Lucas AUER,2013_Bahrain,LMP2,LMP2,
Audi Sport Team Joest #1,1,1,Audi Sport Team Joest,Audi R18 e-tron quattro,LMP1,,Shanghai,6,2013,190,6:01:33.343,,,Michelin,Classified,100.0,1:49.066,179.9,André LOTTERER,Benoit TRÉLUYER,Marcel FÄSSLER,2013_Shanghai,LMP1,Top Class (LMP1/Hypercar),109.066
Toyota Racing #7,2,2,Toyota Gazoo Racing,Toyota TS030 - Hybrid,LMP1,,Shanghai,6,2013,190,6:01:48.717,15.374,15.374,Michelin,Classified,106.0,1:49.383,179.4,Alexander WURZ,Nicolas LAPIERRE,,2013_Shanghai,LMP1,Top Class (LMP1/Hypercar),109.38300000000001
Audi Sport Team Joest #2,3,3,Audi Sport Team Joest,Audi R18 e-tron quattro,LMP1,,Shanghai,6,2013,189,6:03:07.001,1 Laps,1 Laps,Michelin,Classified,76.0,1:49.439,179.3,Tom KRISTENSEN,Loïc DUVAL,Allan McNISH,2013_Shanghai,LMP1,Top Class (LMP1/Hypercar),109.439
Rebellion Racing #12,4,4,Rebellion Racing,Lola B12/60 Coupé - Toyota,LMP1,,Shanghai,6,2013,185,6:02:56.776,5 Laps,4 Laps,Michelin,Classified,65.0,1:52.721,174.1,Andrea BELICCHI,Mathias BECHE,Nicolas PROST,2013_Shanghai,LMP1,Top Class (LMP1/Hypercar),112.721
G-Drive Racing #26,5,1,G-Drive Racing,Oreca 03 - Nissan,LMP2,,Shanghai,6,2013,177,6:01:41.831,13 Laps,8 Laps,Dunlop,Classified,80.0,1:56.375,168.6,Roman RUSINOV,John MARTIN,Mike CONWAY,2013_Shanghai,LMP2,LMP2,116.375
OAK Racing #24,6,2,OAK Racing,Morgan - Nissan,LMP2,,Shanghai,6,2013,177,6:02:16.071,13 Laps,34.240,Dunlop,Classified,76.0,1:57.205,167.4,Olivier PLA,David HEINEMEIER HANSSON,Alex BRUNDLE,2013_Shanghai,LMP2,LMP2,117.205
OAK Racing #35,7,3,OAK Racing,Morgan - Nissan,LMP2,,Shanghai,6,2013,177,6:02:50.620,13 Laps,34.549,Dunlop,Classified,161.0,1:56.937,167.8,Bertrand BAGUETTE,Ricardo GONZALEZ,Martin PLOWMAN,2013_Shanghai,LMP2,LMP2,116.937
Delta-ADR #25,8,4,Delta-ADR,Oreca 03 - Nissan,LMP2,,Shanghai,6,2013,176,6:01:56.400,14 Laps,1 Laps,Dunlop,Classified,131.0,1:57.745,166.7,Tor GRAVES,Robbie KERR,Craig DOLBY,2013_Shanghai,LMP2,LMP2,117.745
Greaves Motorsport #41,9,5,Greaves Motorsport,Zytek Z11SN - Nissan,LMP2,,Shanghai,6,2013,175,6:03:18.566,15 Laps,1 Laps,Dunlop,Classified,127.0,1:57.090,167.6,Mark SHULZHITSKIY,Eric LUX,Björn WIRDHEIM,2013_Shanghai,LMP2,LMP2,117.09
OAK Racing #45,10,6,OAK Racing,Morgan - Nissan,LMP2,,Shanghai,6,2013,172,6:02:36.540,18 Laps,3 Laps,Dunlop,Classified,161.0,1:59.760,163.9,Jacques NICOLET,Keiko IHARA,David CHENG,2013_Shanghai,LMP2,LMP2,119.75999999999999
Lotus #32,11,7,Lotus,Lotus T128,LMP2,,Shanghai,6,2013,172,6:03:14.905,18 Laps,38.365,Dunlop,Classified,79.0,1:58.247,166.0,Thomas HOLZER,Dominik KRAIHAMER,Jan CHAROUZ,2013_Shanghai,LMP2,LMP2,118.247
Aston Martin Racing #97,12,1,Aston Martin Racing,Aston Martin Vantage V8,LMGTE Pro,,Shanghai,6,2013,169,6:03:32.813,21 Laps,3 Laps,Michelin,Classified,3.0,2:05.490,156.4,Darren TURNER,Stefan MÜCKE,,2013_Shanghai,LMGTE Pro,GT (GTE Pro/Am),125.49
Aston Martin Racing #99,13,2,Aston Martin Racing,Aston Martin Vantage V8,LMGTE Pro,,Shanghai,6,2013,169,6:03:33.381,21 Laps,0.568,Michelin,Classified,146.0,2:04.819,157.2,Pedro LAMY,Bruno SENNA,Richie STANAWAY,2013_Shanghai,LMGTE Pro,GT (GTE Pro/Am),124.819
Porsche AG Team Manthey #91,14,3,Porsche AG Team Manthey,Porsche 911 RSR,LMGTE Pro,,Shanghai,6,2013,168,6:02:38.453,22 Laps,1 Laps,Michelin,Classified,142.0,2:05.188,156.8,Jörg BERGMEISTER,Patrick PILET,,2013_Shanghai,LMGTE Pro,GT (GTE Pro/Am),125.188
AF Corse #51,15,4,AF Corse,Ferrari F458 Italia,LMGTE Pro,,Shanghai,6,2013,168,6:03:32.228,22 Laps,53.775,Michelin,Classified,115.0,2:06.073,155.7,Gianmaria BRUNI,Giancarlo FISICHELLA,,2013_Shanghai,LMGTE Pro,GT (GTE Pro/Am),126.07300000000001
AF Corse #71,16,5,AF Corse,Ferrari F458 Italia,LMGTE Pro,,Shanghai,6,2013,167,6:01:46.410,23 Laps,1 Laps,Michelin,Classified,123.0,2:05.523,156.3,Kamui KOBAYASHI,Toni VILANDER,,2013_Shanghai,LMGTE Pro,GT (GTE Pro/Am),125.523
Porsche AG Team Manthey #92,17,6,Porsche AG Team Manthey,Porsche 911 RSR,LMGTE Pro,,Shanghai,6,2013,167,6:02:38.799,23 Laps,52.389,Michelin,Classified,144.0,2:05.038,156.9,Marc LIEB,Richard LIETZ,,2013_Shanghai,LMGTE Pro,GT (GTE Pro/Am),125.038
8 Star Motorsports #81,18,1,8 Star Motorsports,Ferrari F458 Italia,LMGTE Am,,Shanghai,6,2013,166,6:02:37.745,24 Laps,1 Laps,Michelin,Classified,91.0,2:06.284,155.4,Vicente POTOLICCHIO,Rui AGUAS,Davide RIGON,2013_Shanghai,LMGTE Am,GT (GTE Pro/Am),126.284
IMSA Performance Matmut #76,19,2,IMSA Performance Matmut,Porsche 911 GT3 RSR,LMGTE Am,,Shanghai,6,2013,165,6:02:15.593,25 Laps,1 Laps,Michelin,Classified,87.0,2:06.631,155.0,Raymond NARAC,Jean-Karl VERNAY,Markus PALTTALA,2013_Shanghai,LMGTE Am,GT (GTE Pro/Am),126.631
Aston Martin Racing #96,20,3,Aston Martin Racing,Aston Martin Vantage V8,LMGTE Am,,Shanghai,6,2013,165,6:03:20.048,25 Laps,1'04.455,Michelin,Classified,143.0,2:07.682,153.7,Jamie CAMPBELL-WALTER,Stuart HALL,Jonathan ADAM,2013_Shanghai,LMGTE Am,GT (GTE Pro/Am),127.682
Proton Competition #88,21,4,Proton Competition,Porsche 911 GT3 RSR,LMGTE Am,,Shanghai,6,2013,165,6:03:36.359,25 Laps,16.311,Michelin,Classified,142.0,2:06.227,155.5,Christian RIED,Gianluca RODA,Paolo RUBERTI,2013_Shanghai,LMGTE Am,GT (GTE Pro/Am),126.227
Larbre Competition #50,22,5,Larbre Competition,Chevrolet Corvette C6-ZR1,LMGTE Am,,Shanghai,6,2013,164,6:02:28.810,26 Laps,1 Laps,Michelin,Classified,35.0,2:07.340,154.1,Patrick BORNHAUSER,Julien CANAL,Fernando REES,2013_Shanghai,LMGTE Am,GT (GTE Pro/Am),127.34
AF Corse #61,23,6,AF Corse,Ferrari F458 Italia,LMGTE Am,,Shanghai,6,2013,164,6:03:04.100,26 Laps,35.290,Michelin,Classified,139.0,2:06.928,154.6,Jack GERBER,Matt GRIFFIN,Marco CIOCI,2013_Shanghai,LMGTE Am,GT (GTE Pro/Am),126.928
Toyota Racing #8,24,5,Toyota Gazoo Racing,Toyota TS030 - Hybrid,LMP1,,Shanghai,6,2013,143,4:31:45.285,47 Laps,21 Laps,Michelin,Not classified,142.0,1:49.106,179.9,Anthony DAVIDSON,Sébastien BUEMI,Stéphane SARRAZIN,2013_Shanghai,LMP1,Top Class (LMP1/Hypercar),109.106
Krohn Racing #57,25,7,Krohn Racing,Ferrari F458 Italia,LMGTE Am,,Shanghai,6,2013,139,5:20:31.505,51 Laps,4 Laps,Michelin,Not classified,89.0,2:07.115,154.4,Tracy KROHN,Niclas JÖNSSON,Maurizio MEDIANI,2013_Shanghai,LMGTE Am,GT (GTE Pro/Am),127.115
Aston Martin Racing #95,26,8,Aston Martin Racing,Aston Martin Vantage V8,LMGTE Am,,Shanghai,6,2013,100,3:38:27.212,90 Laps,39 Laps,Michelin,Not classified,9.0,2:07.089,154.4,Christoffer NYGAARD,Kristian POULSEN,Nicki THIIM,2013_Shanghai,LMGTE Am,GT (GTE Pro/Am),127.089
Lotus #31,27,8,Lotus,Lotus T128,LMP2,,Shanghai,6,2013,93,3:23:38.339,97 Laps,7 Laps,Dunlop,Not classified,91.0,1:58.156,166.1,Kevin WEEDA,Vitantonio LIUZZI,Christophe BOUCHUT,2013_Shanghai,LMP2,LMP2,118.156
Pecom Racing #49,28,9,Pecom Racing,Oreca 03 - Nissan,LMP2,,Shanghai,6,2013,56,4:27:19.586,134 Laps,37 Laps,Michelin,Not classified,55.0,1:56.876,167.9,Luis PEREZ COMPANC,Nicolas MINASSIAN,Pierre KAFFER,2013_Shanghai,LMP2,LMP2,116.876
Toyota Racing #7,1,1,Toyota Gazoo Racing,Toyota TS030 - Hybrid,LMP1,,Fuji,6,2013,16,2:56:05.785,,,Michelin,Classified,3.0,2:39.727,102.8,Alexander WURZ,Nicolas LAPIERRE,Kazuki NAKAJIMA,2013_Fuji,LMP1,Top Class (LMP1/Hypercar),159.727
Audi Sport Team Joest #2,2,2,Audi Sport Team Joest,Audi R18 e-tron quattro,LMP1,,Fuji,6,2013,16,2:56:07.686,1.901,1.901,Michelin,Classified,3.0,2:39.551,103.0,Tom KRISTENSEN,Loïc DUVAL,Allan McNISH,2013_Fuji,LMP1,Top Class (LMP1/Hypercar),159.551
Rebellion Racing #12,3,3,Rebellion Racing,Lola B12/60 Coupé - Toyota,LMP1,,Fuji,6,2013,16,2:56:09.657,3.872,1.971,Michelin,Classified,3.0,2:39.192,103.2,Andrea BELICCHI,Mathias BECHE,,2013_Fuji,LMP1,Top Class (LMP1/Hypercar),159.192
OAK Racing #35,4,1,OAK Racing,Morgan - Nissan,LMP2,,Fuji,6,2013,16,2:56:11.916,6.131,2.259,Dunlop,Classified,3.0,2:37.898,104.0,Bertrand BAGUETTE,Ricardo GONZALEZ,Martin PLOWMAN,2013_Fuji,LMP2,LMP2,157.898
G-Drive Racing #26,5,2,G-Drive Racing,Oreca 03 - Nissan,LMP2,,Fuji,6,2013,16,2:56:14.009,8.224,2.093,Dunlop,Classified,3.0,2:37.688,104.2,Roman RUSINOV,John MARTIN,Mike CONWAY,2013_Fuji,LMP2,LMP2,157.688
Gainer International #27,6,3,Gainer International,Zytek Z11SN - Nissan,LMP2,,Fuji,6,2013,16,2:56:16.840,11.055,2.831,Dunlop,Classified,3.0,2:36.726,104.8,Katsuyuki HIRANAKA,Masayuki UEDA,Björn WIRDHEIM,2013_Fuji,LMP2,LMP2,156.726
OAK Racing #24,7,4,OAK Racing,Morgan - Nissan,LMP2,,Fuji,6,2013,16,2:56:18.619,12.834,1.779,Dunlop,Classified,3.0,2:36.885,104.7,Olivier PLA,David HEINEMEIER HANSSON,Alex BRUNDLE,2013_Fuji,LMP2,LMP2,156.885
Delta-ADR #25,8,5,Delta-ADR,Oreca 03 - Nissan,LMP2,,Fuji,6,2013,16,2:56:21.108,15.323,2.489,Dunlop,Classified,3.0,2:36.218,105.2,Tor GRAVES,James WALKER,Shinji NAKANO,2013_Fuji,LMP2,LMP2,156.21800000000002
KCMG #47,9,6,KCMG,Morgan - Nissan,LMP2,,Fuji,6,2013,16,2:56:25.354,19.569,4.246,Michelin,Classified,3.0,2:36.772,104.8,Richard BRADLEY,Hiroshi KOIZUMI,Tsugio MATSUDA,2013_Fuji,LMP2,LMP2,156.772
Pecom Racing #49,10,7,Pecom Racing,Oreca 03 - Nissan,LMP2,,Fuji,6,2013,16,2:56:27.279,21.494,1.925,Michelin,Classified,5.0,2:37.755,104.1,Luis PEREZ COMPANC,Nicolas MINASSIAN,Pierre KAFFER,2013_Fuji,LMP2,LMP2,157.755
Lotus #32,11,8,Lotus,Lotus T128,LMP2,,Fuji,6,2013,16,2:56:29.588,23.803,2.309,Dunlop,Classified,6.0,2:35.928,105.3,Thomas HOLZER,Dominik KRAIHAMER,Jan CHAROUZ,2013_Fuji,LMP2,LMP2,155.928
OAK Racing #45,12,9,OAK Racing,Morgan - Nissan,LMP2,,Fuji,6,2013,16,2:56:41.442,35.657,11.854,Dunlop,Classified,6.0,2:36.589,104.9,Jacques NICOLET,Keiko IHARA,,2013_Fuji,LMP2,LMP2,156.589
Aston Martin Racing #97,13,1,Aston Martin Racing,Aston Martin Vantage V8,LMGTE Pro,,Fuji,6,2013,16,2:56:44.685,38.900,3.243,Michelin,Classified,5.0,2:35.648,105.5,Darren TURNER,Stefan MÜCKE,Frédéric MAKOWIECKI,2013_Fuji,LMGTE Pro,GT (GTE Pro/Am),155.648
AF Corse #51,14,2,AF Corse,Ferrari F458 Italia,LMGTE Pro,,Fuji,6,2013,16,2:56:47.729,41.944,3.044,Michelin,Classified,5.0,2:36.486,105.0,Gianmaria BRUNI,Giancarlo FISICHELLA,,2013_Fuji,LMGTE Pro,GT (GTE Pro/Am),156.486
Porsche AG Team Manthey #91,15,3,Porsche AG Team Manthey,Porsche 911 RSR,LMGTE Pro,,Fuji,6,2013,16,2:56:50.640,44.855,2.911,Michelin,Classified,5.0,2:36.214,105.2,Jörg BERGMEISTER,Patrick PILET,,2013_Fuji,LMGTE Pro,GT (GTE Pro/Am),156.214
Porsche AG Team Manthey #92,16,4,Porsche AG Team Manthey,Porsche 911 RSR,LMGTE Pro,,Fuji,6,2013,16,2:57:01.096,55.311,10.456,Michelin,Classified,5.0,2:36.048,105.3,Marc LIEB,Richard LIETZ,,2013_Fuji,LMGTE Pro,GT (GTE Pro/Am),156.048
Aston Martin Racing #95,17,1,Aston Martin Racing,Aston Martin Vantage V8,LMGTE Am,,Fuji,6,2013,16,2:57:03.453,57.668,2.357,Michelin,Classified,3.0,2:35.890,105.4,Christoffer NYGAARD,Kristian POULSEN,Bruno SENNA,2013_Fuji,LMGTE Am,GT (GTE Pro/Am),155.89
Aston Martin Racing #96,18,2,Aston Martin Racing,Aston Martin Vantage V8,LMGTE Am,,Fuji,6,2013,16,2:57:07.426,1'01.641,3.973,Michelin,Classified,3.0,2:35.161,105.9,Stuart HALL,Jamie CAMPBELL-WALTER,Jonathan ADAM,2013_Fuji,LMGTE Am,GT (GTE Pro/Am),155.161
Proton Competition #88,19,3,Proton Competition,Porsche 911 GT3 RSR,LMGTE Am,,Fuji,6,2013,16,2:57:09.322,1'03.537,1.896,Michelin,Classified,3.0,2:35.194,105.8,Christian RIED,Gianluca RODA,Paolo RUBERTI,2013_Fuji,LMGTE Am,GT (GTE Pro/Am),155.19400000000002
8 Star Motorsports #81,20,4,8 Star Motorsports,Ferrari F458 Italia,LMGTE Am,,Fuji,6,2013,16,2:57:11.736,1'05.951,2.414,Michelin,Classified,3.0,2:35.557,105.6,Vicente POTOLICCHIO,Rui AGUAS,Davide RIGON,2013_Fuji,LMGTE Am,GT (GTE Pro/Am),155.55700000000002
AF Corse #71,21,5,AF Corse,Ferrari F458 Italia,LMGTE Pro,,Fuji,6,2013,16,2:57:21.329,1'15.544,9.593,Michelin,Classified,3.0,2:34.434,106.4,Kamui KOBAYASHI,Toni VILANDER,,2013_Fuji,LMGTE Pro,GT (GTE Pro/Am),154.434
IMSA Performance Matmut #76,22,5,IMSA Performance Matmut,Porsche 911 GT3 RSR,LMGTE Am,,Fuji,6,2013,16,2:57:31.689,1'25.904,10.360,Michelin,Classified,6.0,2:18.803,118.3,Raymond NARAC,Jean-Karl VERNAY,Markus PALTTALA,2013_Fuji,LMGTE Am,GT (GTE Pro/Am),138.803
Lotus #31,23,10,Lotus,Lotus T128,LMP2,,Fuji,6,2013,16,2:57:46.761,1'40.976,15.072,Dunlop,Classified,12.0,2:19.120,118.1,Kevin WEEDA,James ROSSITER,Vitantonio LIUZZI,2013_Fuji,LMP2,LMP2,139.12
Krohn Racing #57,24,6,Krohn Racing,Ferrari F458 Italia,LMGTE Am,,Fuji,6,2013,16,2:57:52.099,1'46.314,5.338,Michelin,Classified,14.0,2:21.846,115.8,Tracy KROHN,Niclas JÖNSSON,Maurizio MEDIANI,2013_Fuji,LMGTE Am,GT (GTE Pro/Am),141.846
AF Corse #61,25,7,AF Corse,Ferrari F458 Italia,LMGTE Am,,Fuji,6,2013,16,2:58:27.428,2'21.643,35.329,Michelin,Classified,3.0,2:35.148,105.9,Jack GERBER,Matt GRIFFIN,Marco CIOCI,2013_Fuji,LMGTE Am,GT (GTE Pro/Am),155.148
Audi Sport Team Joest #1,26,4,Audi Sport Team Joest,Audi R18 e-tron quattro,LMP1,,Fuji,6,2013,16,2:58:54.935,2'49.150,27.507,Michelin,Classified,15.0,2:04.095,132.4,André LOTTERER,Benoit TRÉLUYER,Marcel FÄSSLER,2013_Fuji,LMP1,Top Class (LMP1/Hypercar),124.095
Toyota Racing #8,27,5,Toyota Gazoo Racing,Toyota TS030 - Hybrid,LMP1,,Fuji,6,2013,15,2:57:29.150,1 Laps,1 Laps,Michelin,Classified,2.0,2:32.744,107.5,Anthony DAVIDSON,Sébastien BUEMI,Stéphane SARRAZIN,2013_Fuji,LMP1,Top Class (LMP1/Hypercar),152.744
Aston Martin Racing #99,28,6,Aston Martin Racing,Aston Martin Vantage V8,LMGTE Pro,,Fuji,6,2013,15,2:57:40.323,1 Laps,11.173,Michelin,Classified,2.0,2:32.061,108.0,Pedro LAMY,Richie STANAWAY,,2013_Fuji,LMGTE Pro,GT (GTE Pro/Am),152.061
Larbre Competition #50,29,8,Larbre Competition,Chevrolet Corvette C6-ZR1,LMGTE Am,,Fuji,6,2013,14,2:57:36.746,2 Laps,1 Laps,Michelin,Classified,4.0,2:29.506,109.9,Patrick BORNHAUSER,Julien CANAL,Fernando REES,2013_Fuji,LMGTE Am,GT (GTE Pro/Am),149.506
Audi Sport Team Joest #1,1,1,Audi Sport Team Joest,Audi R18 e-tron quattro,LMP1,,Interlagos,6,2013,235,6:01:26.209,,,Michelin,Classified,54.0,1:21.213,191.0,André LOTTERER,Benoit TRÉLUYER,Marcel FÄSSLER,2013_Interlagos,LMP1,Top Class (LMP1/Hypercar),81.213
Audi Sport Team Joest #2,2,2,Audi Sport Team Joest,Audi R18 e-tron quattro,LMP1,,Interlagos,6,2013,232,6:02:36.937,3 Laps,3 Laps,Michelin,Classified,54.0,1:21.177,191.1,Tom KRISTENSEN,Loïc DUVAL,Allan McNISH,2013_Interlagos,LMP1,Top Class (LMP1/Hypercar),81.17699999999999
Rebellion Racing #12,3,3,Rebellion Racing,Lola B12/60 Coupé - Toyota,LMP1,,Interlagos,6,2013,230,6:02:28.929,5 Laps,2 Laps,Michelin,Classified,65.0,1:23.794,185.1,Nicolas PROST,Nick HEIDFELD,Mathias BECHE,2013_Interlagos,LMP1,Top Class (LMP1/Hypercar),83.794
G-Drive Racing #26,4,1,G-Drive Racing,Oreca 03 - Nissan,LMP2,,Interlagos,6,2013,222,6:02:41.674,13 Laps,8 Laps,Dunlop,Classified,64.0,1:27.502,177.3,Roman RUSINOV,John MARTIN,Mike CONWAY,2013_Interlagos,LMP2,LMP2,87.502
OAK Racing #35,5,2,OAK Racing,Morgan - Nissan,LMP2,,Interlagos,6,2013,221,6:01:56.787,14 Laps,1 Laps,Dunlop,Classified,193.0,1:28.133,176.0,Bertrand BAGUETTE,Ricardo GONZALEZ,Martin PLOWMAN,2013_Interlagos,LMP2,LMP2,88.133
Pecom Racing #49,6,3,Pecom Racing,Oreca 03 - Nissan,LMP2,,Interlagos,6,2013,221,6:02:16.096,14 Laps,19.309,Michelin,Classified,195.0,1:27.763,176.8,Luis PEREZ COMPANC,Nicolas MINASSIAN,Pierre KAFFER,2013_Interlagos,LMP2,LMP2,87.763
Greaves Motorsport #41,7,4,Greaves Motorsport,Zytek Z11SN - Nissan,LMP2,,Interlagos,6,2013,217,6:02:05.433,18 Laps,4 Laps,Dunlop,Classified,191.0,1:28.225,175.8,Christian ZUGEL,Gunnar JEANNETTE,Björn WIRDHEIM,2013_Interlagos,LMP2,LMP2,88.225
OAK Racing #45,8,5,OAK Racing,Morgan - Nissan,LMP2,,Interlagos,6,2013,214,6:01:49.818,21 Laps,3 Laps,Dunlop,Classified,120.0,1:30.184,172.0,Jacques NICOLET,Jean-Marc MERLIN,Keiko IHARA,2013_Interlagos,LMP2,LMP2,90.184
AF Corse #51,9,1,AF Corse,Ferrari F458 Italia,LMGTE Pro,,Interlagos,6,2013,212,6:01:57.197,23 Laps,2 Laps,Michelin,Classified,175.0,1:33.995,165.0,Gianmaria BRUNI,Giancarlo FISICHELLA,,2013_Interlagos,LMGTE Pro,GT (GTE Pro/Am),93.995
Aston Martin Racing #97,10,2,Aston Martin Racing,Aston Martin Vantage V8,LMGTE Pro,,Interlagos,6,2013,212,6:01:58.598,23 Laps,1.401,Michelin,Classified,133.0,1:33.850,165.3,Stefan MÜCKE,Darren TURNER,,2013_Interlagos,LMGTE Pro,GT (GTE Pro/Am),93.85
OAK Racing #24,11,6,OAK Racing,Morgan - Nissan,LMP2,,Interlagos,6,2013,212,6:02:07.989,23 Laps,9.391,Dunlop,Classified,116.0,1:27.982,176.3,Olivier PLA,David HEINEMEIER HANSSON,Alex BRUNDLE,2013_Interlagos,LMP2,LMP2,87.982
Porsche AG Team Manthey #91,12,3,Porsche AG Team Manthey,Porsche 911 RSR,LMGTE Pro,,Interlagos,6,2013,210,6:02:53.236,25 Laps,2 Laps,Michelin,Classified,178.0,1:34.489,164.2,Jörg BERGMEISTER,Patrick PILET,,2013_Interlagos,LMGTE Pro,GT (GTE Pro/Am),94.489
Porsche AG Team Manthey #92,13,4,Porsche AG Team Manthey,Porsche 911 RSR,LMGTE Pro,,Interlagos,6,2013,209,6:01:54.735,26 Laps,1 Laps,Michelin,Classified,178.0,1:34.246,164.6,Marc LIEB,Richard LIETZ,,2013_Interlagos,LMGTE Pro,GT (GTE Pro/Am),94.24600000000001
Aston Martin Racing #96,14,1,Aston Martin Racing,Aston Martin Vantage V8,LMGTE Am,,Interlagos,6,2013,208,6:01:28.282,27 Laps,1 Laps,Michelin,Classified,187.0,1:34.931,163.4,Stuart HALL,Jamie CAMPBELL-WALTER,,2013_Interlagos,LMGTE Am,GT (GTE Pro/Am),94.931
8 Star Motorsports #81,15,2,8 Star Motorsports,Ferrari F458 Italia,LMGTE Am,,Interlagos,6,2013,208,6:02:13.972,27 Laps,45.690,Michelin,Classified,182.0,1:34.914,163.4,Vicente POTOLICCHIO,Rui AGUAS,Davide RIGON,2013_Interlagos,LMGTE Am,GT (GTE Pro/Am),94.914
Proton Competition #88,16,3,Proton Competition,Porsche 911 GT3 RSR,LMGTE Am,,Interlagos,6,2013,207,6:02:08.272,28 Laps,1 Laps,Michelin,Classified,133.0,1:34.911,163.4,Christian RIED,Gianluca RODA,Paolo RUBERTI,2013_Interlagos,LMGTE Am,GT (GTE Pro/Am),94.911
IMSA Performance Matmut #76,17,4,IMSA Performance Matmut,Porsche 911 GT3 RSR,LMGTE Am,,Interlagos,6,2013,207,6:02:08.626,28 Laps,0.354,Michelin,Classified,186.0,1:35.253,162.9,Raymond NARAC,Jean-Karl VERNAY,Christophe BOURRET,2013_Interlagos,LMGTE Am,GT (GTE Pro/Am),95.253
Krohn Racing #57,18,5,Krohn Racing,Ferrari F458 Italia,LMGTE Am,,Interlagos,6,2013,203,6:01:42.323,32 Laps,4 Laps,Michelin,Classified,47.0,1:35.719,162.1,Tracy KROHN,Niclas JÖNSSON,Maurizio MEDIANI,2013_Interlagos,LMGTE Am,GT (GTE Pro/Am),95.719
Larbre Competition #50,19,6,Larbre Competition,Chevrolet Corvette C6-ZR1,LMGTE Am,,Interlagos,6,2013,194,6:03:04.225,41 Laps,9 Laps,Michelin,Classified,75.0,1:35.815,161.9,Patrick BORNHAUSER,Julien CANAL,Fernando REES,2013_Interlagos,LMGTE Am,GT (GTE Pro/Am),95.815
Aston Martin Racing #98,20,5,Aston Martin Racing,Aston Martin Vantage V8,LMGTE Pro,,Interlagos,6,2013,186,6:01:37.920,49 Laps,8 Laps,Michelin,Classified,55.0,1:34.306,164.5,Paul DALLA LANA,Pedro LAMY,Richie STANAWAY,2013_Interlagos,LMGTE Pro,GT (GTE Pro/Am),94.306
Aston Martin Racing #95,21,7,Aston Martin Racing,Aston Martin Vantage V8,LMGTE Am,,Interlagos,6,2013,162,4:45:09.256,73 Laps,24 Laps,Michelin,Not classified,4.0,1:35.369,162.7,Christoffer NYGAARD,Kristian POULSEN,Nicki THIIM,2013_Interlagos,LMGTE Am,GT (GTE Pro/Am),95.369
AF Corse #61,22,8,AF Corse,Ferrari F458 Italia,LMGTE Am,,Interlagos,6,2013,74,2:25:08.613,161 Laps,88 Laps,Michelin,Not classified,15.0,1:35.654,162.2,Jack GERBER,Matt GRIFFIN,Marco CIOCI,2013_Interlagos,LMGTE Am,GT (GTE Pro/Am),95.654
Aston Martin Racing #99,23,6,Aston Martin Racing,Aston Martin Vantage V8,LMGTE Pro,,Interlagos,6,2013,61,1:58:48.798,174 Laps,13 Laps,Michelin,Not classified,50.0,1:34.625,163.9,Bruno SENNA,Rob BELL,,2013_Interlagos,LMGTE Pro,GT (GTE Pro/Am),94.625
Delta-ADR #25,24,7,Delta-ADR,Oreca 03 - Nissan,LMP2,,Interlagos,6,2013,58,2:11:33.219,177 Laps,3 Laps,Dunlop,Not classified,13.0,1:29.432,173.5,Tor GRAVES,James WALKER,Robbie KERR,2013_Interlagos,LMP2,LMP2,89.432
AF Corse #71,25,7,AF Corse,Ferrari F458 Italia,LMGTE Pro,,Interlagos,6,2013,51,1:40:41.646,184 Laps,7 Laps,Michelin,Not classified,6.0,1:34.763,163.7,Kamui KOBAYASHI,Toni VILANDER,,2013_Interlagos,LMGTE Pro,GT (GTE Pro/Am),94.763
Lotus #31,26,8,Lotus,Lotus T128,LMP2,,Interlagos,6,2013,47,5:22:21.886,188 Laps,4 Laps,Dunlop,Not classified,16.0,1:29.578,173.2,Kevin WEEDA,Christophe BOUCHUT,,2013_Interlagos,LMP2,LMP2,89.578
Toyota Racing #8,27,4,Toyota Gazoo Racing,Toyota TS030 - Hybrid,LMP1,,Interlagos,6,2013,25,34:53.732,210 Laps,22 Laps,Michelin,Not classified,13.0,1:22.545,187.9,Anthony DAVIDSON,Sébastien BUEMI,Stéphane SARRAZIN,2013_Interlagos,LMP1,Top Class (LMP1/Hypercar),82.545
Lotus #32,28,9,Lotus,Lotus T128,LMP2,,Interlagos,6,2013,23,34:52.643,212 Laps,2 Laps,Dunlop,Not classified,4.0,1:28.950,174.4,Thomas HOLZER,Dominik KRAIHAMER,Jan CHAROUZ,2013_Interlagos,LMP2,LMP2,88.95
Audi Sport Team Joest #2,1,1,Audi Sport Team Joest,Audi R18 e-tron quattro,LMP1,,LeMans,24,2013,348,24:01:16.436,,,Michelin,Classified,86.0,3:23.269,241.4,Tom KRISTENSEN,Loïc DUVAL,Allan McNISH,2013_LeMans,LMP1,Top Class (LMP1/Hypercar),203.269
Toyota Racing #8,2,2,Toyota Gazoo Racing,Toyota TS030 - Hybrid,LMP1,,LeMans,24,2013,347,24:01:16.909,1 Laps,1 Laps,Michelin,Classified,13.0,3:25.151,239.2,Anthony DAVIDSON,Sébastien BUEMI,Stéphane SARRAZIN,2013_LeMans,LMP1,Top Class (LMP1/Hypercar),205.151
Audi Sport Team Joest #3,3,3,Audi Sport Team Joest,Audi R18 e-tron quattro,LMP1,,LeMans,24,2013,347,24:03:12.161,1 Laps,1'55.252,Michelin,Classified,89.0,3:24.293,240.2,Marc GENÉ,Lucas DI GRASSI,Oliver JARVIS,2013_LeMans,LMP1,Top Class (LMP1/Hypercar),204.293
Toyota Racing #7,4,4,Toyota Gazoo Racing,Toyota TS030 - Hybrid,LMP1,,LeMans,24,2013,341,24:01:39.045,7 Laps,6 Laps,Michelin,Classified,306.0,3:25.718,238.5,Alexander WURZ,Nicolas LAPIERRE,Kazuki NAKAJIMA,2013_LeMans,LMP1,Top Class (LMP1/Hypercar),205.718
Audi Sport Team Joest #1,5,5,Audi Sport Team Joest,Audi R18 e-tron quattro,LMP1,,LeMans,24,2013,338,24:01:18.280,10 Laps,3 Laps,Michelin,Classified,170.0,3:22.746,242.0,André LOTTERER,Marcel FÄSSLER,Benoit TRÉLUYER,2013_LeMans,LMP1,Top Class (LMP1/Hypercar),202.746
Strakka Racing #21,6,6,Strakka Racing,HPD ARX 03c - Honda,LMP1,,LeMans,24,2013,332,24:02:16.225,16 Laps,6 Laps,Michelin,Classified,218.0,3:30.884,232.7,Nick LEVENTIS,Danny WATTS,Jonny KANE,2013_LeMans,LMP1,Top Class (LMP1/Hypercar),210.88400000000001
OAK Racing #35,7,1,OAK Racing,Morgan - Nissan,LMP2,,LeMans,24,2013,329,24:03:27.293,19 Laps,3 Laps,Dunlop,Classified,221.0,3:40.272,222.7,Bertrand BAGUETTE,Ricardo GONZALEZ,Martin PLOWMAN,2013_LeMans,LMP2,LMP2,220.272
OAK Racing #24,8,2,OAK Racing,Morgan - Nissan,LMP2,,LeMans,24,2013,328,24:01:33.122,20 Laps,1 Laps,Dunlop,Classified,310.0,3:38.059,225.0,Olivier PLA,David HEINEMEIER HANSSON,Alex BRUNDLE,2013_LeMans,LMP2,LMP2,218.059
G-Drive Racing #26,9,3,G-Drive Racing,Oreca 03 - Nissan,LMP2,,LeMans,24,2013,327,24:01:26.857,21 Laps,1 Laps,Dunlop,Classified,218.0,3:38.807,224.2,Roman RUSINOV,John MARTIN,Mike CONWAY,2013_LeMans,LMP2,LMP2,218.80700000000002
Greaves Motorsport #42,10,4,Greaves Motorsport,Zytek Z11SN - Nissan,LMP2,,LeMans,24,2013,327,24:02:33.932,21 Laps,1'07.075,Dunlop,Classified,299.0,3:40.100,222.9,Jann MARDENBOROUGH,Lucas ORDOÑEZ,Michael KRUMM,2013_LeMans,LMP2,LMP2,220.1
Pecom Racing #49,11,5,Pecom Racing,Oreca 03 - Nissan,LMP2,,LeMans,24,2013,325,24:03:25.003,23 Laps,2 Laps,Michelin,Classified,310.0,3:40.992,222.0,Luis PEREZ COMPANC,Pierre KAFFER,Nicolas MINASSIAN,2013_LeMans,LMP2,LMP2,220.992
Morand Racing #43,12,6,Morand Racing,Morgan - Judd,LMP2,,LeMans,24,2013,320,24:01:18.707,28 Laps,5 Laps,Dunlop,Classified,282.0,3:41.696,221.3,Natacha GACHNANG,Franck MAILLEUX,Olivier LOMBARD,2013_LeMans,LMP2,LMP2,221.696
Murphy Prototypes #48,13,7,Murphy Prototypes,Oreca 03 - Nissan,LMP2,,LeMans,24,2013,319,24:01:19.478,29 Laps,1 Laps,Dunlop,Classified,266.0,3:40.434,222.6,Brendon HARTLEY,Mark PATTERSON,Karun CHANDHOK,2013_LeMans,LMP2,LMP2,220.434
Jota Sport #38,14,8,Jota Sport,Zytek Z11SN - Nissan,LMP2,,LeMans,24,2013,319,24:05:21.027,29 Laps,4'01.549,Dunlop,Classified,278.0,3:39.016,224.0,Simon DOLAN,Oliver TURVEY,Lucas LUHR,2013_LeMans,LMP2,LMP2,219.016
Signatech Alpine #36,15,9,Signatech Alpine,Alpine - Nissan,LMP2,,LeMans,24,2013,317,24:04:11.264,31 Laps,2 Laps,Michelin,Classified,204.0,3:40.909,222.1,Nelson PANCIATICI,Pierre RAGUES,Tristan GOMMENDY,2013_LeMans,LMP2,LMP2,220.909
Porsche AG Team Manthey #92,16,1,Porsche AG Team Manthey,Porsche 911 RSR,LMGTE Pro,,LeMans,24,2013,315,24:02:10.497,33 Laps,2 Laps,Michelin,Classified,290.0,3:55.453,208.4,Marc LIEB,Richard LIETZ,Romain DUMAS,2013_LeMans,LMGTE Pro,GT (GTE Pro/Am),235.453
Porsche AG Team Manthey #91,17,2,Porsche AG Team Manthey,Porsche 911 RSR,LMGTE Pro,,LeMans,24,2013,315,24:04:21.128,33 Laps,2'10.631,Michelin,Classified,77.0,3:55.323,208.5,Jörg BERGMEISTER,Patrick PILET,Timo BERNHARD,2013_LeMans,LMGTE Pro,GT (GTE Pro/Am),235.323
Aston Martin Racing #97,18,3,Aston Martin Racing,Aston Martin Vantage V8,LMGTE Pro,,LeMans,24,2013,314,24:01:25.633,34 Laps,1 Laps,Michelin,Classified,300.0,3:55.791,208.1,Peter DUMBRECK,Stefan MÜCKE,Darren TURNER,2013_LeMans,LMGTE Pro,GT (GTE Pro/Am),235.791
Race Performance #34,19,10,Race Performance,Oreca 03 - Judd,LMP2,,LeMans,24,2013,314,24:02:52.764,34 Laps,1'27.131,Dunlop,Classified,278.0,3:41.983,221.0,Michel FREY,Patric NIEDERHAUSER,Jeroen BLEEKEMOLEN,2013_LeMans,LMP2,LMP2,221.983
Corvette Racing #73,20,4,Corvette Racing,Chevrolet Corvette C6-ZR1,LMGTE Pro,,LeMans,24,2013,312,24:04:41.026,36 Laps,2 Laps,Michelin,Classified,269.0,3:57.061,207.0,Jan MAGNUSSEN,Antonio GARCIA,Jordan TAYLOR,2013_LeMans,LMGTE Pro,GT (GTE Pro/Am),237.061
AF Corse #71,21,5,AF Corse,Ferrari 458 Italia,LMGTE Pro,,LeMans,24,2013,312,24:06:37.190,36 Laps,1'56.164,Michelin,Classified,289.0,3:56.338,207.6,Olivier BERETTA,Kamui KOBAYASHI,Toni VILANDER,2013_LeMans,LMGTE Pro,GT (GTE Pro/Am),236.338
AF Corse #51,22,6,AF Corse,Ferrari 458 Italia,LMGTE Pro,,LeMans,24,2013,311,24:02:57.100,37 Laps,1 Laps,Michelin,Classified,244.0,3:56.630,207.3,Gianmaria BRUNI,Giancarlo FISICHELLA,Matteo MALUCELLI,2013_LeMans,LMGTE Pro,GT (GTE Pro/Am),236.63
Corvette Racing #74,23,7,Corvette Racing,Chevrolet Corvette C6-ZR1,LMGTE Pro,,LeMans,24,2013,309,24:02:09.657,39 Laps,2 Laps,Michelin,Classified,295.0,3:57.377,206.7,Oliver GAVIN,Tommy MILNER,Richard WESTBROOK,2013_LeMans,LMGTE Pro,GT (GTE Pro/Am),237.377
Greaves Motorsport #41,24,11,Greaves Motorsport,Zytek Z11SN - Nissan,LMP2,,LeMans,24,2013,307,24:01:29.272,41 Laps,2 Laps,Dunlop,Classified,251.0,3:39.615,223.4,Tom KIMBER-SMITH,Eric LUX,Alexander ROSSI,2013_LeMans,LMP2,LMP2,219.615
SRT Motorsports #53,25,8,SRT Motorsports,Viper GTS-R,LMGTE Pro,,LeMans,24,2013,306,24:01:31.642,42 Laps,1 Laps,Michelin,Classified,283.0,3:57.460,206.6,Ryan DALZIEL,Dominik FARNBACHER,Marc GOOSSENS,2013_LeMans,LMGTE Pro,GT (GTE Pro/Am),237.46
IMSA Performance Matmut #76,26,1,IMSA Performance Matmut,Porsche 911 GT3 RSR,LMGTE Am,,LeMans,24,2013,306,24:03:22.944,42 Laps,1'51.302,Michelin,Classified,217.0,3:59.057,205.2,Raymond NARAC,Christophe BOURRET,Jean-Karl VERNAY,2013_LeMans,LMGTE Am,GT (GTE Pro/Am),239.05700000000002
AF Corse #55,27,2,AF Corse,Ferrari 458 Italia,LMGTE Am,,LeMans,24,2013,305,24:01:28.294,43 Laps,1 Laps,Michelin,Classified,262.0,4:00.227,204.2,Piergiuseppe PERAZZINI,Lorenzo CASE,Darryl O'YOUNG,2013_LeMans,LMGTE Am,GT (GTE Pro/Am),240.227
AF Corse #61,28,3,AF Corse,Ferrari 458 Italia,LMGTE Am,,LeMans,24,2013,305,24:02:54.801,43 Laps,1'26.507,Michelin,Classified,279.0,3:58.365,205.8,Jack GERBER,Matt GRIFFIN,Marco CIOCI,2013_LeMans,LMGTE Am,GT (GTE Pro/Am),238.365
Dempsey Del Piero-Proton #77,29,4,Dempsey Del Piero-Proton,Porsche 911 GT3 RSR,LMGTE Am,,LeMans,24,2013,305,24:04:19.408,43 Laps,1'24.607,Michelin,Classified,288.0,3:57.990,206.2,Patrick DEMPSEY,Joe FOSTER,Patrick LONG,2013_LeMans,LMGTE Am,GT (GTE Pro/Am),237.99
Larbre Competition #50,30,5,Larbre Competition,Chevrolet Corvette C6-ZR1,LMGTE Am,,LeMans,24,2013,302,24:02:46.017,46 Laps,3 Laps,Michelin,Classified,247.0,4:01.863,202.9,Patrick BORNHAUSER,Julien CANAL,Ricky TAYLOR,2013_LeMans,LMGTE Am,GT (GTE Pro/Am),241.863
Aston Martin Racing #96,31,6,Aston Martin Racing,Aston Martin Vantage V8,LMGTE Am,,LeMans,24,2013,301,24:01:16.989,47 Laps,1 Laps,Michelin,Classified,285.0,3:59.091,205.2,Jamie CAMPBELL-WALTER,Roald GOETHE,Stuart HALL,2013_LeMans,LMGTE Am,GT (GTE Pro/Am),239.091
SRT Motorsports #93,32,9,SRT Motorsports,Viper GTS-R,LMGTE Pro,,LeMans,24,2013,301,24:03:15.588,47 Laps,1'58.599,Michelin,Classified,232.0,3:59.006,205.3,Jonathan BOMARITO,Tommy KENDALL,Kuno WITTMER,2013_LeMans,LMGTE Pro,GT (GTE Pro/Am),239.006
Boutsen Ginion Racing #40,33,12,Boutsen Ginion Racing,Oreca 03 - Nissan,LMP2,,LeMans,24,2013,300,24:02:50.871,48 Laps,1 Laps,Dunlop,Classified,277.0,3:51.191,212.2,Matt DOWNS,Thomas DAGONEAU,Rodin YOUNESSI,2013_LeMans,LMP2,LMP2,231.191
IMSA Performance Matmut #67,34,7,IMSA Performance Matmut,Porsche 911 GT3 RSR,LMGTE Am,,LeMans,24,2013,300,24:03:23.219,48 Laps,32.348,Michelin,Classified,255.0,4:00.154,204.3,Pascal GIBON,Patrice MILESI,Wolf HENZLER,2013_LeMans,LMGTE Am,GT (GTE Pro/Am),240.154
JMW Motorsport #66,35,10,JMW Motorsport,Ferrari 458 Italia,LMGTE Pro,,LeMans,24,2013,300,24:03:42.636,48 Laps,19.417,Dunlop,Classified,248.0,4:00.056,204.4,Andrea BERTOLINI,Abdulaziz Turki AL FAISAL,Khaled AL QUBAISI,2013_LeMans,LMGTE Pro,GT (GTE Pro/Am),240.056
Proton Competition #88,36,8,Proton Competition,Porsche 911 GT3 RSR,LMGTE Am,,LeMans,24,2013,300,24:04:19.510,48 Laps,36.874,Michelin,Classified,276.0,3:58.585,205.6,Christian RIED,Gianluca RODA,Paolo RUBERTI,2013_LeMans,LMGTE Am,GT (GTE Pro/Am),238.585
Prospeed Racing #75,37,9,Prospeed Racing,Porsche 911 GT3 RSR,LMGTE Am,,LeMans,24,2013,298,24:03:41.164,50 Laps,2 Laps,Michelin,Classified,110.0,4:03.071,201.9,Emmanuel COLLARD,François PERRODO,Sébastien CRUBILE,2013_LeMans,LMGTE Am,GT (GTE Pro/Am),243.071
8 Star Motorsports #81,38,10,8 Star Motorsports,Ferrari 458 Italia,LMGTE Am,,LeMans,24,2013,294,24:01:48.484,54 Laps,4 Laps,Michelin,Classified,280.0,3:57.422,206.7,Vicente POTOLICCHIO,Rui AGUAS,Jason BRIGHT,2013_LeMans,LMGTE Am,GT (GTE Pro/Am),237.422
DKR Engineering #39,39,13,DKR Engineering,Lola B11/40 - Judd,LMP2,,LeMans,24,2013,280,24:01:42.300,68 Laps,14 Laps,Dunlop,Classified,267.0,3:53.019,210.6,Olivier PORTA,Stéphane RAFFIN,Romain BRANDELA,2013_LeMans,LMP2,LMP2,233.019
Rebellion Racing #12,40,7,Rebellion Racing,Lola B12/60 Coupé - Toyota,LMP1,,LeMans,24,2013,275,24:01:24.787,73 Laps,5 Laps,Michelin,Classified,88.0,3:29.328,234.4,Nicolas PROST,Neel JANI,Nick HEIDFELD,2013_LeMans,LMP1,Top Class (LMP1/Hypercar),209.328
Rebellion Racing #13,41,8,Rebellion Racing,Lola B12/60 Coupé - Toyota,LMP1,,LeMans,24,2013,275,24:02:51.807,73 Laps,1'27.020,Michelin,Classified,95.0,3:31.808,231.6,Andrea BELICCHI,Mathias BECHE,Cong Fu CHENG,2013_LeMans,LMP1,Top Class (LMP1/Hypercar),211.808
Larbre Competition #70,42,11,Larbre Competition,Chevrolet Corvette C6-ZR1,LMGTE Am,,LeMans,24,2013,268,24:04:40.264,80 Laps,7 Laps,Michelin,Classified,228.0,4:01.188,203.4,Cooper MacNEIL,Manuel RODRIGUES,Philippe DUMAS,2013_LeMans,LMGTE Am,GT (GTE Pro/Am),241.188
Level 5 Motorsports #33,43,14,Level 5 Motorsports,HPD ARX 03b - Honda,LMP2,,LeMans,24,2013,242,24:03:01.273,106 Laps,26 Laps,Michelin,Not classified,152.0,3:42.639,220.4,Scott TUCKER,Marino FRANCHITTI,Ryan BRISCOE,2013_LeMans,LMP2,LMP2,222.639
Thiriet by TDS Racing #46,44,15,Thiriet by TDS Racing,Oreca 03 - Nissan,LMP2,,LeMans,24,2013,310,22:43:36.452,38 Laps,-68 Laps,Dunlop,Retired,224.0,3:42.207,220.8,Pierre THIRIET,Ludovic BADEY,Maxime MARTIN,2013_LeMans,LMP2,LMP2,222.207
Aston Martin Racing #99,45,11,Aston Martin Racing,Aston Martin Vantage V8,LMGTE Pro,,LeMans,24,2013,248,18:49:09.486,100 Laps,62 Laps,Michelin,Retired,55.0,3:54.639,209.1,Rob BELL,Frédéric MAKOWIECKI,Bruno SENNA,2013_LeMans,LMGTE Pro,GT (GTE Pro/Am),234.639
OAK Racing #45,46,16,OAK Racing,Morgan - Nissan,LMP2,,LeMans,24,2013,246,20:38:57.979,102 Laps,2 Laps,Dunlop,Retired,16.0,3:51.029,212.4,Jacques NICOLET,Jean-Marc MERLIN,Philippe MONDOLOT,2013_LeMans,LMP2,LMP2,231.029
KCMG #47,47,17,KCMG,Morgan - Nissan,LMP2,,LeMans,24,2013,241,18:19:07.796,107 Laps,5 Laps,Michelin,Retired,227.0,3:42.285,220.7,Alexander IMPERATORI,Ho-Pin TUNG,Matthew HOWSON,2013_LeMans,LMP2,LMP2,222.285
Aston Martin Racing #98,48,12,Aston Martin Racing,Aston Martin Vantage V8,LMGTE Pro,,LeMans,24,2013,221,17:02:41.511,127 Laps,20 Laps,Michelin,Retired,95.0,3:56.556,207.4,Bill AUBERLEN,Paul DALLA LANA,Pedro LAMY,2013_LeMans,LMGTE Pro,GT (GTE Pro/Am),236.55599999999998
Lotus #32,49,18,Lotus,Lotus T128,LMP2,,LeMans,24,2013,219,16:36:42.745,129 Laps,2 Laps,Dunlop,Retired,82.0,3:43.389,219.6,Thomas HOLZER,Dominik KRAIHAMER,Jan CHAROUZ,2013_LeMans,LMP2,LMP2,223.389
HVM Status GP #30,50,19,HVM Status GP,Lola B12/80 Coupé - Judd,LMP2,,LeMans,24,2013,153,11:14:02.916,195 Laps,66 Laps,Dunlop,Retired,88.0,3:48.258,215.0,Johnny MOWLEM,Tony BURGESS,Jonathan HIRSCHI,2013_LeMans,LMP2,LMP2,228.258
AF Corse #54,51,12,AF Corse,Ferrari 458 Italia,LMGTE Am,,LeMans,24,2013,147,12:00:40.254,201 Laps,6 Laps,Michelin,Retired,15.0,4:08.616,197.4,Yannick MALLEGOL,Jean-Marc BACHELIER,Howard BLANK,2013_LeMans,LMGTE Am,GT (GTE Pro/Am),248.61599999999999
Krohn Racing #57,52,13,Krohn Racing,Ferrari 458 Italia,LMGTE Am,,LeMans,24,2013,111,8:49:03.126,237 Laps,36 Laps,Michelin,Retired,14.0,4:03.651,201.4,Tracy KROHN,Niclas JÖNSSON,Maurizio MEDIANI,2013_LeMans,LMGTE Am,GT (GTE Pro/Am),243.651
Delta-ADR #25,53,20,Delta-ADR,Oreca 03 - Nissan,LMP2,,LeMans,24,2013,101,7:45:37.653,247 Laps,10 Laps,Dunlop,Retired,93.0,3:43.064,220.0,Tor GRAVES,Shinji NAKANO,Archie HAMILTON,2013_LeMans,LMP2,LMP2,223.064
Gulf Racing Middle East #28,54,21,Gulf Racing Middle East,Lola B12/80 Coupé - Nissan,LMP2,,LeMans,24,2013,22,10:24:51.435,326 Laps,79 Laps,Dunlop,Retired,12.0,3:53.188,210.4,Fabien GIROIX,Philippe HAEZEBROUCK,Keiko IHARA,2013_LeMans,LMP2,LMP2,233.188
Lotus #31,55,22,Lotus,Lotus T128,LMP2,,LeMans,24,2013,17,2:03:34.343,331 Laps,5 Laps,Dunlop,Retired,2.0,3:53.344,210.3,Kevin WEEDA,James ROSSITER,Christophe BOUCHUT,2013_LeMans,LMP2,LMP2,233.344
Aston Martin Racing #95,56,14,Aston Martin Racing,Aston Martin Vantage V8,LMGTE Am,,LeMans,24,2013,2,8:20.731,346 Laps,15 Laps,Michelin,Retired,2.0,4:00.626,203.9, .  .,.. ..,... ...,2013_LeMans,LMGTE Am,GT (GTE Pro/Am),240.626
Audi Sport Team Joest #2,1,1,Audi Sport Team Joest,Audi R18 e-tron quattro,LMP1,,Cota,6,2013,187,6:00:31.331,,,Michelin,Classified,149.0,1:47.868,184.1,Tom KRISTENSEN,Loïc DUVAL,Allan McNISH,2013_Cota,LMP1,Top Class (LMP1/Hypercar),107.868
Toyota Racing #8,2,2,Toyota Gazoo Racing,Toyota TS030 - Hybrid,LMP1,,Cota,6,2013,187,6:00:54.948,23.617,23.617,Michelin,Classified,137.0,1:48.745,182.6,Anthony DAVIDSON,Sébastien BUEMI,Stéphane SARRAZIN,2013_Cota,LMP1,Top Class (LMP1/Hypercar),108.745
Audi Sport Team Joest #1,3,3,Audi Sport Team Joest,Audi R18 e-tron quattro,LMP1,,Cota,6,2013,186,6:00:45.479,1 Laps,1 Laps,Michelin,Classified,96.0,1:47.375,184.9,André LOTTERER,Benoit TRÉLUYER,Marcel FÄSSLER,2013_Cota,LMP1,Top Class (LMP1/Hypercar),107.375
Rebellion Racing #12,4,4,Rebellion Racing,Lola B12/60 Coupé - Toyota,LMP1,,Cota,6,2013,183,6:01:20.653,4 Laps,3 Laps,Michelin,Classified,129.0,1:50.302,180.0,Nicolas PROST,Nick HEIDFELD,Mathias BECHE,2013_Cota,LMP1,Top Class (LMP1/Hypercar),110.30199999999999
G-Drive Racing #26,5,1,G-Drive Racing,Oreca 03 - Nissan,LMP2,,Cota,6,2013,178,6:02:27.449,9 Laps,5 Laps,Dunlop,Classified,151.0,1:54.559,173.3,Roman RUSINOV,John MARTIN,Mike CONWAY,2013_Cota,LMP2,LMP2,114.559
Pecom Racing #49,6,2,Pecom Racing,Oreca 03 - Nissan,LMP2,,Cota,6,2013,177,6:02:10.456,10 Laps,1 Laps,Michelin,Classified,148.0,1:55.552,171.8,Luis PEREZ COMPANC,Nicolas MINASSIAN,Pierre KAFFER,2013_Cota,LMP2,LMP2,115.55199999999999
Lotus #32,7,3,Lotus,Lotus T128,LMP2,,Cota,6,2013,174,6:01:33.496,13 Laps,3 Laps,Dunlop,Classified,110.0,1:57.303,169.3,Thomas HOLZER,Dominik KRAIHAMER,Jan CHAROUZ,2013_Cota,LMP2,LMP2,117.303
Delta-ADR #25,8,4,Delta-ADR,Oreca 03 - Nissan,LMP2,,Cota,6,2013,173,6:01:21.007,14 Laps,1 Laps,Dunlop,Classified,163.0,1:55.517,171.9,Tor GRAVES,James WALKER,Rudy JUNCO,2013_Cota,LMP2,LMP2,115.517
Greaves Motorsport #41,9,5,Greaves Motorsport,Zytek Z11SN - Nissan,LMP2,,Cota,6,2013,172,6:01:34.661,15 Laps,1 Laps,Dunlop,Classified,132.0,1:55.963,171.2,Christian ZUGEL,Chris DYSON,Tom KIMBER-SMITH,2013_Cota,LMP2,LMP2,115.963
OAK Racing #24,10,6,OAK Racing,Morgan - Nissan,LMP2,,Cota,6,2013,172,6:02:07.624,15 Laps,32.963,Dunlop,Classified,139.0,1:54.675,173.2,Olivier PLA,David HEINEMEIER HANSSON,Alex BRUNDLE,2013_Cota,LMP2,LMP2,114.675
OAK Racing #35,11,7,OAK Racing,Morgan - Nissan,LMP2,,Cota,6,2013,170,6:01:42.694,17 Laps,2 Laps,Dunlop,Classified,144.0,1:55.357,172.1,Bertrand BAGUETTE,Ricardo GONZALEZ,Martin PLOWMAN,2013_Cota,LMP2,LMP2,115.357
Aston Martin Racing #99,12,1,Aston Martin Racing,Aston Martin Vantage V8,LMGTE Pro,,Cota,6,2013,167,6:01:02.167,20 Laps,3 Laps,Michelin,Classified,103.0,2:04.163,159.9,Bruno SENNA,Frédéric MAKOWIECKI,,2013_Cota,LMGTE Pro,GT (GTE Pro/Am),124.163
AF Corse #51,13,2,AF Corse,Ferrari F458 Italia,LMGTE Pro,,Cota,6,2013,167,6:01:17.382,20 Laps,15.215,Michelin,Classified,137.0,2:04.170,159.9,Gianmaria BRUNI,Giancarlo FISICHELLA,,2013_Cota,LMGTE Pro,GT (GTE Pro/Am),124.17
AF Corse #71,14,3,AF Corse,Ferrari F458 Italia,LMGTE Pro,,Cota,6,2013,167,6:01:19.126,20 Laps,1.744,Michelin,Classified,141.0,2:03.520,160.8,Kamui KOBAYASHI,Toni VILANDER,,2013_Cota,LMGTE Pro,GT (GTE Pro/Am),123.52
Porsche AG Team Manthey #92,15,4,Porsche AG Team Manthey,Porsche 911 RSR,LMGTE Pro,,Cota,6,2013,167,6:02:27.351,20 Laps,1'08.225,Michelin,Classified,165.0,2:03.853,160.3,Marc LIEB,Richard LIETZ,,2013_Cota,LMGTE Pro,GT (GTE Pro/Am),123.853
Aston Martin Racing #96,16,1,Aston Martin Racing,Aston Martin Vantage V8,LMGTE Am,,Cota,6,2013,165,6:01:30.478,22 Laps,2 Laps,Michelin,Classified,162.0,2:05.365,158.4,Stuart HALL,Jamie CAMPBELL-WALTER,,2013_Cota,LMGTE Am,GT (GTE Pro/Am),125.365
Aston Martin Racing #95,17,2,Aston Martin Racing,Aston Martin Vantage V8,LMGTE Am,,Cota,6,2013,165,6:01:32.207,22 Laps,1.729,Michelin,Classified,140.0,2:04.830,159.1,Christoffer NYGAARD,Kristian POULSEN,Nicki THIIM,2013_Cota,LMGTE Am,GT (GTE Pro/Am),124.83
IMSA Performance Matmut #76,18,3,IMSA Performance Matmut,Porsche 911 GT3 RSR,LMGTE Am,,Cota,6,2013,165,6:02:29.361,22 Laps,57.154,Michelin,Classified,85.0,2:05.378,158.4,Raymond NARAC,Jean-Karl VERNAY,,2013_Cota,LMGTE Am,GT (GTE Pro/Am),125.378
8 Star Motorsports #81,19,4,8 Star Motorsports,Ferrari F458 Italia,LMGTE Am,,Cota,6,2013,164,6:00:37.845,23 Laps,1 Laps,Michelin,Classified,141.0,2:05.029,158.8,Vicente POTOLICCHIO,Rui AGUAS,Matteo MALUCELLI,2013_Cota,LMGTE Am,GT (GTE Pro/Am),125.029
Porsche AG Team Manthey #91,20,5,Porsche AG Team Manthey,Porsche 911 RSR,LMGTE Pro,,Cota,6,2013,163,6:01:09.907,24 Laps,1 Laps,Michelin,Classified,140.0,2:04.111,160.0,Jörg BERGMEISTER,Patrick PILET,,2013_Cota,LMGTE Pro,GT (GTE Pro/Am),124.111
Proton Competition #88,21,5,Proton Competition,Porsche 911 GT3 RSR,LMGTE Am,,Cota,6,2013,163,6:01:20.305,24 Laps,10.398,Michelin,Classified,88.0,2:05.383,158.4,Christian RIED,Gianluca RODA,Paolo RUBERTI,2013_Cota,LMGTE Am,GT (GTE Pro/Am),125.383
Larbre Competition #50,22,6,Larbre Competition,Chevrolet Corvette C6-ZR1,LMGTE Am,,Cota,6,2013,163,6:01:36.932,24 Laps,16.627,Michelin,Classified,150.0,2:06.024,157.6,Patrick BORNHAUSER,Julien CANAL,Fernando REES,2013_Cota,LMGTE Am,GT (GTE Pro/Am),126.024
AF Corse #61,23,7,AF Corse,Ferrari F458 Italia,LMGTE Am,,Cota,6,2013,162,6:01:27.673,25 Laps,1 Laps,Michelin,Classified,114.0,2:05.033,158.8,Jack GERBER,Matt GRIFFIN,Marco CIOCI,2013_Cota,LMGTE Am,GT (GTE Pro/Am),125.033
Krohn Racing #57,24,8,Krohn Racing,Ferrari F458 Italia,LMGTE Am,,Cota,6,2013,156,6:00:51.796,31 Laps,6 Laps,Michelin,Classified,110.0,2:06.558,156.9,Tracy KROHN,Niclas JÖNSSON,Maurizio MEDIANI,2013_Cota,LMGTE Am,GT (GTE Pro/Am),126.55799999999999
OAK Racing #45,25,8,OAK Racing,Morgan - Nissan,LMP2,,Cota,6,2013,148,6:00:40.364,39 Laps,8 Laps,Dunlop,Classified,86.0,1:59.816,165.7,Jacques NICOLET,Jean-Marc MERLIN,Erik MARIS,2013_Cota,LMP2,LMP2,119.816
Aston Martin Racing #97,26,6,Aston Martin Racing,Aston Martin Vantage V8,LMGTE Pro,,Cota,6,2013,118,4:19:17.232,69 Laps,30 Laps,Michelin,Classified,109.0,2:04.298,159.8,Stefan MÜCKE,Darren TURNER,Oliver GAVIN,2013_Cota,LMGTE Pro,GT (GTE Pro/Am),124.298
Aston Martin Racing #98,27,7,Aston Martin Racing,Aston Martin Vantage V8,LMGTE Pro,,Cota,6,2013,84,3:11:30.224,103 Laps,34 Laps,Michelin,Classified,50.0,2:04.292,159.8,Paul DALLA LANA,Pedro LAMY,Richie STANAWAY,2013_Cota,LMGTE Pro,GT (GTE Pro/Am),124.292
Lotus #31,28,9,Lotus,Lotus T128,LMP2,,Cota,6,2013,0,,187 Laps,84 Laps,Dunlop,Classified,,,,Kevin WEEDA,Vitantonio LIUZZI,James ROSSITER,2013_Cota,LMP2,LMP2,
