season,event_id,class_group,team
2014,2014_Silverstone,Top Class (LMP1/Hypercar),Toyota Gazoo Racing
2014,2014_Silverstone,Top Class (LMP1/Hypercar),Toyota Gazoo Racing
2014,2014_Silverstone,Top Class (LMP1/Hypercar),Porsche Team
2014,2014_Silverstone,Top Class (LMP1/Hypercar),Rebellion Racing
2014,2014_Silverstone,LMP2,G-Drive Racing
2014,2014_Silverstone,LMP2,KCMG
2014,2014_Silverstone,GT (GTE Pro/Am),Porsche Team Manthey
2014,2014_Silverstone,GT (GTE Pro/Am),Porsche Team Manthey
2014,2014_Silverstone,GT (GTE Pro/Am),Aston Martin Racing
2014,2014_Silverstone,GT (GTE Pro/Am),AF Corse
2014,2014_Silverstone,GT (GTE Pro/Am),AF Corse
2014,2014_Silverstone,GT (GTE Pro/Am),RAM Racing
2014,2014_Silverstone,LMP2,SMP Racing
2014,2014_Silverstone,GT (GTE Pro/Am),Aston Martin Racing
2014,2014_Silverstone,GT (GTE Pro/Am),Aston Martin Racing
2014,2014_Silverstone,GT (GTE Pro/Am),Aston Martin Racing
2014,2014_Silverstone,GT (GTE Pro/Am),AF Corse
2014,2014_Silverstone,GT (GTE Pro/Am),Proton Competition
2014,2014_Silverstone,GT (GTE Pro/Am),RAM Racing
2014,2014_Silverstone,GT (GTE Pro/Am),AF Corse
2014,2014_Silverstone,Top Class (LMP1/Hypercar),Audi Sport Team Joest
2014,2014_Silverstone,GT (GTE Pro/Am),Prospeed Competition
2014,2014_Silverstone,LMP2,SMP Racing
2014,2014_Silverstone,Top Class (LMP1/Hypercar),Porsche Team
2014,2014_Silverstone,Top Class (LMP1/Hypercar),Rebellion Racing
2014,2014_Silverstone,Top Class (LMP1/Hypercar),Audi Sport Team Joest
2014,2014_Silverstone,GT (GTE Pro/Am),8 Star Motorsports
2014,2014_Spa,Top Class (LMP1/Hypercar),Toyota Gazoo Racing
2014,2014_Spa,Top Class (LMP1/Hypercar),Audi Sport Team Joest
2014,2014_Spa,Top Class (LMP1/Hypercar),Toyota Gazoo Racing
2014,2014_Spa,Top Class (LMP1/Hypercar),Porsche Team
2014,2014_Spa,Top Class (LMP1/Hypercar),Audi Sport Team Joest
2014,2014_Spa,Top Class (LMP1/Hypercar),Audi Sport Team Joest
2014,2014_Spa,Top Class (LMP1/Hypercar),Rebellion Racing
2014,2014_Spa,LMP2,G-Drive Racing
2014,2014_Spa,LMP2,Jota Sport
2014,2014_Spa,LMP2,KCMG
2014,2014_Spa,LMP2,SMP Racing
2014,2014_Spa,LMP2,SMP Racing
2014,2014_Spa,GT (GTE Pro/Am),AF Corse
2014,2014_Spa,GT (GTE Pro/Am),Porsche Team Manthey
2014,2014_Spa,GT (GTE Pro/Am),AF Corse
2014,2014_Spa,GT (GTE Pro/Am),Aston Martin Racing
2014,2014_Spa,GT (GTE Pro/Am),Aston Martin Racing
2014,2014_Spa,GT (GTE Pro/Am),AF Corse
2014,2014_Spa,GT (GTE Pro/Am),Aston Martin Racing
2014,2014_Spa,GT (GTE Pro/Am),Aston Martin Racing
2014,2014_Spa,GT (GTE Pro/Am),Porsche Team Manthey
2014,2014_Spa,GT (GTE Pro/Am),Proton Competition
2014,2014_Spa,Top Class (LMP1/Hypercar),Porsche Team
2014,2014_Spa,GT (GTE Pro/Am),AF Corse
2014,2014_Spa,GT (GTE Pro/Am),Prospeed Competition
2014,2014_Spa,GT (GTE Pro/Am),AF Corse
2014,2014_Spa,GT (GTE Pro/Am),8 Star Motorsports
2014,2014_Spa,Top Class (LMP1/Hypercar),Rebellion Racing
2014,2014_Bahrain,Top Class (LMP1/Hypercar),Toyota Gazoo Racing
2014,2014_Bahrain,Top Class (LMP1/Hypercar),Porsche Team
2014,2014_Bahrain,Top Class (LMP1/Hypercar),Porsche Team
2014,2014_Bahrain,Top Class (LMP1/Hypercar),Audi Sport Team Joest
2014,2014_Bahrain,Top Class (LMP1/Hypercar),Audi Sport Team Joest
2014,2014_Bahrain,Top Class (LMP1/Hypercar),Rebellion Racing
2014,2014_Bahrain,Top Class (LMP1/Hypercar),Rebellion Racing
2014,2014_Bahrain,LMP2,KCMG
2014,2014_Bahrain,LMP2,SMP Racing
2014,2014_Bahrain,LMP2,OAK Racing
2014,2014_Bahrain,Top Class (LMP1/Hypercar),Toyota Gazoo Racing
2014,2014_Bahrain,LMP2,G-Drive Racing
2014,2014_Bahrain,GT (GTE Pro/Am),AF Corse
2014,2014_Bahrain,GT (GTE Pro/Am),Aston Martin Racing
2014,2014_Bahrain,GT (GTE Pro/Am),AF Corse
2014,2014_Bahrain,GT (GTE Pro/Am),Porsche Team Manthey
2014,2014_Bahrain,GT (GTE Pro/Am),Porsche Team Manthey
2014,2014_Bahrain,GT (GTE Pro/Am),Aston Martin Racing
2014,2014_Bahrain,GT (GTE Pro/Am),AF Corse
2014,2014_Bahrain,GT (GTE Pro/Am),Aston Martin Racing
2014,2014_Bahrain,GT (GTE Pro/Am),Proton Competition
2014,2014_Bahrain,GT (GTE Pro/Am),8 Star Motorsports
2014,2014_Bahrain,GT (GTE Pro/Am),AF Corse
2014,2014_Bahrain,GT (GTE Pro/Am),Aston Martin Racing
2014,2014_Bahrain,GT (GTE Pro/Am),Prospeed Competition
2014,2014_Bahrain,LMP2,SMP Racing
2014,2014_Bahrain,Top Class (LMP1/Hypercar),Lotus
2014,2014_Cota,Top Class (LMP1/Hypercar),Audi Sport Team Joest
2014,2014_Cota,Top Class (LMP1/Hypercar),Audi Sport Team Joest
2014,2014_Cota,Top Class (LMP1/Hypercar),Toyota Gazoo Racing
2014,2014_Cota,Top Class (LMP1/Hypercar),Porsche Team
2014,2014_Cota,Top Class (LMP1/Hypercar),Porsche Team
2014,2014_Cota,Top Class (LMP1/Hypercar),Toyota Gazoo Racing
2014,2014_Cota,Top Class (LMP1/Hypercar),Rebellion Racing
2014,2014_Cota,LMP2,KCMG
2014,2014_Cota,LMP2,SMP Racing
2014,2014_Cota,LMP2,Extreme Speed Motorsports
2014,2014_Cota,GT (GTE Pro/Am),Aston Martin Racing
2014,2014_Cota,GT (GTE Pro/Am),Porsche Team Manthey
2014,2014_Cota,GT (GTE Pro/Am),AF Corse
2014,2014_Cota,LMP2,G-Drive Racing
2014,2014_Cota,Top Class (LMP1/Hypercar),Lotus
2014,2014_Cota,GT (GTE Pro/Am),Porsche Team Manthey
2014,2014_Cota,GT (GTE Pro/Am),Aston Martin Racing
2014,2014_Cota,GT (GTE Pro/Am),Aston Martin Racing
2014,2014_Cota,GT (GTE Pro/Am),AF Corse
2014,2014_Cota,GT (GTE Pro/Am),Proton Competition
2014,2014_Cota,GT (GTE Pro/Am),AF Corse
2014,2014_Cota,GT (GTE Pro/Am),Aston Martin Racing
2014,2014_Cota,GT (GTE Pro/Am),8 Star Motorsports
2014,2014_Cota,GT (GTE Pro/Am),Corvette Racing
2014,2014_Cota,GT (GTE Pro/Am),Krohn Racing
2014,2014_Cota,GT (GTE Pro/Am),AF Corse
2014,2014_Cota,GT (GTE Pro/Am),Prospeed Competition
2014,2014_Cota,Top Class (LMP1/Hypercar),Rebellion Racing
2014,2014_Cota,LMP2,SMP Racing
2014,2014_Fuji,Top Class (LMP1/Hypercar),Toyota Gazoo Racing
2014,2014_Fuji,Top Class (LMP1/Hypercar),Toyota Gazoo Racing
2014,2014_Fuji,Top Class (LMP1/Hypercar),Porsche Team
2014,2014_Fuji,Top Class (LMP1/Hypercar),Porsche Team
2014,2014_Fuji,Top Class (LMP1/Hypercar),Audi Sport Team Joest
2014,2014_Fuji,Top Class (LMP1/Hypercar),Audi Sport Team Joest
2014,2014_Fuji,LMP2,G-Drive Racing
2014,2014_Fuji,LMP2,KCMG
2014,2014_Fuji,LMP2,OAK Racing
2014,2014_Fuji,LMP2,SMP Racing
2014,2014_Fuji,Top Class (LMP1/Hypercar),Rebellion Racing
2014,2014_Fuji,LMP2,SMP Racing
2014,2014_Fuji,GT (GTE Pro/Am),AF Corse
2014,2014_Fuji,GT (GTE Pro/Am),AF Corse
2014,2014_Fuji,GT (GTE Pro/Am),Aston Martin Racing
2014,2014_Fuji,GT (GTE Pro/Am),Porsche Team Manthey
2014,2014_Fuji,GT (GTE Pro/Am),Aston Martin Racing
2014,2014_Fuji,GT (GTE Pro/Am),Aston Martin Racing
2014,2014_Fuji,GT (GTE Pro/Am),Prospeed Competition
2014,2014_Fuji,GT (GTE Pro/Am),Proton Competition
2014,2014_Fuji,GT (GTE Pro/Am),Aston Martin Racing
2014,2014_Fuji,GT (GTE Pro/Am),AF Corse
2014,2014_Fuji,GT (GTE Pro/Am),Porsche Team Manthey
2014,2014_Fuji,Top Class (LMP1/Hypercar),Rebellion Racing
2014,2014_Fuji,Top Class (LMP1/Hypercar),Lotus
2014,2014_Fuji,GT (GTE Pro/Am),AF Corse
2014,2014_Fuji,GT (GTE Pro/Am),8 Star Motorsports
2014,2014_Interlagos,Top Class (LMP1/Hypercar),Porsche Team
2014,2014_Interlagos,Top Class (LMP1/Hypercar),Toyota Gazoo Racing
2014,2014_Interlagos,Top Class (LMP1/Hypercar),Audi Sport Team Joest
2014,2014_Interlagos,Top Class (LMP1/Hypercar),Toyota Gazoo Racing
2014,2014_Interlagos,Top Class (LMP1/Hypercar),Audi Sport Team Joest
2014,2014_Interlagos,LMP2,KCMG
2014,2014_Interlagos,GT (GTE Pro/Am),Aston Martin Racing
2014,2014_Interlagos,GT (GTE Pro/Am),Porsche Team Manthey
2014,2014_Interlagos,GT (GTE Pro/Am),AF Corse
2014,2014_Interlagos,GT (GTE Pro/Am),AF Corse
2014,2014_Interlagos,GT (GTE Pro/Am),Aston Martin Racing
2014,2014_Interlagos,GT (GTE Pro/Am),Porsche Team Manthey
2014,2014_Interlagos,GT (GTE Pro/Am),Aston Martin Racing
2014,2014_Interlagos,GT (GTE Pro/Am),Aston Martin Racing
2014,2014_Interlagos,GT (GTE Pro/Am),AF Corse
2014,2014_Interlagos,GT (GTE Pro/Am),Proton Competition
2014,2014_Interlagos,GT (GTE Pro/Am),Prospeed Competition
2014,2014_Interlagos,Top Class (LMP1/Hypercar),Rebellion Racing
2014,2014_Interlagos,Top Class (LMP1/Hypercar),Rebellion Racing
2014,2014_Interlagos,LMP2,SMP Racing
2014,2014_Interlagos,GT (GTE Pro/Am),AF Corse
2014,2014_Interlagos,Top Class (LMP1/Hypercar),Porsche Team
2014,2014_Interlagos,GT (GTE Pro/Am),8 Star Motorsports
2014,2014_Interlagos,LMP2,SMP Racing
2014,2014_Interlagos,Top Class (LMP1/Hypercar),Lotus
2014,2014_Interlagos,LMP2,G-Drive Racing
2014,2014_LeMans,Top Class (LMP1/Hypercar),Audi Sport Team Joest
2014,2014_LeMans,Top Class (LMP1/Hypercar),Audi Sport Team Joest
2014,2014_LeMans,Top Class (LMP1/Hypercar),Toyota Gazoo Racing
2014,2014_LeMans,Top Class (LMP1/Hypercar),Rebellion Racing
2014,2014_LeMans,LMP2,Jota Sport
2014,2014_LeMans,LMP2,Thiriet By TDS Racing
2014,2014_LeMans,LMP2,Signatech Alpine
2014,2014_LeMans,LMP2,Sebastien Loeb Racing
2014,2014_LeMans,LMP2,OAK Racing
2014,2014_LeMans,LMP2,Newblood By Morand Racing
2014,2014_LeMans,Top Class (LMP1/Hypercar),Porsche Team
2014,2014_LeMans,LMP2,OAK Racing - Team Asia
2014,2014_LeMans,LMP2,Race Performance
2014,2014_LeMans,LMP2,Larbre Competition
2014,2014_LeMans,GT (GTE Pro/Am),AF Corse
2014,2014_LeMans,GT (GTE Pro/Am),Corvette Racing
2014,2014_LeMans,GT (GTE Pro/Am),Porsche Team Manthey
2014,2014_LeMans,LMP2,Pegasus Racing
2014,2014_LeMans,GT (GTE Pro/Am),Aston Martin Racing
2014,2014_LeMans,GT (GTE Pro/Am),Corvette Racing
2014,2014_LeMans,GT (GTE Pro/Am),Proton Competition
2014,2014_LeMans,GT (GTE Pro/Am),AF Corse
2014,2014_LeMans,GT (GTE Pro/Am),8 Star Motorsports
2014,2014_LeMans,GT (GTE Pro/Am),Dempsey Racing - Proton
2014,2014_LeMans,LMP2,Caterham Racing
2014,2014_LeMans,GT (GTE Pro/Am),Aston Martin Racing
2014,2014_LeMans,GT (GTE Pro/Am),JMW Motorsport
2014,2014_LeMans,GT (GTE Pro/Am),Team Taisan
2014,2014_LeMans,GT (GTE Pro/Am),Team Sofrev ASP
2014,2014_LeMans,GT (GTE Pro/Am),Krohn Racing
2014,2014_LeMans,GT (GTE Pro/Am),IMSA Performance Matmut
2014,2014_LeMans,GT (GTE Pro/Am),RAM Racing
2014,2014_LeMans,GT (GTE Pro/Am),Prospeed Competition
2014,2014_LeMans,GT (GTE Pro/Am),IMSA Performance Matmut
2014,2014_LeMans,GT (GTE Pro/Am),Aston Martin Racing
2014,2014_LeMans,GT (GTE Pro/Am),Porsche Team Manthey
2014,2014_LeMans,LMP2,SMP Racing
2014,2014_LeMans,GT (GTE Pro/Am),AF Corse
2014,2014_LeMans,Top Class (LMP1/Hypercar),Porsche Team
2014,2014_LeMans,Top Class (LMP1/Hypercar),Toyota Gazoo Racing
2014,2014_LeMans,GT (GTE Pro/Am),SMP Racing
2014,2014_LeMans,GT (GTE Pro/Am),Prospeed Competition
2014,2014_LeMans,GT (GTE Pro/Am),RAM Racing
2014,2014_LeMans,LMP2,G-Drive Racing
2014,2014_LeMans,GT (GTE Pro/Am),AF Corse
2014,2014_LeMans,LMP2,KCMG
2014,2014_LeMans,Top Class (LMP1/Hypercar),Rebellion Racing
2014,2014_LeMans,LMP2,Murphy Prototypes
2014,2014_LeMans,LMP2,Greaves Motorsport
2014,2014_LeMans,GT (GTE Pro/Am),AF Corse
2014,2014_LeMans,Top Class (LMP1/Hypercar),Audi Sport Team Joest
2014,2014_LeMans,GT (GTE Pro/Am),AF Corse
2014,2014_LeMans,LMP2,SMP Racing
2014,2014_LeMans,Experimental,Nissan Motorsports Global
2014,2014_Shanghai,Top Class (LMP1/Hypercar),Toyota Gazoo Racing
2014,2014_Shanghai,Top Class (LMP1/Hypercar),Toyota Gazoo Racing
2014,2014_Shanghai,Top Class (LMP1/Hypercar),Porsche Team
2014,2014_Shanghai,Top Class (LMP1/Hypercar),Audi Sport Team Joest
2014,2014_Shanghai,Top Class (LMP1/Hypercar),Audi Sport Team Joest
2014,2014_Shanghai,Top Class (LMP1/Hypercar),Porsche Team
2014,2014_Shanghai,Top Class (LMP1/Hypercar),Rebellion Racing
2014,2014_Shanghai,Top Class (LMP1/Hypercar),Rebellion Racing
2014,2014_Shanghai,LMP2,G-Drive Racing
2014,2014_Shanghai,LMP2,Extreme Speed Motorsports
2014,2014_Shanghai,LMP2,SMP Racing
2014,2014_Shanghai,LMP2,SMP Racing
2014,2014_Shanghai,LMP2,Extreme Speed Motorsports
2014,2014_Shanghai,Top Class (LMP1/Hypercar),Lotus
2014,2014_Shanghai,LMP2,OAK Racing
2014,2014_Shanghai,GT (GTE Pro/Am),Porsche Team Manthey
2014,2014_Shanghai,GT (GTE Pro/Am),Porsche Team Manthey
2014,2014_Shanghai,GT (GTE Pro/Am),AF Corse
2014,2014_Shanghai,GT (GTE Pro/Am),Aston Martin Racing
2014,2014_Shanghai,GT (GTE Pro/Am),Aston Martin Racing
2014,2014_Shanghai,GT (GTE Pro/Am),Aston Martin Racing
2014,2014_Shanghai,GT (GTE Pro/Am),8 Star Motorsports
2014,2014_Shanghai,GT (GTE Pro/Am),Prospeed Competition
2014,2014_Shanghai,GT (GTE Pro/Am),Proton Competition
2014,2014_Shanghai,GT (GTE Pro/Am),Aston Martin Racing
2014,2014_Shanghai,LMP2,KCMG
2014,2014_Shanghai,GT (GTE Pro/Am),AF Corse
2015,2015_Silverstone,Top Class (LMP1/Hypercar),Audi Sport Team Joest
2015,2015_Silverstone,Top Class (LMP1/Hypercar),Porsche Team
2015,2015_Silverstone,Top Class (LMP1/Hypercar),Toyota Gazoo Racing
2015,2015_Silverstone,Top Class (LMP1/Hypercar),Toyota Gazoo Racing
2015,2015_Silverstone,Top Class (LMP1/Hypercar),Audi Sport Team Joest
2015,2015_Silverstone,LMP2,G-Drive Racing
2015,2015_Silverstone,LMP2,G-Drive Racing
2015,2015_Silverstone,LMP2,Strakka Racing
2015,2015_Silverstone,GT (GTE Pro/Am),AF Corse
2015,2015_Silverstone,GT (GTE Pro/Am),Porsche Team Manthey
2015,2015_Silverstone,GT (GTE Pro/Am),AF Corse
2015,2015_Silverstone,GT (GTE Pro/Am),Aston Martin Racing
2015,2015_Silverstone,GT (GTE Pro/Am),Aston Martin Racing
2015,2015_Silverstone,GT (GTE Pro/Am),Aston Martin Racing V8
2015,2015_Silverstone,GT (GTE Pro/Am),Porsche Team Manthey
2015,2015_Silverstone,GT (GTE Pro/Am),Aston Martin Racing
2015,2015_Silverstone,GT (GTE Pro/Am),AF Corse
2015,2015_Silverstone,GT (GTE Pro/Am),SMP Racing
2015,2015_Silverstone,LMP2,KCMG
2015,2015_Silverstone,GT (GTE Pro/Am),Aston Martin Racing
2015,2015_Silverstone,GT (GTE Pro/Am),Abu Dhabi-Proton Racing
2015,2015_Silverstone,LMP2,Oak Racing
2015,2015_Silverstone,GT (GTE Pro/Am),Dempsey Racing - Proton
2015,2015_Silverstone,LMP2,Extreme Speed Motorsports
2015,2015_Silverstone,GT (GTE Pro/Am),Larbre Competition
2015,2015_Silverstone,Top Class (LMP1/Hypercar),Team Bykolles
2015,2015_Silverstone,Top Class (LMP1/Hypercar),Porsche Team
2015,2015_Silverstone,LMP2,Signatech Alpine
2015,2015_Silverstone,LMP2,Extreme Speed Motorsports
2015,2015_Spa,Top Class (LMP1/Hypercar),Audi Sport Team Joest
2015,2015_Spa,Top Class (LMP1/Hypercar),Porsche Team
2015,2015_Spa,Top Class (LMP1/Hypercar),Porsche Team
2015,2015_Spa,Top Class (LMP1/Hypercar),Audi Sport Team Joest
2015,2015_Spa,Top Class (LMP1/Hypercar),Toyota Gazoo Racing
2015,2015_Spa,Top Class (LMP1/Hypercar),Porsche Team
2015,2015_Spa,Top Class (LMP1/Hypercar),Audi Sport Team Joest
2015,2015_Spa,Top Class (LMP1/Hypercar),Toyota Gazoo Racing
2015,2015_Spa,LMP2,Jota Sport
2015,2015_Spa,LMP2,G-Drive Racing
2015,2015_Spa,LMP2,Team Sard Morand
2015,2015_Spa,LMP2,KCMG
2015,2015_Spa,LMP2,Signatech Alpine
2015,2015_Spa,LMP2,Strakka Racing
2015,2015_Spa,LMP2,Oak Racing
2015,2015_Spa,GT (GTE Pro/Am),Aston Martin Racing V8
2015,2015_Spa,GT (GTE Pro/Am),Porsche Team Manthey
2015,2015_Spa,GT (GTE Pro/Am),Porsche Team Manthey
2015,2015_Spa,GT (GTE Pro/Am),AF Corse
2015,2015_Spa,GT (GTE Pro/Am),Aston Martin Racing
2015,2015_Spa,GT (GTE Pro/Am),Aston Martin Racing
2015,2015_Spa,GT (GTE Pro/Am),AF Corse
2015,2015_Spa,LMP2,Extreme Speed Motorsports
2015,2015_Spa,GT (GTE Pro/Am),Aston Martin Racing
2015,2015_Spa,GT (GTE Pro/Am),AF Corse
2015,2015_Spa,GT (GTE Pro/Am),SMP Racing
2015,2015_Spa,GT (GTE Pro/Am),Abu Dhabi-Proton Racing
2015,2015_Spa,GT (GTE Pro/Am),Dempsey - Proton Racing
2015,2015_Spa,GT (GTE Pro/Am),Aston Martin Racing
2015,2015_Spa,LMP2,Extreme Speed Motorsports
2015,2015_Spa,LMP2,G-Drive Racing
2015,2015_Spa,GT (GTE Pro/Am),AF Corse
2015,2015_Spa,GT (GTE Pro/Am),Larbre Competition
2015,2015_Spa,Top Class (LMP1/Hypercar),Team Bykolles
2015,2015_Bahrain,Top Class (LMP1/Hypercar),Porsche Team
2015,2015_Bahrain,Top Class (LMP1/Hypercar),Audi Sport Team Joest
2015,2015_Bahrain,Top Class (LMP1/Hypercar),Toyota Gazoo Racing
2015,2015_Bahrain,Top Class (LMP1/Hypercar),Toyota Gazoo Racing
2015,2015_Bahrain,Top Class (LMP1/Hypercar),Porsche Team
2015,2015_Bahrain,Top Class (LMP1/Hypercar),Audi Sport Team Joest
2015,2015_Bahrain,LMP2,G-Drive Racing
2015,2015_Bahrain,LMP2,KCMG
2015,2015_Bahrain,LMP2,G-Drive Racing
2015,2015_Bahrain,LMP2,Signatech Alpine
2015,2015_Bahrain,Top Class (LMP1/Hypercar),Rebellion Racing
2015,2015_Bahrain,Top Class (LMP1/Hypercar),Team Bykolles
2015,2015_Bahrain,LMP2,AF Racing
2015,2015_Bahrain,Top Class (LMP1/Hypercar),Rebellion Racing
2015,2015_Bahrain,LMP2,Strakka Racing
2015,2015_Bahrain,LMP2,Team Sard Morand
2015,2015_Bahrain,LMP2,Extreme Speed Motorsports
2015,2015_Bahrain,GT (GTE Pro/Am),Porsche Team Manthey
2015,2015_Bahrain,GT (GTE Pro/Am),AF Corse
2015,2015_Bahrain,LMP2,Extreme Speed Motorsports
2015,2015_Bahrain,GT (GTE Pro/Am),Aston Martin Racing
2015,2015_Bahrain,GT (GTE Pro/Am),Aston Martin Racing
2015,2015_Bahrain,GT (GTE Pro/Am),Porsche Team Manthey
2015,2015_Bahrain,GT (GTE Pro/Am),AF Corse
2015,2015_Bahrain,GT (GTE Pro/Am),Aston Martin Racing V8
2015,2015_Bahrain,GT (GTE Pro/Am),Aston Martin Racing
2015,2015_Bahrain,GT (GTE Pro/Am),Abu Dhabi-Proton Racing
2015,2015_Bahrain,GT (GTE Pro/Am),Dempsey - Proton Racing
2015,2015_Bahrain,GT (GTE Pro/Am),AF Corse
2015,2015_Bahrain,GT (GTE Pro/Am),SMP Racing
2015,2015_Bahrain,GT (GTE Pro/Am),Larbre Competition
2015,2015_Bahrain,GT (GTE Pro/Am),Aston Martin Racing
2015,2015_Cota,Top Class (LMP1/Hypercar),Porsche Team
2015,2015_Cota,Top Class (LMP1/Hypercar),Audi Sport Team Joest
2015,2015_Cota,Top Class (LMP1/Hypercar),Audi Sport Team Joest
2015,2015_Cota,Top Class (LMP1/Hypercar),Toyota Gazoo Racing
2015,2015_Cota,LMP2,G-Drive Racing
2015,2015_Cota,LMP2,KCMG
2015,2015_Cota,LMP2,G-Drive Racing
2015,2015_Cota,Top Class (LMP1/Hypercar),Team Bykolles
2015,2015_Cota,LMP2,Extreme Speed Motorsports
2015,2015_Cota,LMP2,Team Sard Morand
2015,2015_Cota,LMP2,Signatech Alpine
2015,2015_Cota,Top Class (LMP1/Hypercar),Porsche Team
2015,2015_Cota,LMP2,Strakka Racing
2015,2015_Cota,GT (GTE Pro/Am),Porsche Team Manthey
2015,2015_Cota,GT (GTE Pro/Am),Porsche Team Manthey
2015,2015_Cota,GT (GTE Pro/Am),AF Corse
2015,2015_Cota,GT (GTE Pro/Am),Aston Martin Racing V8
2015,2015_Cota,GT (GTE Pro/Am),Aston Martin Racing
2015,2015_Cota,GT (GTE Pro/Am),Aston Martin Racing
2015,2015_Cota,GT (GTE Pro/Am),AF Corse
2015,2015_Cota,GT (GTE Pro/Am),SMP Racing
2015,2015_Cota,GT (GTE Pro/Am),Abu Dhabi-Proton Racing
2015,2015_Cota,GT (GTE Pro/Am),AF Corse
2015,2015_Cota,GT (GTE Pro/Am),Dempsey - Proton Racing
2015,2015_Cota,GT (GTE Pro/Am),Aston Martin Racing
2015,2015_Cota,GT (GTE Pro/Am),Aston Martin Racing
2015,2015_Cota,GT (GTE Pro/Am),Larbre Competition
2015,2015_Cota,Top Class (LMP1/Hypercar),Rebellion Racing
2015,2015_Cota,Top Class (LMP1/Hypercar),Rebellion Racing
2015,2015_Cota,Top Class (LMP1/Hypercar),Toyota Gazoo Racing
2015,2015_Cota,LMP2,Extreme Speed Motorsports
2015,2015_Fuji,Top Class (LMP1/Hypercar),Porsche Team
2015,2015_Fuji,Top Class (LMP1/Hypercar),Porsche Team
2015,2015_Fuji,Top Class (LMP1/Hypercar),Audi Sport Team Joest
2015,2015_Fuji,Top Class (LMP1/Hypercar),Audi Sport Team Joest
2015,2015_Fuji,Top Class (LMP1/Hypercar),Toyota Gazoo Racing
2015,2015_Fuji,Top Class (LMP1/Hypercar),Toyota Gazoo Racing
2015,2015_Fuji,Top Class (LMP1/Hypercar),Rebellion Racing
2015,2015_Fuji,Top Class (LMP1/Hypercar),Team Bykolles
2015,2015_Fuji,LMP2,G-Drive Racing
2015,2015_Fuji,LMP2,Signatech Alpine
2015,2015_Fuji,LMP2,G-Drive Racing
2015,2015_Fuji,LMP2,Extreme Speed Motorsports
2015,2015_Fuji,GT (GTE Pro/Am),AF Corse
2015,2015_Fuji,LMP2,Team Sard Morand
2015,2015_Fuji,GT (GTE Pro/Am),Porsche Team Manthey
2015,2015_Fuji,GT (GTE Pro/Am),AF Corse
2015,2015_Fuji,GT (GTE Pro/Am),Porsche Team Manthey
2015,2015_Fuji,LMP2,Strakka Racing
2015,2015_Fuji,GT (GTE Pro/Am),Aston Martin Racing
2015,2015_Fuji,GT (GTE Pro/Am),Aston Martin Racing
2015,2015_Fuji,GT (GTE Pro/Am),Aston Martin Racing V8
2015,2015_Fuji,GT (GTE Pro/Am),Dempsey - Proton Racing
2015,2015_Fuji,GT (GTE Pro/Am),Aston Martin Racing
2015,2015_Fuji,GT (GTE Pro/Am),AF Corse
2015,2015_Fuji,LMP2,Extreme Speed Motorsports
2015,2015_Fuji,GT (GTE Pro/Am),Larbre Competition
2015,2015_Fuji,GT (GTE Pro/Am),Abu Dhabi-Proton Racing
2015,2015_Fuji,GT (GTE Pro/Am),SMP Racing
2015,2015_Fuji,GT (GTE Pro/Am),Aston Martin Racing
2015,2015_Fuji,Top Class (LMP1/Hypercar),Rebellion Racing
2015,2015_Fuji,LMP2,KCMG
2015,2015_Nurburgring,Top Class (LMP1/Hypercar),Porsche Team
2015,2015_Nurburgring,Top Class (LMP1/Hypercar),Porsche Team
2015,2015_Nurburgring,Top Class (LMP1/Hypercar),Audi Sport Team Joest
2015,2015_Nurburgring,Top Class (LMP1/Hypercar),Audi Sport Team Joest
2015,2015_Nurburgring,Top Class (LMP1/Hypercar),Toyota Gazoo Racing
2015,2015_Nurburgring,Top Class (LMP1/Hypercar),Toyota Gazoo Racing
2015,2015_Nurburgring,LMP2,KCMG
2015,2015_Nurburgring,LMP2,G-Drive Racing
2015,2015_Nurburgring,LMP2,G-Drive Racing
2015,2015_Nurburgring,LMP2,Team Sard Morand
2015,2015_Nurburgring,LMP2,Signatech Alpine
2015,2015_Nurburgring,LMP2,Extreme Speed Motorsports
2015,2015_Nurburgring,LMP2,Strakka Racing
2015,2015_Nurburgring,LMP2,Extreme Speed Motorsports
2015,2015_Nurburgring,GT (GTE Pro/Am),Porsche Team Manthey
2015,2015_Nurburgring,GT (GTE Pro/Am),Porsche Team Manthey
2015,2015_Nurburgring,GT (GTE Pro/Am),AF Corse
2015,2015_Nurburgring,Top Class (LMP1/Hypercar),Team Bykolles
2015,2015_Nurburgring,GT (GTE Pro/Am),Aston Martin Racing
2015,2015_Nurburgring,GT (GTE Pro/Am),Aston Martin Racing V8
2015,2015_Nurburgring,GT (GTE Pro/Am),Aston Martin Racing
2015,2015_Nurburgring,Top Class (LMP1/Hypercar),Rebellion Racing
2015,2015_Nurburgring,GT (GTE Pro/Am),SMP Racing
2015,2015_Nurburgring,GT (GTE Pro/Am),Aston Martin Racing
2015,2015_Nurburgring,GT (GTE Pro/Am),AF Corse
2015,2015_Nurburgring,GT (GTE Pro/Am),Dempsey - Proton Racing
2015,2015_Nurburgring,GT (GTE Pro/Am),Larbre Competition
2015,2015_Nurburgring,GT (GTE Pro/Am),Abu Dhabi-Proton Racing
2015,2015_Nurburgring,GT (GTE Pro/Am),Aston Martin Racing
2015,2015_Nurburgring,GT (GTE Pro/Am),AF Corse
2015,2015_Nurburgring,Top Class (LMP1/Hypercar),Rebellion Racing
2015,2015_LeMans,Top Class (LMP1/Hypercar),Porsche Team
2015,2015_LeMans,Top Class (LMP1/Hypercar),Porsche Team
2015,2015_LeMans,Top Class (LMP1/Hypercar),Audi Sport Team Joest
2015,2015_LeMans,Top Class (LMP1/Hypercar),Audi Sport Team Joest
2015,2015_LeMans,Top Class (LMP1/Hypercar),Porsche Team
2015,2015_LeMans,Top Class (LMP1/Hypercar),Toyota Gazoo Racing
2015,2015_LeMans,Top Class (LMP1/Hypercar),Audi Sport Team Joest
2015,2015_LeMans,Top Class (LMP1/Hypercar),Toyota Gazoo Racing
2015,2015_LeMans,LMP2,KCMG
2015,2015_LeMans,LMP2,JOTA Sport
2015,2015_LeMans,LMP2,G-Drive Racing
2015,2015_LeMans,LMP2,G-Drive Racing
2015,2015_LeMans,LMP2,Murphy Prototypes
2015,2015_LeMans,LMP2,SMP Racing
2015,2015_LeMans,LMP2,Extreme Speed Motorsports
2015,2015_LeMans,LMP2,Ibanez Racing
2015,2015_LeMans,GT (GTE Pro/Am),Corvette Racing - GM
2015,2015_LeMans,Top Class (LMP1/Hypercar),Rebellion Racing
2015,2015_LeMans,LMP2,Pegasus Racing
2015,2015_LeMans,GT (GTE Pro/Am),SMP Racing
2015,2015_LeMans,GT (GTE Pro/Am),AF Corse
2015,2015_LeMans,GT (GTE Pro/Am),Dempsey - Proton Racing
2015,2015_LeMans,Top Class (LMP1/Hypercar),Rebellion Racing
2015,2015_LeMans,GT (GTE Pro/Am),Scuderia Corsa
2015,2015_LeMans,GT (GTE Pro/Am),AF Corse
2015,2015_LeMans,GT (GTE Pro/Am),AF Corse
2015,2015_LeMans,GT (GTE Pro/Am),Aston Martin Racing
2015,2015_LeMans,LMP2,Extreme Speed Motorsports
2015,2015_LeMans,LMP2,Oak Racing
2015,2015_LeMans,GT (GTE Pro/Am),Porsche Team Manthey
2015,2015_LeMans,GT (GTE Pro/Am),AF Corse
2015,2015_LeMans,LMP2,Krohn Racing
2015,2015_LeMans,LMP2,SMP Racing
2015,2015_LeMans,GT (GTE Pro/Am),Aston Martin Racing V8
2015,2015_LeMans,GT (GTE Pro/Am),Team AAI
2015,2015_LeMans,GT (GTE Pro/Am),JMW Motorsport
2015,2015_LeMans,GT (GTE Pro/Am),Team AAI
2015,2015_LeMans,GT (GTE Pro/Am),Aston Martin Racing
2015,2015_LeMans,Top Class (LMP1/Hypercar),Nissan Motorsports
2015,2015_LeMans,LMP2,Oak Racing
2015,2015_LeMans,GT (GTE Pro/Am),Riley Motorsports-TI Auto
2015,2015_LeMans,LMP2,Strakka Racing
2015,2015_LeMans,GT (GTE Pro/Am),AF Corse
2015,2015_LeMans,Top Class (LMP1/Hypercar),Nissan Motorsports
2015,2015_LeMans,LMP2,Thiriet By Tds Racing
2015,2015_LeMans,GT (GTE Pro/Am),Aston Martin Racing
2015,2015_LeMans,LMP2,Team Sard Morand
2015,2015_LeMans,Top Class (LMP1/Hypercar),Nissan Motorsports
2015,2015_LeMans,LMP2,Signatech Alpine
2015,2015_LeMans,GT (GTE Pro/Am),Aston Martin Racing
2015,2015_LeMans,GT (GTE Pro/Am),Larbre Competition
2015,2015_LeMans,LMP2,Greaves Motorsport
2015,2015_LeMans,GT (GTE Pro/Am),Abu Dhabi-Proton Racing
2015,2015_LeMans,GT (GTE Pro/Am),Porsche Team Manthey
2015,2015_LeMans,Top Class (LMP1/Hypercar),Team Bykolles
2015,2015_Shanghai,Top Class (LMP1/Hypercar),Porsche Team
2015,2015_Shanghai,Top Class (LMP1/Hypercar),Porsche Team
2015,2015_Shanghai,Top Class (LMP1/Hypercar),Audi Sport Team Joest
2015,2015_Shanghai,Top Class (LMP1/Hypercar),Audi Sport Team Joest
2015,2015_Shanghai,Top Class (LMP1/Hypercar),Toyota Gazoo Racing
2015,2015_Shanghai,Top Class (LMP1/Hypercar),Toyota Gazoo Racing
2015,2015_Shanghai,Top Class (LMP1/Hypercar),Rebellion Racing
2015,2015_Shanghai,Top Class (LMP1/Hypercar),Team Bykolles
2015,2015_Shanghai,LMP2,Signatech Alpine
2015,2015_Shanghai,LMP2,G-Drive Racing
2015,2015_Shanghai,LMP2,KCMG
2015,2015_Shanghai,LMP2,Team Sard Morand
2015,2015_Shanghai,LMP2,Pegasus Racing
2015,2015_Shanghai,GT (GTE Pro/Am),Porsche Team Manthey
2015,2015_Shanghai,GT (GTE Pro/Am),AF Corse
2015,2015_Shanghai,GT (GTE Pro/Am),Porsche Team Manthey
2015,2015_Shanghai,GT (GTE Pro/Am),AF Corse
2015,2015_Shanghai,GT (GTE Pro/Am),Aston Martin Racing V8
2015,2015_Shanghai,GT (GTE Pro/Am),Aston Martin Racing
2015,2015_Shanghai,LMP2,Extreme Speed Motorsports
2015,2015_Shanghai,GT (GTE Pro/Am),AF Corse
2015,2015_Shanghai,GT (GTE Pro/Am),Aston Martin Racing
2015,2015_Shanghai,GT (GTE Pro/Am),SMP Racing
2015,2015_Shanghai,GT (GTE Pro/Am),Dempsey - Proton Racing
2015,2015_Shanghai,GT (GTE Pro/Am),Larbre Competition
2015,2015_Shanghai,LMP2,Strakka Racing
2015,2015_Shanghai,GT (GTE Pro/Am),Aston Martin Racing
2015,2015_Shanghai,GT (GTE Pro/Am),Abu Dhabi-Proton Racing
2015,2015_Shanghai,Top Class (LMP1/Hypercar),Rebellion Racing
2015,2015_Shanghai,LMP2,G-Drive Racing
2015,2015_Shanghai,LMP2,Extreme Speed Motorsports
2016,2016_Silverstone,Top Class (LMP1/Hypercar),Porsche Team
2016,2016_Silverstone,Top Class (LMP1/Hypercar),Toyota Gazoo Racing
2016,2016_Silverstone,Top Class (LMP1/Hypercar),Rebellion Racing
2016,2016_Silverstone,Top Class (LMP1/Hypercar),Rebellion Racing
2016,2016_Silverstone,LMP2,RGR Sport by Morand
2016,2016_Silverstone,LMP2,Extreme Speed Motorsports
2016,2016_Silverstone,LMP2,G-Drive Racing
2016,2016_Silverstone,LMP2,Signatech Alpine
2016,2016_Silverstone,LMP2,Strakka Racing
2016,2016_Silverstone,LMP2,Manor
2016,2016_Silverstone,LMP2,Baxi DC Racing Alpine
2016,2016_Silverstone,LMP2,SMP Racing
2016,2016_Silverstone,LMP2,Extreme Speed Motorsports
2016,2016_Silverstone,Top Class (LMP1/Hypercar),Bykolles Racing Team
2016,2016_Silverstone,LMP2,SMP Racing
2016,2016_Silverstone,Top Class (LMP1/Hypercar),Toyota Gazoo Racing
2016,2016_Silverstone,GT (GTE Pro/Am),AF Corse
2016,2016_Silverstone,GT (GTE Pro/Am),AF Corse
2016,2016_Silverstone,GT (GTE Pro/Am),Aston Martin Racing
2016,2016_Silverstone,GT (GTE Pro/Am),Ford Chip Ganassi Team UK
2016,2016_Silverstone,GT (GTE Pro/Am),Ford Chip Ganassi Team UK
2016,2016_Silverstone,GT (GTE Pro/Am),AF Corse
2016,2016_Silverstone,GT (GTE Pro/Am),Aston Martin Racing
2016,2016_Silverstone,GT (GTE Pro/Am),Larbre Competition
2016,2016_Silverstone,GT (GTE Pro/Am),Dempsey - Proton Racing
2016,2016_Silverstone,GT (GTE Pro/Am),KCMG
2016,2016_Silverstone,GT (GTE Pro/Am),Abu Dhabi-Proton Racing
2016,2016_Silverstone,GT (GTE Pro/Am),Aston Martin Racing
2016,2016_Silverstone,LMP2,Manor
2016,2016_Silverstone,Top Class (LMP1/Hypercar),Porsche Team
2016,2016_Silverstone,Top Class (LMP1/Hypercar),Audi Sport Team Joest
2016,2016_Silverstone,GT (GTE Pro/Am),Gulf Racing
2016,2016_Silverstone,Top Class (LMP1/Hypercar),Audi Sport Team Joest
2016,2016_Spa,Top Class (LMP1/Hypercar),Audi Sport Team Joest
2016,2016_Spa,Top Class (LMP1/Hypercar),Porsche Team
2016,2016_Spa,Top Class (LMP1/Hypercar),Rebellion Racing
2016,2016_Spa,Top Class (LMP1/Hypercar),Rebellion Racing
2016,2016_Spa,Top Class (LMP1/Hypercar),Audi Sport Team Joest
2016,2016_Spa,Top Class (LMP1/Hypercar),Bykolles Racing Team
2016,2016_Spa,LMP2,Signatech Alpine
2016,2016_Spa,LMP2,Extreme Speed Motorsports
2016,2016_Spa,LMP2,Manor
2016,2016_Spa,LMP2,RGR Sport by Morand
2016,2016_Spa,LMP2,G-Drive Racing
2016,2016_Spa,LMP2,G-Drive Racing
2016,2016_Spa,LMP2,Extreme Speed Motorsports
2016,2016_Spa,GT (GTE Pro/Am),AF Corse
2016,2016_Spa,LMP2,Manor
2016,2016_Spa,GT (GTE Pro/Am),Ford Chip Ganassi Team UK
2016,2016_Spa,GT (GTE Pro/Am),Aston Martin Racing
2016,2016_Spa,GT (GTE Pro/Am),Dempsey - Proton Racing
2016,2016_Spa,GT (GTE Pro/Am),Aston Martin Racing
2016,2016_Spa,GT (GTE Pro/Am),AF Corse
2016,2016_Spa,GT (GTE Pro/Am),Larbre Competition
2016,2016_Spa,GT (GTE Pro/Am),KCMG
2016,2016_Spa,GT (GTE Pro/Am),Gulf Racing
2016,2016_Spa,LMP2,SMP Racing
2016,2016_Spa,GT (GTE Pro/Am),Abu Dhabi-Proton Racing
2016,2016_Spa,Top Class (LMP1/Hypercar),Porsche Team
2016,2016_Spa,Top Class (LMP1/Hypercar),Toyota Gazoo Racing
2016,2016_Spa,LMP2,Baxi DC Racing Alpine
2016,2016_Spa,GT (GTE Pro/Am),AF Corse
2016,2016_Spa,LMP2,SMP Racing
2016,2016_Spa,GT (GTE Pro/Am),Ford Chip Ganassi Team UK
2016,2016_Spa,Top Class (LMP1/Hypercar),Toyota Gazoo Racing
2016,2016_Spa,LMP2,Strakka Racing
2016,2016_Spa,GT (GTE Pro/Am),Aston Martin Racing
2016,2016_Bahrain,Top Class (LMP1/Hypercar),Audi Sport Team Joest
2016,2016_Bahrain,Top Class (LMP1/Hypercar),Audi Sport Team Joest
2016,2016_Bahrain,Top Class (LMP1/Hypercar),Porsche Team
2016,2016_Bahrain,Top Class (LMP1/Hypercar),Toyota Gazoo Racing
2016,2016_Bahrain,Top Class (LMP1/Hypercar),Toyota Gazoo Racing
2016,2016_Bahrain,Top Class (LMP1/Hypercar),Porsche Team
2016,2016_Bahrain,Top Class (LMP1/Hypercar),Rebellion Racing
2016,2016_Bahrain,Top Class (LMP1/Hypercar),Bykolles Racing Team
2016,2016_Bahrain,LMP2,G-Drive Racing
2016,2016_Bahrain,LMP2,RGR Sport by Morand
2016,2016_Bahrain,LMP2,Signatech Alpine
2016,2016_Bahrain,LMP2,Extreme Speed Motorsports
2016,2016_Bahrain,LMP2,Extreme Speed Motorsports
2016,2016_Bahrain,LMP2,Baxi DC Racing Alpine
2016,2016_Bahrain,LMP2,Manor
2016,2016_Bahrain,LMP2,SMP Racing
2016,2016_Bahrain,LMP2,SMP Racing
2016,2016_Bahrain,LMP2,Manor
2016,2016_Bahrain,GT (GTE Pro/Am),Aston Martin Racing
2016,2016_Bahrain,GT (GTE Pro/Am),AF Corse
2016,2016_Bahrain,GT (GTE Pro/Am),AF Corse
2016,2016_Bahrain,GT (GTE Pro/Am),Ford Chip Ganassi Team UK
2016,2016_Bahrain,GT (GTE Pro/Am),Aston Martin Racing
2016,2016_Bahrain,GT (GTE Pro/Am),Ford Chip Ganassi Team UK
2016,2016_Bahrain,GT (GTE Pro/Am),Dempsey - Proton Racing
2016,2016_Bahrain,GT (GTE Pro/Am),Abu Dhabi-Proton Racing
2016,2016_Bahrain,GT (GTE Pro/Am),KCMG
2016,2016_Bahrain,GT (GTE Pro/Am),AF Corse
2016,2016_Bahrain,GT (GTE Pro/Am),Gulf Racing
2016,2016_Bahrain,GT (GTE Pro/Am),Larbre Competition
2016,2016_Bahrain,GT (GTE Pro/Am),Aston Martin Racing
2016,2016_Cota,Top Class (LMP1/Hypercar),Porsche Team
2016,2016_Cota,Top Class (LMP1/Hypercar),Audi Sport Team Joest
2016,2016_Cota,Top Class (LMP1/Hypercar),Toyota Gazoo Racing
2016,2016_Cota,Top Class (LMP1/Hypercar),Porsche Team
2016,2016_Cota,Top Class (LMP1/Hypercar),Toyota Gazoo Racing
2016,2016_Cota,Top Class (LMP1/Hypercar),Audi Sport Team Joest
2016,2016_Cota,Top Class (LMP1/Hypercar),Rebellion Racing
2016,2016_Cota,LMP2,Signatech Alpine
2016,2016_Cota,LMP2,RGR Sport by Morand
2016,2016_Cota,LMP2,G-Drive Racing
2016,2016_Cota,Top Class (LMP1/Hypercar),Bykolles Racing Team
2016,2016_Cota,LMP2,SMP Racing
2016,2016_Cota,LMP2,Extreme Speed Motorsports
2016,2016_Cota,LMP2,SMP Racing
2016,2016_Cota,LMP2,Extreme Speed Motorsports
2016,2016_Cota,GT (GTE Pro/Am),Aston Martin Racing
2016,2016_Cota,GT (GTE Pro/Am),AF Corse
2016,2016_Cota,GT (GTE Pro/Am),AF Corse
2016,2016_Cota,GT (GTE Pro/Am),Ford Chip Ganassi Team UK
2016,2016_Cota,GT (GTE Pro/Am),Aston Martin Racing
2016,2016_Cota,GT (GTE Pro/Am),Dempsey - Proton Racing
2016,2016_Cota,GT (GTE Pro/Am),Aston Martin Racing
2016,2016_Cota,GT (GTE Pro/Am),KCMG
2016,2016_Cota,GT (GTE Pro/Am),Larbre Competition
2016,2016_Cota,GT (GTE Pro/Am),Gulf Racing
2016,2016_Cota,LMP2,Baxi DC Racing Alpine
2016,2016_Cota,GT (GTE Pro/Am),Abu Dhabi-Proton Racing
2016,2016_Cota,GT (GTE Pro/Am),AF Corse
2016,2016_Cota,GT (GTE Pro/Am),Ford Chip Ganassi Team UK
2016,2016_Cota,LMP2,Manor
2016,2016_Cota,LMP2,Strakka Racing
2016,2016_Fuji,Top Class (LMP1/Hypercar),Toyota Gazoo Racing
2016,2016_Fuji,Top Class (LMP1/Hypercar),Audi Sport Team Joest
2016,2016_Fuji,Top Class (LMP1/Hypercar),Porsche Team
2016,2016_Fuji,Top Class (LMP1/Hypercar),Toyota Gazoo Racing
2016,2016_Fuji,Top Class (LMP1/Hypercar),Porsche Team
2016,2016_Fuji,Top Class (LMP1/Hypercar),Rebellion Racing
2016,2016_Fuji,LMP2,G-Drive Racing
2016,2016_Fuji,LMP2,RGR Sport by Morand
2016,2016_Fuji,LMP2,Signatech Alpine
2016,2016_Fuji,LMP2,Extreme Speed Motorsports
2016,2016_Fuji,LMP2,Extreme Speed Motorsports
2016,2016_Fuji,LMP2,Strakka Racing
2016,2016_Fuji,LMP2,Manor
2016,2016_Fuji,LMP2,SMP Racing
2016,2016_Fuji,LMP2,Baxi DC Racing Alpine
2016,2016_Fuji,LMP2,SMP Racing
2016,2016_Fuji,GT (GTE Pro/Am),Ford Chip Ganassi Team UK
2016,2016_Fuji,GT (GTE Pro/Am),Ford Chip Ganassi Team UK
2016,2016_Fuji,GT (GTE Pro/Am),AF Corse
2016,2016_Fuji,GT (GTE Pro/Am),AF Corse
2016,2016_Fuji,GT (GTE Pro/Am),Aston Martin Racing
2016,2016_Fuji,GT (GTE Pro/Am),Aston Martin Racing
2016,2016_Fuji,GT (GTE Pro/Am),Dempsey - Proton Racing
2016,2016_Fuji,GT (GTE Pro/Am),Aston Martin Racing
2016,2016_Fuji,GT (GTE Pro/Am),AF Corse
2016,2016_Fuji,GT (GTE Pro/Am),KCMG
2016,2016_Fuji,GT (GTE Pro/Am),Gulf Racing
2016,2016_Fuji,GT (GTE Pro/Am),Abu Dhabi-Proton Racing
2016,2016_Fuji,LMP2,Manor
2016,2016_Fuji,GT (GTE Pro/Am),Larbre Competition
2016,2016_Fuji,Top Class (LMP1/Hypercar),Bykolles Racing Team
2016,2016_Fuji,Top Class (LMP1/Hypercar),Audi Sport Team Joest
2016,2016_Nurburgring,Top Class (LMP1/Hypercar),Porsche Team
2016,2016_Nurburgring,Top Class (LMP1/Hypercar),Audi Sport Team Joest
2016,2016_Nurburgring,Top Class (LMP1/Hypercar),Audi Sport Team Joest
2016,2016_Nurburgring,Top Class (LMP1/Hypercar),Porsche Team
2016,2016_Nurburgring,Top Class (LMP1/Hypercar),Toyota Gazoo Racing
2016,2016_Nurburgring,Top Class (LMP1/Hypercar),Toyota Gazoo Racing
2016,2016_Nurburgring,Top Class (LMP1/Hypercar),Rebellion Racing
2016,2016_Nurburgring,LMP2,Signatech Alpine
2016,2016_Nurburgring,LMP2,RGR Sport by Morand
2016,2016_Nurburgring,LMP2,Extreme Speed Motorsports
2016,2016_Nurburgring,LMP2,Strakka Racing
2016,2016_Nurburgring,LMP2,Manor
2016,2016_Nurburgring,LMP2,SMP Racing
2016,2016_Nurburgring,LMP2,Baxi DC Racing Alpine
2016,2016_Nurburgring,LMP2,SMP Racing
2016,2016_Nurburgring,LMP2,Extreme Speed Motorsports
2016,2016_Nurburgring,Top Class (LMP1/Hypercar),Rebellion Racing
2016,2016_Nurburgring,GT (GTE Pro/Am),AF Corse
2016,2016_Nurburgring,GT (GTE Pro/Am),AF Corse
2016,2016_Nurburgring,GT (GTE Pro/Am),Aston Martin Racing
2016,2016_Nurburgring,GT (GTE Pro/Am),Ford Chip Ganassi Team UK
2016,2016_Nurburgring,GT (GTE Pro/Am),Aston Martin Racing
2016,2016_Nurburgring,GT (GTE Pro/Am),Dempsey - Proton Racing
2016,2016_Nurburgring,GT (GTE Pro/Am),Aston Martin Racing
2016,2016_Nurburgring,GT (GTE Pro/Am),AF Corse
2016,2016_Nurburgring,GT (GTE Pro/Am),Larbre Competition
2016,2016_Nurburgring,GT (GTE Pro/Am),Abu Dhabi-Proton Racing
2016,2016_Nurburgring,GT (GTE Pro/Am),Gulf Racing
2016,2016_Nurburgring,GT (GTE Pro/Am),Ford Chip Ganassi Team UK
2016,2016_Nurburgring,LMP2,Manor
2016,2016_Nurburgring,Top Class (LMP1/Hypercar),Bykolles Racing Team
2016,2016_Nurburgring,LMP2,G-Drive Racing
2016,2016_Nurburgring,GT (GTE Pro/Am),KCMG
2016,2016_LeMans,Top Class (LMP1/Hypercar),Porsche Team
2016,2016_LeMans,Top Class (LMP1/Hypercar),Toyota Gazoo Racing
2016,2016_LeMans,Top Class (LMP1/Hypercar),Audi Sport Team Joest
2016,2016_LeMans,Top Class (LMP1/Hypercar),Audi Sport Team Joest
2016,2016_LeMans,LMP2,Signatech Alpine
2016,2016_LeMans,LMP2,G-Drive Racing
2016,2016_LeMans,LMP2,SMP Racing
2016,2016_LeMans,LMP2,Strakka Racing
2016,2016_LeMans,LMP2,Eurasia Motorsport
2016,2016_LeMans,LMP2,Greaves Motorsport
2016,2016_LeMans,LMP2,SMP Racing
2016,2016_LeMans,LMP2,Panis Barthez Competition
2016,2016_LeMans,Top Class (LMP1/Hypercar),Porsche Team
2016,2016_LeMans,LMP2,Michael Shank Racing
2016,2016_LeMans,LMP2,RGR Sport by Morand
2016,2016_LeMans,LMP2,Extreme Speed Motorsports
2016,2016_LeMans,LMP2,Algarve Pro Racing
2016,2016_LeMans,GT (GTE Pro/Am),Ford Chip Ganassi Team USA
2016,2016_LeMans,GT (GTE Pro/Am),Risi Competizione
2016,2016_LeMans,GT (GTE Pro/Am),Ford Chip Ganassi Team USA
2016,2016_LeMans,GT (GTE Pro/Am),Ford Chip Ganassi Team UK
2016,2016_LeMans,LMP2,Krohn Racing
2016,2016_LeMans,GT (GTE Pro/Am),Aston Martin Racing
2016,2016_LeMans,GT (GTE Pro/Am),Aston Martin Racing
2016,2016_LeMans,GT (GTE Pro/Am),Corvette Racing - GM
2016,2016_LeMans,GT (GTE Pro/Am),Scuderia Corsa
2016,2016_LeMans,GT (GTE Pro/Am),AF Corse
2016,2016_LeMans,GT (GTE Pro/Am),Abu Dhabi-Proton Racing
2016,2016_LeMans,Top Class (LMP1/Hypercar),Rebellion Racing
2016,2016_LeMans,GT (GTE Pro/Am),Clearwater Racing
2016,2016_LeMans,GT (GTE Pro/Am),Dempsey - Proton Racing
2016,2016_LeMans,LMP2,SO24 ! By Lombard Racing
2016,2016_LeMans,GT (GTE Pro/Am),Gulf Racing
2016,2016_LeMans,LMP2,Murphy Prototypes
2016,2016_LeMans,GT (GTE Pro/Am),Formula Racing
2016,2016_LeMans,GT (GTE Pro/Am),Aston Martin Racing
2016,2016_LeMans,GT (GTE Pro/Am),Larbre Competition
2016,2016_LeMans,Experimental,SRT41 By OAK Racing
2016,2016_LeMans,GT (GTE Pro/Am),Team AAI
2016,2016_LeMans,GT (GTE Pro/Am),Ford Chip Ganassi Team UK
2016,2016_LeMans,GT (GTE Pro/Am),KCMG
2016,2016_LeMans,LMP2,Extreme Speed Motorsports
2016,2016_LeMans,GT (GTE Pro/Am),AF Corse
2016,2016_LeMans,LMP2,Race Performance
2016,2016_LeMans,Top Class (LMP1/Hypercar),Toyota Gazoo Racing
2016,2016_LeMans,LMP2,Pegasus Racing
2016,2016_LeMans,GT (GTE Pro/Am),Aston Martin Racing
2016,2016_LeMans,LMP2,G-Drive Racing
2016,2016_LeMans,Top Class (LMP1/Hypercar),Rebellion Racing
2016,2016_LeMans,LMP2,Manor
2016,2016_LeMans,LMP2,Thiriet By Tds Racing
2016,2016_LeMans,LMP2,Baxi DC Racing Alpine
2016,2016_LeMans,GT (GTE Pro/Am),Corvette Racing - GM
2016,2016_LeMans,Top Class (LMP1/Hypercar),Bykolles Racing Team
2016,2016_LeMans,GT (GTE Pro/Am),AF Corse
2016,2016_LeMans,GT (GTE Pro/Am),AF Corse
2016,2016_LeMans,GT (GTE Pro/Am),Porsche Motorsport
2016,2016_LeMans,GT (GTE Pro/Am),Porsche Motorsport
2016,2016_LeMans,LMP2,KCMG
2016,2016_LeMans,GT (GTE Pro/Am),Proton Competition
2016,2016_Shanghai,Top Class (LMP1/Hypercar),Porsche Team
2016,2016_Shanghai,Top Class (LMP1/Hypercar),Toyota Gazoo Racing
2016,2016_Shanghai,Top Class (LMP1/Hypercar),Toyota Gazoo Racing
2016,2016_Shanghai,Top Class (LMP1/Hypercar),Porsche Team
2016,2016_Shanghai,Top Class (LMP1/Hypercar),Audi Sport Team Joest
2016,2016_Shanghai,Top Class (LMP1/Hypercar),Audi Sport Team Joest
2016,2016_Shanghai,Top Class (LMP1/Hypercar),Bykolles Racing Team
2016,2016_Shanghai,LMP2,G-Drive Racing
2016,2016_Shanghai,LMP2,Extreme Speed Motorsports
2016,2016_Shanghai,LMP2,RGR Sport by Morand
2016,2016_Shanghai,LMP2,Signatech Alpine
2016,2016_Shanghai,LMP2,Extreme Speed Motorsports
2016,2016_Shanghai,LMP2,SMP Racing
2016,2016_Shanghai,LMP2,SMP Racing
2016,2016_Shanghai,LMP2,Baxi DC Racing Alpine
2016,2016_Shanghai,LMP2,Manor
2016,2016_Shanghai,GT (GTE Pro/Am),Ford Chip Ganassi Team UK
2016,2016_Shanghai,GT (GTE Pro/Am),Ford Chip Ganassi Team UK
2016,2016_Shanghai,GT (GTE Pro/Am),AF Corse
2016,2016_Shanghai,GT (GTE Pro/Am),Aston Martin Racing
2016,2016_Shanghai,GT (GTE Pro/Am),AF Corse
2016,2016_Shanghai,GT (GTE Pro/Am),Dempsey - Proton Racing
2016,2016_Shanghai,GT (GTE Pro/Am),Aston Martin Racing
2016,2016_Shanghai,Top Class (LMP1/Hypercar),Rebellion Racing
2016,2016_Shanghai,GT (GTE Pro/Am),AF Corse
2016,2016_Shanghai,GT (GTE Pro/Am),KCMG
2016,2016_Shanghai,GT (GTE Pro/Am),Abu Dhabi-Proton Racing
2016,2016_Shanghai,GT (GTE Pro/Am),Larbre Competition
2016,2016_Shanghai,GT (GTE Pro/Am),Gulf Racing
2016,2016_Shanghai,GT (GTE Pro/Am),Aston Martin Racing
2016,2016_Shanghai,LMP2,Manor
2016,2016_Mexico,Top Class (LMP1/Hypercar),Porsche Team
2016,2016_Mexico,Top Class (LMP1/Hypercar),Audi Sport Team Joest
2016,2016_Mexico,Top Class (LMP1/Hypercar),Toyota Gazoo Racing
2016,2016_Mexico,Top Class (LMP1/Hypercar),Porsche Team
2016,2016_Mexico,Top Class (LMP1/Hypercar),Rebellion Racing
2016,2016_Mexico,LMP2,RGR Sport by Morand
2016,2016_Mexico,LMP2,Signatech Alpine
2016,2016_Mexico,LMP2,Extreme Speed Motorsports
2016,2016_Mexico,LMP2,Strakka Racing
2016,2016_Mexico,LMP2,Greaves Motorsport
2016,2016_Mexico,LMP2,Baxi DC Racing Alpine
2016,2016_Mexico,LMP2,SMP Racing
2016,2016_Mexico,LMP2,G-Drive Racing
2016,2016_Mexico,LMP2,Extreme Speed Motorsports
2016,2016_Mexico,GT (GTE Pro/Am),Aston Martin Racing
2016,2016_Mexico,GT (GTE Pro/Am),AF Corse
2016,2016_Mexico,GT (GTE Pro/Am),Aston Martin Racing
2016,2016_Mexico,GT (GTE Pro/Am),AF Corse
2016,2016_Mexico,GT (GTE Pro/Am),Ford Chip Ganassi Team UK
2016,2016_Mexico,GT (GTE Pro/Am),Dempsey - Proton Racing
2016,2016_Mexico,Top Class (LMP1/Hypercar),Bykolles Racing Team
2016,2016_Mexico,GT (GTE Pro/Am),Abu Dhabi-Proton Racing
2016,2016_Mexico,GT (GTE Pro/Am),AF Corse
2016,2016_Mexico,GT (GTE Pro/Am),KCMG
2016,2016_Mexico,GT (GTE Pro/Am),Gulf Racing
2016,2016_Mexico,GT (GTE Pro/Am),Ford Chip Ganassi Team UK
2016,2016_Mexico,Top Class (LMP1/Hypercar),Audi Sport Team Joest
2016,2016_Mexico,GT (GTE Pro/Am),Aston Martin Racing
2016,2016_Mexico,GT (GTE Pro/Am),Larbre Competition
2016,2016_Mexico,LMP2,Manor
2016,2016_Mexico,Top Class (LMP1/Hypercar),Toyota Gazoo Racing
2016,2016_Mexico,LMP2,SMP Racing
2017,2017_Silverstone,Top Class (LMP1/Hypercar),Toyota Gazoo Racing
2017,2017_Silverstone,Top Class (LMP1/Hypercar),Porsche LMP Team
2017,2017_Silverstone,Top Class (LMP1/Hypercar),Porsche LMP Team
2017,2017_Silverstone,LMP2,Jackie Chan DC Racing
2017,2017_Silverstone,LMP2,Vaillante Rebellion
2017,2017_Silverstone,LMP2,TDS Racing
2017,2017_Silverstone,LMP2,Signatech Alpine Matmut
2017,2017_Silverstone,LMP2,G-Drive Racing
2017,2017_Silverstone,LMP2,CEFC Manor TRS Racing
2017,2017_Silverstone,LMP2,CEFC Manor TRS Racing
2017,2017_Silverstone,LMP2,Jackie Chan DC Racing
2017,2017_Silverstone,LMP2,Vaillante Rebellion
2017,2017_Silverstone,GT (GTE Pro/Am),Ford Chip Ganassi Team UK
2017,2017_Silverstone,GT (GTE Pro/Am),AF Corse
2017,2017_Silverstone,GT (GTE Pro/Am),Porsche GT Team
2017,2017_Silverstone,GT (GTE Pro/Am),Ford Chip Ganassi Team UK
2017,2017_Silverstone,GT (GTE Pro/Am),AF Corse
2017,2017_Silverstone,GT (GTE Pro/Am),Aston Martin Racing
2017,2017_Silverstone,GT (GTE Pro/Am),Aston Martin Racing
2017,2017_Silverstone,GT (GTE Pro/Am),Clearwater Racing
2017,2017_Silverstone,GT (GTE Pro/Am),Aston Martin Racing
2017,2017_Silverstone,GT (GTE Pro/Am),Dempsey-Proton Racing
2017,2017_Silverstone,Top Class (LMP1/Hypercar),Toyota Gazoo Racing
2017,2017_Silverstone,GT (GTE Pro/Am),Gulf Racing UK
2017,2017_Silverstone,GT (GTE Pro/Am),Spirit of Race
2017,2017_Silverstone,Top Class (LMP1/Hypercar),Bykolles Racing Team
2017,2017_Silverstone,GT (GTE Pro/Am),Porsche GT Team
2017,2017_Spa,Top Class (LMP1/Hypercar),Toyota Gazoo Racing
2017,2017_Spa,Top Class (LMP1/Hypercar),Toyota Gazoo Racing
2017,2017_Spa,Top Class (LMP1/Hypercar),Porsche LMP Team
2017,2017_Spa,Top Class (LMP1/Hypercar),Porsche LMP Team
2017,2017_Spa,Top Class (LMP1/Hypercar),Toyota Gazoo Racing
2017,2017_Spa,Top Class (LMP1/Hypercar),Bykolles Racing Team
2017,2017_Spa,LMP2,G-Drive Racing
2017,2017_Spa,LMP2,Vaillante Rebellion
2017,2017_Spa,LMP2,Jackie Chan DC Racing
2017,2017_Spa,LMP2,Vaillante Rebellion
2017,2017_Spa,LMP2,Signatech Alpine Matmut
2017,2017_Spa,LMP2,Signatech Alpine Matmut
2017,2017_Spa,LMP2,CEFC Manor TRS Racing
2017,2017_Spa,LMP2,CEFC Manor TRS Racing
2017,2017_Spa,LMP2,TDS Racing
2017,2017_Spa,LMP2,Jackie Chan DC Racing
2017,2017_Spa,GT (GTE Pro/Am),AF Corse
2017,2017_Spa,GT (GTE Pro/Am),AF Corse
2017,2017_Spa,GT (GTE Pro/Am),Ford Chip Ganassi Team UK
2017,2017_Spa,GT (GTE Pro/Am),Ford Chip Ganassi Team UK
2017,2017_Spa,GT (GTE Pro/Am),Porsche GT Team
2017,2017_Spa,GT (GTE Pro/Am),Porsche GT Team
2017,2017_Spa,GT (GTE Pro/Am),Aston Martin Racing
2017,2017_Spa,GT (GTE Pro/Am),Aston Martin Racing
2017,2017_Spa,GT (GTE Pro/Am),Aston Martin Racing
2017,2017_Spa,GT (GTE Pro/Am),Dempsey-Proton Racing
2017,2017_Spa,GT (GTE Pro/Am),Clearwater Racing
2017,2017_Spa,GT (GTE Pro/Am),Spirit of Race
2017,2017_Spa,LMP2,Tockwith Motorsports
2017,2017_Spa,GT (GTE Pro/Am),Gulf Racing UK
2017,2017_Bahrain,Top Class (LMP1/Hypercar),Toyota Gazoo Racing
2017,2017_Bahrain,Top Class (LMP1/Hypercar),Porsche LMP Team
2017,2017_Bahrain,Top Class (LMP1/Hypercar),Porsche LMP Team
2017,2017_Bahrain,Top Class (LMP1/Hypercar),Toyota Gazoo Racing
2017,2017_Bahrain,LMP2,Vaillante Rebellion
2017,2017_Bahrain,LMP2,Jackie Chan DC Racing
2017,2017_Bahrain,LMP2,Vaillante Rebellion
2017,2017_Bahrain,LMP2,Signatech Alpine Matmut
2017,2017_Bahrain,LMP2,CEFC Manor TRS Racing
2017,2017_Bahrain,LMP2,CEFC Manor TRS Racing
2017,2017_Bahrain,LMP2,G-Drive Racing
2017,2017_Bahrain,LMP2,Jackie Chan DC Racing
2017,2017_Bahrain,LMP2,TDS Racing
2017,2017_Bahrain,GT (GTE Pro/Am),AF Corse
2017,2017_Bahrain,GT (GTE Pro/Am),AF Corse
2017,2017_Bahrain,GT (GTE Pro/Am),Ford Chip Ganassi Team UK
2017,2017_Bahrain,GT (GTE Pro/Am),Porsche GT Team
2017,2017_Bahrain,GT (GTE Pro/Am),Ford Chip Ganassi Team UK
2017,2017_Bahrain,GT (GTE Pro/Am),Aston Martin Racing
2017,2017_Bahrain,GT (GTE Pro/Am),Aston Martin Racing
2017,2017_Bahrain,GT (GTE Pro/Am),Aston Martin Racing
2017,2017_Bahrain,GT (GTE Pro/Am),Clearwater Racing
2017,2017_Bahrain,GT (GTE Pro/Am),Spirit of Race
2017,2017_Bahrain,GT (GTE Pro/Am),Dempsey - Proton Racing
2017,2017_Bahrain,GT (GTE Pro/Am),Gulf Racing UK
2017,2017_Bahrain,GT (GTE Pro/Am),Porsche GT Team
2017,2017_Cota,Top Class (LMP1/Hypercar),Porsche LMP Team
2017,2017_Cota,Top Class (LMP1/Hypercar),Porsche LMP Team
2017,2017_Cota,Top Class (LMP1/Hypercar),Toyota Gazoo Racing
2017,2017_Cota,Top Class (LMP1/Hypercar),Toyota Gazoo Racing
2017,2017_Cota,LMP2,Signatech Alpine Matmut
2017,2017_Cota,LMP2,Vaillante Rebellion
2017,2017_Cota,LMP2,Vaillante Rebellion
2017,2017_Cota,LMP2,Jackie Chan DC Racing
2017,2017_Cota,LMP2,Jackie Chan DC Racing
2017,2017_Cota,LMP2,CEFC Manor TRS Racing
2017,2017_Cota,LMP2,TDS Racing
2017,2017_Cota,LMP2,G-Drive Racing
2017,2017_Cota,GT (GTE Pro/Am),AF Corse
2017,2017_Cota,GT (GTE Pro/Am),Porsche GT Team
2017,2017_Cota,GT (GTE Pro/Am),AF Corse
2017,2017_Cota,GT (GTE Pro/Am),Aston Martin Racing
2017,2017_Cota,GT (GTE Pro/Am),Aston Martin Racing
2017,2017_Cota,GT (GTE Pro/Am),Porsche GT Team
2017,2017_Cota,GT (GTE Pro/Am),Ford Chip Ganassi Team UK
2017,2017_Cota,GT (GTE Pro/Am),Ford Chip Ganassi Team UK
2017,2017_Cota,GT (GTE Pro/Am),Aston Martin Racing
2017,2017_Cota,GT (GTE Pro/Am),Clearwater Racing
2017,2017_Cota,GT (GTE Pro/Am),Spirit of Race
2017,2017_Cota,GT (GTE Pro/Am),Dempsey - Proton Racing
2017,2017_Cota,GT (GTE Pro/Am),Gulf Racing UK
2017,2017_Cota,LMP2,CEFC Manor TRS Racing
2017,2017_Fuji,Top Class (LMP1/Hypercar),Toyota Gazoo Racing
2017,2017_Fuji,Top Class (LMP1/Hypercar),Toyota Gazoo Racing
2017,2017_Fuji,Top Class (LMP1/Hypercar),Porsche LMP Team
2017,2017_Fuji,Top Class (LMP1/Hypercar),Porsche LMP Team
2017,2017_Fuji,LMP2,Vaillante Rebellion
2017,2017_Fuji,LMP2,Signatech Alpine Matmut
2017,2017_Fuji,LMP2,Jackie Chan DC Racing
2017,2017_Fuji,LMP2,TDS Racing
2017,2017_Fuji,LMP2,CEFC Manor TRS Racing
2017,2017_Fuji,LMP2,G-Drive Racing
2017,2017_Fuji,GT (GTE Pro/Am),AF Corse
2017,2017_Fuji,GT (GTE Pro/Am),Porsche GT Team
2017,2017_Fuji,LMP2,CEFC Manor TRS Racing
2017,2017_Fuji,GT (GTE Pro/Am),Porsche GT Team
2017,2017_Fuji,GT (GTE Pro/Am),Ford Chip Ganassi Team UK
2017,2017_Fuji,GT (GTE Pro/Am),AF Corse
2017,2017_Fuji,GT (GTE Pro/Am),Aston Martin Racing
2017,2017_Fuji,GT (GTE Pro/Am),Aston Martin Racing
2017,2017_Fuji,GT (GTE Pro/Am),Spirit of Race
2017,2017_Fuji,GT (GTE Pro/Am),Clearwater Racing
2017,2017_Fuji,GT (GTE Pro/Am),Dempsey - Proton Racing
2017,2017_Fuji,GT (GTE Pro/Am),Gulf Racing UK
2017,2017_Fuji,GT (GTE Pro/Am),Aston Martin Racing
2017,2017_Fuji,GT (GTE Pro/Am),Ford Chip Ganassi Team UK
2017,2017_Fuji,LMP2,Jackie Chan DC Racing
2017,2017_Fuji,LMP2,Vaillante Rebellion
2017,2017_Nurburgring,Top Class (LMP1/Hypercar),Porsche LMP Team
2017,2017_Nurburgring,Top Class (LMP1/Hypercar),Porsche LMP Team
2017,2017_Nurburgring,Top Class (LMP1/Hypercar),Toyota Gazoo Racing
2017,2017_Nurburgring,Top Class (LMP1/Hypercar),Toyota Gazoo Racing
2017,2017_Nurburgring,LMP2,Jackie Chan DC Racing
2017,2017_Nurburgring,LMP2,Vaillante Rebellion
2017,2017_Nurburgring,LMP2,Signatech Alpine Matmut
2017,2017_Nurburgring,LMP2,Vaillante Rebellion
2017,2017_Nurburgring,LMP2,Jackie Chan DC Racing
2017,2017_Nurburgring,LMP2,G-Drive Racing
2017,2017_Nurburgring,LMP2,CEFC Manor TRS Racing
2017,2017_Nurburgring,LMP2,TDS Racing
2017,2017_Nurburgring,LMP2,CEFC Manor TRS Racing
2017,2017_Nurburgring,Top Class (LMP1/Hypercar),Bykolles Racing Team
2017,2017_Nurburgring,GT (GTE Pro/Am),AF Corse
2017,2017_Nurburgring,GT (GTE Pro/Am),Porsche GT Team
2017,2017_Nurburgring,GT (GTE Pro/Am),Porsche GT Team
2017,2017_Nurburgring,GT (GTE Pro/Am),Aston Martin Racing
2017,2017_Nurburgring,GT (GTE Pro/Am),Ford Chip Ganassi Team UK
2017,2017_Nurburgring,GT (GTE Pro/Am),Ford Chip Ganassi Team UK
2017,2017_Nurburgring,GT (GTE Pro/Am),Aston Martin Racing
2017,2017_Nurburgring,GT (GTE Pro/Am),Dempsey - Proton Racing
2017,2017_Nurburgring,GT (GTE Pro/Am),Spirit of Race
2017,2017_Nurburgring,GT (GTE Pro/Am),Aston Martin Racing
2017,2017_Nurburgring,GT (GTE Pro/Am),AF Corse
2017,2017_Nurburgring,GT (GTE Pro/Am),Clearwater Racing
2017,2017_Nurburgring,GT (GTE Pro/Am),Gulf Racing UK
2017,2017_Nurburgring,LMP2,Tockwith Motorsports
2017,2017_Nurburgring,LMP2,Signatech Alpine Matmut
2017,2017_LeMans,Top Class (LMP1/Hypercar),Porsche LMP Team
2017,2017_LeMans,LMP2,Jackie Chan DC Racing
2017,2017_LeMans,LMP2,Vaillante Rebellion
2017,2017_LeMans,LMP2,Jackie Chan DC Racing
2017,2017_LeMans,LMP2,Signatech Alpine Matmut
2017,2017_LeMans,LMP2,United Autosports
2017,2017_LeMans,LMP2,Graff
2017,2017_LeMans,LMP2,CEFC Manor TRS Racing
2017,2017_LeMans,Top Class (LMP1/Hypercar),Toyota Gazoo Racing
2017,2017_LeMans,LMP2,Cetilar Villorba Corse
2017,2017_LeMans,LMP2,Signatech Alpine Matmut
2017,2017_LeMans,LMP2,Tockwith Motorsports
2017,2017_LeMans,LMP2,Idec Sport Racing
2017,2017_LeMans,LMP2,Racing Team Nederland
2017,2017_LeMans,LMP2,Dragonspeed - 10 Star
2017,2017_LeMans,LMP2,Eurasia Motorsport
2017,2017_LeMans,LMP2,Vaillante Rebellion
2017,2017_LeMans,GT (GTE Pro/Am),Aston Martin Racing
2017,2017_LeMans,GT (GTE Pro/Am),Ford Chip Ganassi Team UK
2017,2017_LeMans,GT (GTE Pro/Am),Corvette Racing - GM
2017,2017_LeMans,GT (GTE Pro/Am),Porsche GT Team
2017,2017_LeMans,GT (GTE Pro/Am),AF Corse
2017,2017_LeMans,GT (GTE Pro/Am),Ford Chip Ganassi Team USA
2017,2017_LeMans,GT (GTE Pro/Am),Ford Chip Ganassi Team USA
2017,2017_LeMans,GT (GTE Pro/Am),Corvette Racing - GM
2017,2017_LeMans,GT (GTE Pro/Am),Aston Martin Racing
2017,2017_LeMans,GT (GTE Pro/Am),JMW Motorsport
2017,2017_LeMans,GT (GTE Pro/Am),Ford Chip Ganassi Team UK
2017,2017_LeMans,GT (GTE Pro/Am),Spirit of Race
2017,2017_LeMans,GT (GTE Pro/Am),Scuderia Corsa
2017,2017_LeMans,GT (GTE Pro/Am),Beechdean AMR
2017,2017_LeMans,GT (GTE Pro/Am),Clearwater Racing
2017,2017_LeMans,LMP2,Algarve Pro Racing
2017,2017_LeMans,LMP2,SMP Racing
2017,2017_LeMans,GT (GTE Pro/Am),Dempsey - Proton Racing
2017,2017_LeMans,GT (GTE Pro/Am),TF Sport
2017,2017_LeMans,GT (GTE Pro/Am),Aston Martin Racing
2017,2017_LeMans,GT (GTE Pro/Am),Proton Competition
2017,2017_LeMans,GT (GTE Pro/Am),Gulf Racing UK
2017,2017_LeMans,LMP2,G-Drive Racing
2017,2017_LeMans,GT (GTE Pro/Am),Clearwater Racing
2017,2017_LeMans,GT (GTE Pro/Am),Spirit of Race
2017,2017_LeMans,GT (GTE Pro/Am),DH Racing
2017,2017_LeMans,LMP2,Graff
2017,2017_LeMans,GT (GTE Pro/Am),Scuderia Corsa
2017,2017_LeMans,LMP2,Arc Bratislava
2017,2017_LeMans,GT (GTE Pro/Am),AF Corse
2017,2017_LeMans,LMP2,Keating Motorsports
2017,2017_LeMans,GT (GTE Pro/Am),Larbre Competition
2017,2017_LeMans,Top Class (LMP1/Hypercar),Porsche LMP Team
2017,2017_LeMans,LMP2,Panis Barthez Competition
2017,2017_LeMans,LMP2,TDS Racing
2017,2017_LeMans,GT (GTE Pro/Am),Porsche GT Team
2017,2017_LeMans,Top Class (LMP1/Hypercar),Toyota Gazoo Racing
2017,2017_LeMans,Top Class (LMP1/Hypercar),Toyota Gazoo Racing
2017,2017_LeMans,LMP2,CEFC Manor TRS Racing
2017,2017_LeMans,GT (GTE Pro/Am),Risi Competizione
2017,2017_LeMans,LMP2,G-Drive Racing
2017,2017_LeMans,GT (GTE Pro/Am),Proton Competition
2017,2017_LeMans,Top Class (LMP1/Hypercar),Bykolles Racing Team
2017,2017_Shanghai,Top Class (LMP1/Hypercar),Toyota Gazoo Racing
2017,2017_Shanghai,Top Class (LMP1/Hypercar),Porsche LMP Team
2017,2017_Shanghai,Top Class (LMP1/Hypercar),Porsche LMP Team
2017,2017_Shanghai,Top Class (LMP1/Hypercar),Toyota Gazoo Racing
2017,2017_Shanghai,LMP2,Vaillante Rebellion
2017,2017_Shanghai,LMP2,Signatech Alpine Matmut
2017,2017_Shanghai,LMP2,Vaillante Rebellion
2017,2017_Shanghai,LMP2,Jackie Chan DC Racing
2017,2017_Shanghai,LMP2,CEFC Manor TRS Racing
2017,2017_Shanghai,LMP2,TDS Racing
2017,2017_Shanghai,LMP2,G-Drive Racing
2017,2017_Shanghai,LMP2,Jackie Chan DC Racing
2017,2017_Shanghai,LMP2,CEFC Manor TRS Racing
2017,2017_Shanghai,GT (GTE Pro/Am),Ford Chip Ganassi Team UK
2017,2017_Shanghai,GT (GTE Pro/Am),Porsche GT Team
2017,2017_Shanghai,GT (GTE Pro/Am),AF Corse
2017,2017_Shanghai,GT (GTE Pro/Am),Ford Chip Ganassi Team UK
2017,2017_Shanghai,GT (GTE Pro/Am),Aston Martin Racing
2017,2017_Shanghai,GT (GTE Pro/Am),AF Corse
2017,2017_Shanghai,GT (GTE Pro/Am),Aston Martin Racing
2017,2017_Shanghai,GT (GTE Pro/Am),Aston Martin Racing
2017,2017_Shanghai,GT (GTE Pro/Am),Gulf Racing UK
2017,2017_Shanghai,GT (GTE Pro/Am),Dempsey - Proton Racing
2017,2017_Shanghai,GT (GTE Pro/Am),Clearwater Racing
2017,2017_Shanghai,GT (GTE Pro/Am),Porsche GT Team
2017,2017_Shanghai,GT (GTE Pro/Am),Spirit of Race
2017,2017_Mexico,Top Class (LMP1/Hypercar),Porsche LMP Team
2017,2017_Mexico,Top Class (LMP1/Hypercar),Porsche LMP Team
2017,2017_Mexico,Top Class (LMP1/Hypercar),Toyota Gazoo Racing
2017,2017_Mexico,Top Class (LMP1/Hypercar),Toyota Gazoo Racing
2017,2017_Mexico,LMP2,Vaillante Rebellion
2017,2017_Mexico,LMP2,Signatech Alpine Matmut
2017,2017_Mexico,LMP2,CEFC Manor TRS Racing
2017,2017_Mexico,LMP2,G-Drive Racing
2017,2017_Mexico,LMP2,Vaillante Rebellion
2017,2017_Mexico,LMP2,Jackie Chan DC Racing
2017,2017_Mexico,LMP2,TDS Racing
2017,2017_Mexico,LMP2,CEFC Manor TRS Racing
2017,2017_Mexico,LMP2,Jackie Chan DC Racing
2017,2017_Mexico,GT (GTE Pro/Am),Aston Martin Racing
2017,2017_Mexico,GT (GTE Pro/Am),AF Corse
2017,2017_Mexico,GT (GTE Pro/Am),Porsche GT Team
2017,2017_Mexico,GT (GTE Pro/Am),Ford Chip Ganassi Team UK
2017,2017_Mexico,GT (GTE Pro/Am),Porsche GT Team
2017,2017_Mexico,GT (GTE Pro/Am),AF Corse
2017,2017_Mexico,GT (GTE Pro/Am),Ford Chip Ganassi Team UK
2017,2017_Mexico,GT (GTE Pro/Am),Dempsey - Proton Racing
2017,2017_Mexico,GT (GTE Pro/Am),Aston Martin Racing
2017,2017_Mexico,GT (GTE Pro/Am),Gulf Racing UK
2017,2017_Mexico,GT (GTE Pro/Am),Spirit of Race
2017,2017_Mexico,GT (GTE Pro/Am),Clearwater Racing
2017,2017_Mexico,GT (GTE Pro/Am),Aston Martin Racing
2018-2019,2018-2019_Silverstone,Top Class (LMP1/Hypercar),Rebellion Racing
2018-2019,2018-2019_Silverstone,Top Class (LMP1/Hypercar),Rebellion Racing
2018-2019,2018-2019_Silverstone,Top Class (LMP1/Hypercar),SMP Racing
2018-2019,2018-2019_Silverstone,LMP2,Jackie Chan DC Racing
2018-2019,2018-2019_Silverstone,LMP2,Jackie Chan DC Racing
2018-2019,2018-2019_Silverstone,LMP2,Signatech Alpine Matmut
2018-2019,2018-2019_Silverstone,LMP2,DragonSpeed
2018-2019,2018-2019_Silverstone,LMP2,Racing Team Nederland
2018-2019,2018-2019_Silverstone,LMP2,Larbre Competition
2018-2019,2018-2019_Silverstone,LMP2,TDS Racing
2018-2019,2018-2019_Silverstone,GT (GTE Pro/Am),AF Corse
2018-2019,2018-2019_Silverstone,GT (GTE Pro/Am),Ford Chip Ganassi Team UK
2018-2019,2018-2019_Silverstone,GT (GTE Pro/Am),Porsche GT Team
2018-2019,2018-2019_Silverstone,GT (GTE Pro/Am),Aston Martin Racing
2018-2019,2018-2019_Silverstone,GT (GTE Pro/Am),BMW Team MTEK
2018-2019,2018-2019_Silverstone,GT (GTE Pro/Am),Ford Chip Ganassi Team UK
2018-2019,2018-2019_Silverstone,GT (GTE Pro/Am),Dempsey - Proton Racing
2018-2019,2018-2019_Silverstone,GT (GTE Pro/Am),TF Sport
2018-2019,2018-2019_Silverstone,GT (GTE Pro/Am),Team Project 1
2018-2019,2018-2019_Silverstone,GT (GTE Pro/Am),Aston Martin Racing
2018-2019,2018-2019_Silverstone,GT (GTE Pro/Am),Clearwater Racing
2018-2019,2018-2019_Silverstone,GT (GTE Pro/Am),Gulf Racing
2018-2019,2018-2019_Silverstone,GT (GTE Pro/Am),MR Racing
2018-2019,2018-2019_Silverstone,GT (GTE Pro/Am),Dempsey - Proton Racing
2018-2019,2018-2019_Silverstone,Top Class (LMP1/Hypercar),DragonSpeed
2018-2019,2018-2019_Silverstone,GT (GTE Pro/Am),Spirit of Race
2018-2019,2018-2019_Silverstone,GT (GTE Pro/Am),AF Corse
2018-2019,2018-2019_Silverstone,GT (GTE Pro/Am),Aston Martin Racing
2018-2019,2018-2019_Silverstone,GT (GTE Pro/Am),BMW Team MTEK
2018-2019,2018-2019_Silverstone,Top Class (LMP1/Hypercar),Bykolles Racing Team
2018-2019,2018-2019_Silverstone,Top Class (LMP1/Hypercar),SMP Racing
2018-2019,2018-2019_Silverstone,Top Class (LMP1/Hypercar),Toyota Gazoo Racing
2018-2019,2018-2019_Silverstone,Top Class (LMP1/Hypercar),Toyota Gazoo Racing
2018-2019,2018-2019_Silverstone,GT (GTE Pro/Am),Porsche GT Team
2018-2019,2018-2019_Spa,Top Class (LMP1/Hypercar),Toyota Gazoo Racing
2018-2019,2018-2019_Spa,Top Class (LMP1/Hypercar),Toyota Gazoo Racing
2018-2019,2018-2019_Spa,Top Class (LMP1/Hypercar),Rebellion Racing
2018-2019,2018-2019_Spa,Top Class (LMP1/Hypercar),Bykolles Racing Team
2018-2019,2018-2019_Spa,Top Class (LMP1/Hypercar),SMP Racing
2018-2019,2018-2019_Spa,LMP2,G-Drive Racing
2018-2019,2018-2019_Spa,LMP2,Jackie Chan DC Racing
2018-2019,2018-2019_Spa,LMP2,Signatech Alpine Matmut
2018-2019,2018-2019_Spa,LMP2,Jackie Chan DC Racing
2018-2019,2018-2019_Spa,LMP2,TDS Racing
2018-2019,2018-2019_Spa,LMP2,DragonSpeed
2018-2019,2018-2019_Spa,LMP2,Larbre Competition
2018-2019,2018-2019_Spa,GT (GTE Pro/Am),Ford Chip Ganassi Team UK
2018-2019,2018-2019_Spa,GT (GTE Pro/Am),Porsche GT Team
2018-2019,2018-2019_Spa,GT (GTE Pro/Am),AF Corse
2018-2019,2018-2019_Spa,GT (GTE Pro/Am),Porsche GT Team
2018-2019,2018-2019_Spa,GT (GTE Pro/Am),BMW Team MTEK
2018-2019,2018-2019_Spa,GT (GTE Pro/Am),Aston Martin Racing
2018-2019,2018-2019_Spa,GT (GTE Pro/Am),Aston Martin Racing
2018-2019,2018-2019_Spa,GT (GTE Pro/Am),BMW Team MTEK
2018-2019,2018-2019_Spa,GT (GTE Pro/Am),Aston Martin Racing
2018-2019,2018-2019_Spa,GT (GTE Pro/Am),TF Sport
2018-2019,2018-2019_Spa,GT (GTE Pro/Am),Clearwater Racing
2018-2019,2018-2019_Spa,GT (GTE Pro/Am),Dempsey - Proton Racing
2018-2019,2018-2019_Spa,GT (GTE Pro/Am),MR Racing
2018-2019,2018-2019_Spa,GT (GTE Pro/Am),Dempsey - Proton Racing
2018-2019,2018-2019_Spa,GT (GTE Pro/Am),AF Corse
2018-2019,2018-2019_Spa,LMP2,Racing Team Nederland
2018-2019,2018-2019_Spa,GT (GTE Pro/Am),Gulf Racing UK
2018-2019,2018-2019_Spa,GT (GTE Pro/Am),Spirit of Race
2018-2019,2018-2019_Spa,GT (GTE Pro/Am),Team Project 1
2018-2019,2018-2019_Spa,Top Class (LMP1/Hypercar),SMP Racing
2018-2019,2018-2019_Spa,GT (GTE Pro/Am),Ford Chip Ganassi Team UK
2018-2019,2018-2019_Spa,Top Class (LMP1/Hypercar),Rebellion Racing
2018-2019,2018-2019_Fuji,Top Class (LMP1/Hypercar),Toyota Gazoo Racing
2018-2019,2018-2019_Fuji,Top Class (LMP1/Hypercar),Toyota Gazoo Racing
2018-2019,2018-2019_Fuji,Top Class (LMP1/Hypercar),Rebellion Racing
2018-2019,2018-2019_Fuji,Top Class (LMP1/Hypercar),SMP Racing
2018-2019,2018-2019_Fuji,Top Class (LMP1/Hypercar),Bykolles Racing Team
2018-2019,2018-2019_Fuji,LMP2,Jackie Chan DC Racing
2018-2019,2018-2019_Fuji,LMP2,Jackie Chan DC Racing
2018-2019,2018-2019_Fuji,LMP2,Signatech Alpine Matmut
2018-2019,2018-2019_Fuji,LMP2,TDS Racing
2018-2019,2018-2019_Fuji,LMP2,Larbre Competition
2018-2019,2018-2019_Fuji,GT (GTE Pro/Am),Porsche GT Team
2018-2019,2018-2019_Fuji,GT (GTE Pro/Am),BMW Team MTEK
2018-2019,2018-2019_Fuji,GT (GTE Pro/Am),Ford Chip Ganassi Team UK
2018-2019,2018-2019_Fuji,GT (GTE Pro/Am),AF Corse
2018-2019,2018-2019_Fuji,GT (GTE Pro/Am),Porsche GT Team
2018-2019,2018-2019_Fuji,GT (GTE Pro/Am),Aston Martin Racing
2018-2019,2018-2019_Fuji,GT (GTE Pro/Am),BMW Team MTEK
2018-2019,2018-2019_Fuji,GT (GTE Pro/Am),Ford Chip Ganassi Team UK
2018-2019,2018-2019_Fuji,GT (GTE Pro/Am),Aston Martin Racing
2018-2019,2018-2019_Fuji,LMP2,DragonSpeed
2018-2019,2018-2019_Fuji,LMP2,Racing Team Nederland
2018-2019,2018-2019_Fuji,GT (GTE Pro/Am),AF Corse
2018-2019,2018-2019_Fuji,GT (GTE Pro/Am),Team Project 1
2018-2019,2018-2019_Fuji,GT (GTE Pro/Am),TF Sport
2018-2019,2018-2019_Fuji,GT (GTE Pro/Am),Aston Martin Racing
2018-2019,2018-2019_Fuji,GT (GTE Pro/Am),Gulf Racing
2018-2019,2018-2019_Fuji,GT (GTE Pro/Am),Dempsey - Proton Racing
2018-2019,2018-2019_Fuji,GT (GTE Pro/Am),Spirit of Race
2018-2019,2018-2019_Fuji,GT (GTE Pro/Am),Clearwater Racing
2018-2019,2018-2019_Fuji,GT (GTE Pro/Am),Dempsey - Proton Racing
2018-2019,2018-2019_Fuji,Top Class (LMP1/Hypercar),DragonSpeed
2018-2019,2018-2019_Fuji,Top Class (LMP1/Hypercar),SMP Racing
2018-2019,2018-2019_Fuji,Top Class (LMP1/Hypercar),Rebellion Racing
2018-2019,2018-2019_Fuji,GT (GTE Pro/Am),MR Racing
2018-2019,2018-2019_LeMans,Top Class (LMP1/Hypercar),Toyota Gazoo Racing
2018-2019,2018-2019_LeMans,Top Class (LMP1/Hypercar),Toyota Gazoo Racing
2018-2019,2018-2019_LeMans,Top Class (LMP1/Hypercar),Rebellion Racing
2018-2019,2018-2019_LeMans,Top Class (LMP1/Hypercar),Rebellion Racing
2018-2019,2018-2019_LeMans,LMP2,Signatech Alpine Matmut
2018-2019,2018-2019_LeMans,LMP2,Graff-SO24
2018-2019,2018-2019_LeMans,LMP2,United Autosports
2018-2019,2018-2019_LeMans,LMP2,Jackie Chan DC Racing
2018-2019,2018-2019_LeMans,LMP2,DragonSpeed
2018-2019,2018-2019_LeMans,LMP2,Jackie Chan DC Racing
2018-2019,2018-2019_LeMans,LMP2,Racing Team Nederland
2018-2019,2018-2019_LeMans,LMP2,Jackie Chan DC Racing
2018-2019,2018-2019_LeMans,LMP2,Panis Barthez Competition
2018-2019,2018-2019_LeMans,LMP2,SMP Racing
2018-2019,2018-2019_LeMans,GT (GTE Pro/Am),Porsche GT Team
2018-2019,2018-2019_LeMans,GT (GTE Pro/Am),Porsche GT Team
2018-2019,2018-2019_LeMans,GT (GTE Pro/Am),Ford Chip Ganassi Team USA
2018-2019,2018-2019_LeMans,GT (GTE Pro/Am),Corvette Racing
2018-2019,2018-2019_LeMans,LMP2,Cetilar Villorba Corse
2018-2019,2018-2019_LeMans,GT (GTE Pro/Am),AF Corse
2018-2019,2018-2019_LeMans,GT (GTE Pro/Am),Ford Chip Ganassi Team UK
2018-2019,2018-2019_LeMans,GT (GTE Pro/Am),AF Corse
2018-2019,2018-2019_LeMans,GT (GTE Pro/Am),Aston Martin Racing
2018-2019,2018-2019_LeMans,GT (GTE Pro/Am),AF Corse
2018-2019,2018-2019_LeMans,GT (GTE Pro/Am),Dempsey - Proton Racing
2018-2019,2018-2019_LeMans,GT (GTE Pro/Am),Spirit of Race
2018-2019,2018-2019_LeMans,GT (GTE Pro/Am),Porsche GT Team
2018-2019,2018-2019_LeMans,GT (GTE Pro/Am),Keating Motorsports
2018-2019,2018-2019_LeMans,GT (GTE Pro/Am),Proton Competition
2018-2019,2018-2019_LeMans,GT (GTE Pro/Am),JMW Motorsport
2018-2019,2018-2019_LeMans,GT (GTE Pro/Am),Ebimotors
2018-2019,2018-2019_LeMans,LMP2,Larbre Competition
2018-2019,2018-2019_LeMans,GT (GTE Pro/Am),BMW Team MTEK
2018-2019,2018-2019_LeMans,GT (GTE Pro/Am),Team Project 1
2018-2019,2018-2019_LeMans,GT (GTE Pro/Am),Clearwater Racing
2018-2019,2018-2019_LeMans,GT (GTE Pro/Am),Ford Chip Ganassi Team UK
2018-2019,2018-2019_LeMans,GT (GTE Pro/Am),Aston Martin Racing
2018-2019,2018-2019_LeMans,GT (GTE Pro/Am),MR Racing
2018-2019,2018-2019_LeMans,GT (GTE Pro/Am),Ford Chip Ganassi Team USA
2018-2019,2018-2019_LeMans,GT (GTE Pro/Am),Gulf Racing
2018-2019,2018-2019_LeMans,Top Class (LMP1/Hypercar),CEFC TRSM Racing
2018-2019,2018-2019_LeMans,LMP2,Eurasia Motorsport
2018-2019,2018-2019_LeMans,Top Class (LMP1/Hypercar),SMP Racing
2018-2019,2018-2019_LeMans,LMP2,Idec Sport
2018-2019,2018-2019_LeMans,GT (GTE Pro/Am),TF Sport
2018-2019,2018-2019_LeMans,LMP2,United Autosports
2018-2019,2018-2019_LeMans,GT (GTE Pro/Am),Corvette Racing
2018-2019,2018-2019_LeMans,Top Class (LMP1/Hypercar),DragonSpeed
2018-2019,2018-2019_LeMans,LMP2,Algarve Pro Racing
2018-2019,2018-2019_LeMans,GT (GTE Pro/Am),Dempsey - Proton Racing
2018-2019,2018-2019_LeMans,GT (GTE Pro/Am),BMW Team MTEK
2018-2019,2018-2019_LeMans,LMP2,G-Drive Racing
2018-2019,2018-2019_LeMans,LMP2,Jackie Chan DC Racing
2018-2019,2018-2019_LeMans,Top Class (LMP1/Hypercar),CEFC TRSM Racing
2018-2019,2018-2019_LeMans,Top Class (LMP1/Hypercar),SMP Racing
2018-2019,2018-2019_LeMans,GT (GTE Pro/Am),Porsche GT Team
2018-2019,2018-2019_LeMans,GT (GTE Pro/Am),Aston Martin Racing
2018-2019,2018-2019_LeMans,Top Class (LMP1/Hypercar),Bykolles Racing Team
2018-2019,2018-2019_LeMans,LMP2,G-Drive Racing
2018-2019,2018-2019_LeMans,LMP2,TDS Racing
2018-2019,2018-2019_LeMans 2,Top Class (LMP1/Hypercar),Toyota Gazoo Racing
2018-2019,2018-2019_LeMans 2,Top Class (LMP1/Hypercar),Toyota Gazoo Racing
2018-2019,2018-2019_LeMans 2,Top Class (LMP1/Hypercar),SMP Racing
2018-2019,2018-2019_LeMans 2,Top Class (LMP1/Hypercar),Rebellion Racing
2018-2019,2018-2019_LeMans 2,Top Class (LMP1/Hypercar),Rebellion Racing
2018-2019,2018-2019_LeMans 2,LMP2,Signatech Alpine Matmut
2018-2019,2018-2019_LeMans 2,LMP2,Jackie Chan DC Racing
2018-2019,2018-2019_LeMans 2,LMP2,TDS Racing
2018-2019,2018-2019_LeMans 2,LMP2,United Autosports
2018-2019,2018-2019_LeMans 2,LMP2,Idec Sport
2018-2019,2018-2019_LeMans 2,LMP2,G-Drive Racing
2018-2019,2018-2019_LeMans 2,LMP2,Duqueine Engineering
2018-2019,2018-2019_LeMans 2,LMP2,Panis Barthez Competition
2018-2019,2018-2019_LeMans 2,LMP2,Graff
2018-2019,2018-2019_LeMans 2,LMP2,Algarve Pro Racing
2018-2019,2018-2019_LeMans 2,LMP2,High Class Racing
2018-2019,2018-2019_LeMans 2,LMP2,Larbre Competition
2018-2019,2018-2019_LeMans 2,LMP2,Cetilar R. Villorba Corse
2018-2019,2018-2019_LeMans 2,LMP2,United Autosports
2018-2019,2018-2019_LeMans 2,GT (GTE Pro/Am),AF Corse
2018-2019,2018-2019_LeMans 2,GT (GTE Pro/Am),Porsche GT Team
2018-2019,2018-2019_LeMans 2,GT (GTE Pro/Am),Porsche GT Team
2018-2019,2018-2019_LeMans 2,GT (GTE Pro/Am),Ford Chip Ganassi Team UK
2018-2019,2018-2019_LeMans 2,GT (GTE Pro/Am),Ford Chip Ganassi Team USA
2018-2019,2018-2019_LeMans 2,GT (GTE Pro/Am),Ford Chip Ganassi Team UK
2018-2019,2018-2019_LeMans 2,LMP2,Racing Team Nederland
2018-2019,2018-2019_LeMans 2,GT (GTE Pro/Am),Porsche GT Team
2018-2019,2018-2019_LeMans 2,GT (GTE Pro/Am),Corvette Racing
2018-2019,2018-2019_LeMans 2,GT (GTE Pro/Am),Porsche GT Team
2018-2019,2018-2019_LeMans 2,GT (GTE Pro/Am),BMW Team MTEK
2018-2019,2018-2019_LeMans 2,GT (GTE Pro/Am),Team Project 1
2018-2019,2018-2019_LeMans 2,GT (GTE Pro/Am),JMW Motorsport
2018-2019,2018-2019_LeMans 2,GT (GTE Pro/Am),WeatherTech Racing
2018-2019,2018-2019_LeMans 2,GT (GTE Pro/Am),Dempsey - Proton Racing
2018-2019,2018-2019_LeMans 2,GT (GTE Pro/Am),Car Guy Racing
2018-2019,2018-2019_LeMans 2,GT (GTE Pro/Am),Proton Competition
2018-2019,2018-2019_LeMans 2,GT (GTE Pro/Am),Clearwater Racing
2018-2019,2018-2019_LeMans 2,GT (GTE Pro/Am),Gulf Racing
2018-2019,2018-2019_LeMans 2,GT (GTE Pro/Am),Kessel Racing
2018-2019,2018-2019_LeMans 2,GT (GTE Pro/Am),Risi Competizione
2018-2019,2018-2019_LeMans 2,GT (GTE Pro/Am),MR Racing
2018-2019,2018-2019_LeMans 2,GT (GTE Pro/Am),TF Sport
2018-2019,2018-2019_LeMans 2,GT (GTE Pro/Am),Spirit of Race
2018-2019,2018-2019_LeMans 2,GT (GTE Pro/Am),Aston Martin Racing
2018-2019,2018-2019_LeMans 2,LMP2,Inter Europol Competition
2018-2019,2018-2019_LeMans 2,GT (GTE Pro/Am),Kessel Racing
2018-2019,2018-2019_LeMans 2,GT (GTE Pro/Am),BMW Team MTEK
2018-2019,2018-2019_LeMans 2,LMP2,RLR M Sport / Tower Events
2018-2019,2018-2019_LeMans 2,LMP2,DragonSpeed
2018-2019,2018-2019_LeMans 2,LMP2,Jackie Chan DC Racing
2018-2019,2018-2019_LeMans 2,Top Class (LMP1/Hypercar),SMP Racing
2018-2019,2018-2019_LeMans 2,Top Class (LMP1/Hypercar),Bykolles Racing Team
2018-2019,2018-2019_LeMans 2,LMP2,ARC Bratislava
2018-2019,2018-2019_LeMans 2,GT (GTE Pro/Am),AF Corse
2018-2019,2018-2019_LeMans 2,GT (GTE Pro/Am),Aston Martin Racing
2018-2019,2018-2019_LeMans 2,GT (GTE Pro/Am),Aston Martin Racing
2018-2019,2018-2019_LeMans 2,GT (GTE Pro/Am),Corvette Racing
2018-2019,2018-2019_LeMans 2,GT (GTE Pro/Am),Dempsey - Proton Racing
2018-2019,2018-2019_LeMans 2,Top Class (LMP1/Hypercar),DragonSpeed
2018-2019,2018-2019_LeMans 2,GT (GTE Pro/Am),Ford Chip Ganassi Team USA
2018-2019,2018-2019_LeMans 2,GT (GTE Pro/Am),Keating Motorsports
2018-2019,2018-2019_Shanghai,Top Class (LMP1/Hypercar),Toyota Gazoo Racing
2018-2019,2018-2019_Shanghai,Top Class (LMP1/Hypercar),Toyota Gazoo Racing
2018-2019,2018-2019_Shanghai,Top Class (LMP1/Hypercar),SMP Racing
2018-2019,2018-2019_Shanghai,Top Class (LMP1/Hypercar),Rebellion Racing
2018-2019,2018-2019_Shanghai,Top Class (LMP1/Hypercar),Rebellion Racing
2018-2019,2018-2019_Shanghai,Top Class (LMP1/Hypercar),DragonSpeed
2018-2019,2018-2019_Shanghai,GT (GTE Pro/Am),Aston Martin Racing
2018-2019,2018-2019_Shanghai,LMP2,Jackie Chan DC Racing
2018-2019,2018-2019_Shanghai,GT (GTE Pro/Am),Porsche GT Team
2018-2019,2018-2019_Shanghai,GT (GTE Pro/Am),Porsche GT Team
2018-2019,2018-2019_Shanghai,GT (GTE Pro/Am),Aston Martin Racing
2018-2019,2018-2019_Shanghai,LMP2,DragonSpeed
2018-2019,2018-2019_Shanghai,GT (GTE Pro/Am),AF Corse
2018-2019,2018-2019_Shanghai,LMP2,Signatech Alpine Matmut
2018-2019,2018-2019_Shanghai,GT (GTE Pro/Am),AF Corse
2018-2019,2018-2019_Shanghai,GT (GTE Pro/Am),Ford Chip Ganassi Team UK
2018-2019,2018-2019_Shanghai,GT (GTE Pro/Am),Corvette Racing
2018-2019,2018-2019_Shanghai,GT (GTE Pro/Am),BMW Team MTEK
2018-2019,2018-2019_Shanghai,GT (GTE Pro/Am),Ford Chip Ganassi Team UK
2018-2019,2018-2019_Shanghai,GT (GTE Pro/Am),BMW Team MTEK
2018-2019,2018-2019_Shanghai,GT (GTE Pro/Am),Dempsey - Proton Racing
2018-2019,2018-2019_Shanghai,GT (GTE Pro/Am),Team Project 1
2018-2019,2018-2019_Shanghai,GT (GTE Pro/Am),Dempsey - Proton Racing
2018-2019,2018-2019_Shanghai,LMP2,Jackie Chan DC Racing
2018-2019,2018-2019_Shanghai,GT (GTE Pro/Am),Spirit of Race
2018-2019,2018-2019_Shanghai,GT (GTE Pro/Am),Aston Martin Racing
2018-2019,2018-2019_Shanghai,GT (GTE Pro/Am),MR Racing
2018-2019,2018-2019_Shanghai,GT (GTE Pro/Am),Clearwater Racing
2018-2019,2018-2019_Shanghai,GT (GTE Pro/Am),TF Sport
2018-2019,2018-2019_Shanghai,GT (GTE Pro/Am),Gulf Racing
2018-2019,2018-2019_Shanghai,LMP2,Racing Team Nederland
2018-2019,2018-2019_Shanghai,LMP2,Larbre Competition
2018-2019,2018-2019_Shanghai,LMP2,TDS Racing
2018-2019,2018-2019_Shanghai,Top Class (LMP1/Hypercar),SMP Racing
2018-2019,2018-2019_Shanghai,Top Class (LMP1/Hypercar),Bykolles Racing Team
2018-2019,2018-2019_Sebring,Top Class (LMP1/Hypercar),Toyota Gazoo Racing
2018-2019,2018-2019_Sebring,Top Class (LMP1/Hypercar),Toyota Gazoo Racing
2018-2019,2018-2019_Sebring,Top Class (LMP1/Hypercar),SMP Racing
2018-2019,2018-2019_Sebring,LMP2,Jackie Chan DC Racing
2018-2019,2018-2019_Sebring,LMP2,Signatech Alpine Matmut
2018-2019,2018-2019_Sebring,LMP2,DragonSpeed
2018-2019,2018-2019_Sebring,Top Class (LMP1/Hypercar),Rebellion Racing
2018-2019,2018-2019_Sebring,LMP2,Larbre Competition
2018-2019,2018-2019_Sebring,LMP2,Racing Team Nederland
2018-2019,2018-2019_Sebring,GT (GTE Pro/Am),Porsche GT Team
2018-2019,2018-2019_Sebring,GT (GTE Pro/Am),BMW Team MTEK
2018-2019,2018-2019_Sebring,GT (GTE Pro/Am),Ford Chip Ganassi Team UK
2018-2019,2018-2019_Sebring,GT (GTE Pro/Am),AF Corse
2018-2019,2018-2019_Sebring,GT (GTE Pro/Am),Porsche GT Team
2018-2019,2018-2019_Sebring,GT (GTE Pro/Am),AF Corse
2018-2019,2018-2019_Sebring,GT (GTE Pro/Am),BMW Team MTEK
2018-2019,2018-2019_Sebring,GT (GTE Pro/Am),Corvette Racing
2018-2019,2018-2019_Sebring,GT (GTE Pro/Am),Aston Martin Racing
2018-2019,2018-2019_Sebring,GT (GTE Pro/Am),Aston Martin Racing
2018-2019,2018-2019_Sebring,GT (GTE Pro/Am),Dempsey - Proton Racing
2018-2019,2018-2019_Sebring,GT (GTE Pro/Am),Spirit of Race
2018-2019,2018-2019_Sebring,GT (GTE Pro/Am),Team Project 1
2018-2019,2018-2019_Sebring,GT (GTE Pro/Am),Gulf Racing
2018-2019,2018-2019_Sebring,GT (GTE Pro/Am),MR Racing
2018-2019,2018-2019_Sebring,GT (GTE Pro/Am),TF Sport
2018-2019,2018-2019_Sebring,GT (GTE Pro/Am),Dempsey - Proton Racing
2018-2019,2018-2019_Sebring,GT (GTE Pro/Am),Aston Martin Racing
2018-2019,2018-2019_Sebring,GT (GTE Pro/Am),Ford Chip Ganassi Team UK
2018-2019,2018-2019_Sebring,LMP2,Jackie Chan DC Racing
2018-2019,2018-2019_Sebring,LMP2,TDS Racing
2018-2019,2018-2019_Sebring,Top Class (LMP1/Hypercar),SMP Racing
2018-2019,2018-2019_Sebring,Top Class (LMP1/Hypercar),DragonSpeed
2018-2019,2018-2019_Sebring,Top Class (LMP1/Hypercar),Rebellion Racing
2018-2019,2018-2019_Spa 2,Top Class (LMP1/Hypercar),Toyota Gazoo Racing
2018-2019,2018-2019_Spa 2,Top Class (LMP1/Hypercar),Rebellion Racing
2018-2019,2018-2019_Spa 2,Top Class (LMP1/Hypercar),SMP Racing
2018-2019,2018-2019_Spa 2,Top Class (LMP1/Hypercar),SMP Racing
2018-2019,2018-2019_Spa 2,Top Class (LMP1/Hypercar),Rebellion Racing
2018-2019,2018-2019_Spa 2,Top Class (LMP1/Hypercar),Toyota Gazoo Racing
2018-2019,2018-2019_Spa 2,LMP2,DragonSpeed
2018-2019,2018-2019_Spa 2,LMP2,G-Drive Racing
2018-2019,2018-2019_Spa 2,LMP2,Signatech Alpine Matmut
2018-2019,2018-2019_Spa 2,LMP2,Jackie Chan DC Racing
2018-2019,2018-2019_Spa 2,LMP2,TDS Racing
2018-2019,2018-2019_Spa 2,LMP2,Racing Team Nederland
2018-2019,2018-2019_Spa 2,LMP2,Jackie Chan DC Racing
2018-2019,2018-2019_Spa 2,LMP2,Larbre Competition
2018-2019,2018-2019_Spa 2,GT (GTE Pro/Am),Aston Martin Racing
2018-2019,2018-2019_Spa 2,GT (GTE Pro/Am),AF Corse
2018-2019,2018-2019_Spa 2,GT (GTE Pro/Am),Porsche GT Team
2018-2019,2018-2019_Spa 2,GT (GTE Pro/Am),BMW Team MTEK
2018-2019,2018-2019_Spa 2,GT (GTE Pro/Am),Ford Chip Ganassi Team UK
2018-2019,2018-2019_Spa 2,GT (GTE Pro/Am),AF Corse
2018-2019,2018-2019_Spa 2,GT (GTE Pro/Am),Aston Martin Racing
2018-2019,2018-2019_Spa 2,GT (GTE Pro/Am),Porsche GT Team
2018-2019,2018-2019_Spa 2,GT (GTE Pro/Am),BMW Team MTEK
2018-2019,2018-2019_Spa 2,GT (GTE Pro/Am),Ford Chip Ganassi Team UK
2018-2019,2018-2019_Spa 2,GT (GTE Pro/Am),Dempsey - Proton Racing
2018-2019,2018-2019_Spa 2,GT (GTE Pro/Am),TF Sport
2018-2019,2018-2019_Spa 2,GT (GTE Pro/Am),Clearwater Racing
2018-2019,2018-2019_Spa 2,GT (GTE Pro/Am),Spirit of Race
2018-2019,2018-2019_Spa 2,GT (GTE Pro/Am),Team Project 1
2018-2019,2018-2019_Spa 2,GT (GTE Pro/Am),Aston Martin Racing
2018-2019,2018-2019_Spa 2,GT (GTE Pro/Am),Gulf Racing
2018-2019,2018-2019_Spa 2,GT (GTE Pro/Am),MR Racing
2018-2019,2018-2019_Spa 2,GT (GTE Pro/Am),Dempsey - Proton Racing
2018-2019,2018-2019_Spa 2,Top Class (LMP1/Hypercar),Bykolles Racing Team
2019-2020,2019-2020_Silverstone,Top Class (LMP1/Hypercar),Toyota Gazoo Racing
2019-2020,2019-2020_Silverstone,Top Class (LMP1/Hypercar),Toyota Gazoo Racing
2019-2020,2019-2020_Silverstone,Top Class (LMP1/Hypercar),Rebellion Racing
2019-2020,2019-2020_Silverstone,Top Class (LMP1/Hypercar),Team LNT
2019-2020,2019-2020_Silverstone,LMP2,Cool Racing
2019-2020,2019-2020_Silverstone,LMP2,Signatech Alpine ELF
2019-2020,2019-2020_Silverstone,LMP2,Racing Team Nederland
2019-2020,2019-2020_Silverstone,LMP2,Jackie Chan DC Racing
2019-2020,2019-2020_Silverstone,LMP2,JOTA
2019-2020,2019-2020_Silverstone,Top Class (LMP1/Hypercar),Rebellion Racing
2019-2020,2019-2020_Silverstone,LMP2,Cetilar Racing
2019-2020,2019-2020_Silverstone,LMP2,High Class Racing
2019-2020,2019-2020_Silverstone,GT (GTE Pro/Am),Porsche GT Team
2019-2020,2019-2020_Silverstone,GT (GTE Pro/Am),Porsche GT Team
2019-2020,2019-2020_Silverstone,GT (GTE Pro/Am),Aston Martin Racing
2019-2020,2019-2020_Silverstone,GT (GTE Pro/Am),AF Corse
2019-2020,2019-2020_Silverstone,GT (GTE Pro/Am),Aston Martin Racing
2019-2020,2019-2020_Silverstone,GT (GTE Pro/Am),AF Corse
2019-2020,2019-2020_Silverstone,GT (GTE Pro/Am),Aston Martin Racing
2019-2020,2019-2020_Silverstone,GT (GTE Pro/Am),MR Racing
2019-2020,2019-2020_Silverstone,GT (GTE Pro/Am),Gulf Racing
2019-2020,2019-2020_Silverstone,GT (GTE Pro/Am),Dempsey - Proton Racing
2019-2020,2019-2020_Silverstone,GT (GTE Pro/Am),Team Project 1
2019-2020,2019-2020_Silverstone,GT (GTE Pro/Am),TF Sport
2019-2020,2019-2020_Silverstone,GT (GTE Pro/Am),Red River Sport
2019-2020,2019-2020_Silverstone,GT (GTE Pro/Am),AF Corse
2019-2020,2019-2020_Silverstone,GT (GTE Pro/Am),Team Project 1
2019-2020,2019-2020_Silverstone,Top Class (LMP1/Hypercar),Team LNT
2019-2020,2019-2020_Silverstone,GT (GTE Pro/Am),Dempsey - Proton Racing
2019-2020,2019-2020_Silverstone,GT (GTE Pro/Am),AF Corse
2019-2020,2019-2020_Silverstone,LMP2,United Autosports
2019-2020,2019-2020_Fuji,Top Class (LMP1/Hypercar),Toyota Gazoo Racing
2019-2020,2019-2020_Fuji,Top Class (LMP1/Hypercar),Toyota Gazoo Racing
2019-2020,2019-2020_Fuji,Top Class (LMP1/Hypercar),Rebellion Racing
2019-2020,2019-2020_Fuji,LMP2,Racing Team Nederland
2019-2020,2019-2020_Fuji,LMP2,Jackie Chan DC Racing
2019-2020,2019-2020_Fuji,LMP2,United Autosports
2019-2020,2019-2020_Fuji,LMP2,High Class Racing
2019-2020,2019-2020_Fuji,LMP2,Cool Racing
2019-2020,2019-2020_Fuji,Top Class (LMP1/Hypercar),Team LNT
2019-2020,2019-2020_Fuji,LMP2,Signatech Alpine ELF
2019-2020,2019-2020_Fuji,Top Class (LMP1/Hypercar),Team LNT
2019-2020,2019-2020_Fuji,LMP2,Cetilar Racing
2019-2020,2019-2020_Fuji,GT (GTE Pro/Am),Aston Martin Racing
2019-2020,2019-2020_Fuji,GT (GTE Pro/Am),Porsche GT Team
2019-2020,2019-2020_Fuji,GT (GTE Pro/Am),Aston Martin Racing
2019-2020,2019-2020_Fuji,GT (GTE Pro/Am),AF Corse
2019-2020,2019-2020_Fuji,GT (GTE Pro/Am),AF Corse
2019-2020,2019-2020_Fuji,GT (GTE Pro/Am),Porsche GT Team
2019-2020,2019-2020_Fuji,GT (GTE Pro/Am),TF Sport
2019-2020,2019-2020_Fuji,GT (GTE Pro/Am),AF Corse
2019-2020,2019-2020_Fuji,GT (GTE Pro/Am),Team Project 1
2019-2020,2019-2020_Fuji,GT (GTE Pro/Am),MR Racing
2019-2020,2019-2020_Fuji,GT (GTE Pro/Am),Dempsey - Proton Racing
2019-2020,2019-2020_Fuji,GT (GTE Pro/Am),AF Corse
2019-2020,2019-2020_Fuji,GT (GTE Pro/Am),Team Project 1
2019-2020,2019-2020_Fuji,GT (GTE Pro/Am),Gulf Racing
2019-2020,2019-2020_Fuji,GT (GTE Pro/Am),Dempsey - Proton Racing
2019-2020,2019-2020_Fuji,GT (GTE Pro/Am),Red River Sport
2019-2020,2019-2020_Fuji,GT (GTE Pro/Am),Aston Martin Racing
2019-2020,2019-2020_Fuji,LMP2,JOTA
2019-2020,2019-2020_Shanghai,Top Class (LMP1/Hypercar),Rebellion Racing
2019-2020,2019-2020_Shanghai,Top Class (LMP1/Hypercar),Toyota Gazoo Racing
2019-2020,2019-2020_Shanghai,Top Class (LMP1/Hypercar),Toyota Gazoo Racing
2019-2020,2019-2020_Shanghai,Top Class (LMP1/Hypercar),Team LNT
2019-2020,2019-2020_Shanghai,Top Class (LMP1/Hypercar),Team LNT
2019-2020,2019-2020_Shanghai,LMP2,JOTA
2019-2020,2019-2020_Shanghai,LMP2,Jackie Chan DC Racing
2019-2020,2019-2020_Shanghai,LMP2,United Autosports
2019-2020,2019-2020_Shanghai,LMP2,Signatech Alpine ELF
2019-2020,2019-2020_Shanghai,LMP2,Racing Team Nederland
2019-2020,2019-2020_Shanghai,LMP2,High Class Racing
2019-2020,2019-2020_Shanghai,LMP2,Cetilar Racing
2019-2020,2019-2020_Shanghai,GT (GTE Pro/Am),AF Corse
2019-2020,2019-2020_Shanghai,GT (GTE Pro/Am),Porsche GT Team
2019-2020,2019-2020_Shanghai,GT (GTE Pro/Am),Porsche GT Team
2019-2020,2019-2020_Shanghai,GT (GTE Pro/Am),Aston Martin Racing
2019-2020,2019-2020_Shanghai,GT (GTE Pro/Am),Aston Martin Racing
2019-2020,2019-2020_Shanghai,GT (GTE Pro/Am),AF Corse
2019-2020,2019-2020_Shanghai,GT (GTE Pro/Am),TF Sport
2019-2020,2019-2020_Shanghai,GT (GTE Pro/Am),Team Project 1
2019-2020,2019-2020_Shanghai,GT (GTE Pro/Am),Aston Martin Racing
2019-2020,2019-2020_Shanghai,GT (GTE Pro/Am),AF Corse
2019-2020,2019-2020_Shanghai,GT (GTE Pro/Am),Team Project 1
2019-2020,2019-2020_Shanghai,GT (GTE Pro/Am),Dempsey - Proton Racing
2019-2020,2019-2020_Shanghai,GT (GTE Pro/Am),MR Racing
2019-2020,2019-2020_Shanghai,GT (GTE Pro/Am),AF Corse
2019-2020,2019-2020_Shanghai,GT (GTE Pro/Am),Gulf Racing
2019-2020,2019-2020_Shanghai,GT (GTE Pro/Am),Red River Sport
2019-2020,2019-2020_Shanghai,GT (GTE Pro/Am),Dempsey - Proton Racing
2019-2020,2019-2020_Shanghai,GT (GTE Pro/Am),Proton Competition
2019-2020,2019-2020_Shanghai,LMP2,Cool Racing
2019-2020,2019-2020_Bahrain,Top Class (LMP1/Hypercar),Toyota Gazoo Racing
2019-2020,2019-2020_Bahrain,Top Class (LMP1/Hypercar),Toyota Gazoo Racing
2019-2020,2019-2020_Bahrain,LMP2,Jackie Chan DC Racing
2019-2020,2019-2020_Bahrain,LMP2,JOTA
2019-2020,2019-2020_Bahrain,LMP2,Racing Team Nederland
2019-2020,2019-2020_Bahrain,LMP2,United Autosports
2019-2020,2019-2020_Bahrain,LMP2,Signatech Alpine ELF
2019-2020,2019-2020_Bahrain,GT (GTE Pro/Am),Porsche GT Team
2019-2020,2019-2020_Bahrain,GT (GTE Pro/Am),Porsche GT Team
2019-2020,2019-2020_Bahrain,GT (GTE Pro/Am),AF Corse
2019-2020,2019-2020_Bahrain,GT (GTE Pro/Am),Aston Martin Racing
2019-2020,2019-2020_Bahrain,GT (GTE Pro/Am),Aston Martin Racing
2019-2020,2019-2020_Bahrain,GT (GTE Pro/Am),Team Project 1
2019-2020,2019-2020_Bahrain,GT (GTE Pro/Am),AF Corse
2019-2020,2019-2020_Bahrain,GT (GTE Pro/Am),Dempsey - Proton Racing
2019-2020,2019-2020_Bahrain,GT (GTE Pro/Am),AF Corse
2019-2020,2019-2020_Bahrain,GT (GTE Pro/Am),Gulf Racing
2019-2020,2019-2020_Bahrain,GT (GTE Pro/Am),Team Project 1
2019-2020,2019-2020_Bahrain,GT (GTE Pro/Am),AF Corse
2019-2020,2019-2020_Bahrain,GT (GTE Pro/Am),Dempsey - Proton Racing
2019-2020,2019-2020_Bahrain,GT (GTE Pro/Am),TF Sport
2019-2020,2019-2020_Bahrain,GT (GTE Pro/Am),Aston Martin Racing
2019-2020,2019-2020_Bahrain,GT (GTE Pro/Am),Red River Sport
2019-2020,2019-2020_Bahrain,LMP2,Cetilar Racing
2019-2020,2019-2020_Cota,Top Class (LMP1/Hypercar),Rebellion Racing
2019-2020,2019-2020_Cota,Top Class (LMP1/Hypercar),Toyota Gazoo Racing
2019-2020,2019-2020_Cota,Top Class (LMP1/Hypercar),Toyota Gazoo Racing
2019-2020,2019-2020_Cota,LMP2,United Autosports
2019-2020,2019-2020_Cota,LMP2,Jackie Chan DC Racing
2019-2020,2019-2020_Cota,LMP2,JOTA
2019-2020,2019-2020_Cota,LMP2,Cool Racing
2019-2020,2019-2020_Cota,LMP2,Racing Team Nederland
2019-2020,2019-2020_Cota,LMP2,Signatech Alpine ELF
2019-2020,2019-2020_Cota,LMP2,High Class Racing
2019-2020,2019-2020_Cota,LMP2,Cetilar Racing
2019-2020,2019-2020_Cota,LMP2,DragonSpeed
2019-2020,2019-2020_Cota,GT (GTE Pro/Am),Aston Martin Racing
2019-2020,2019-2020_Cota,GT (GTE Pro/Am),Porsche GT Team
2019-2020,2019-2020_Cota,GT (GTE Pro/Am),AF Corse
2019-2020,2019-2020_Cota,GT (GTE Pro/Am),Aston Martin Racing
2019-2020,2019-2020_Cota,GT (GTE Pro/Am),AF Corse
2019-2020,2019-2020_Cota,GT (GTE Pro/Am),Corvette Racing
2019-2020,2019-2020_Cota,GT (GTE Pro/Am),TF Sport
2019-2020,2019-2020_Cota,GT (GTE Pro/Am),Aston Martin Racing
2019-2020,2019-2020_Cota,GT (GTE Pro/Am),Porsche GT Team
2019-2020,2019-2020_Cota,GT (GTE Pro/Am),Team Project 1
2019-2020,2019-2020_Cota,GT (GTE Pro/Am),AF Corse
2019-2020,2019-2020_Cota,GT (GTE Pro/Am),Dempsey - Proton Racing
2019-2020,2019-2020_Cota,GT (GTE Pro/Am),Gulf Racing
2019-2020,2019-2020_Cota,GT (GTE Pro/Am),AF Corse
2019-2020,2019-2020_Cota,GT (GTE Pro/Am),Red River Sport
2019-2020,2019-2020_Cota,GT (GTE Pro/Am),Dempsey - Proton Racing
2019-2020,2019-2020_Cota,GT (GTE Pro/Am),MR Racing
2019-2020,2019-2020_Cota,GT (GTE Pro/Am),Team Project 1
2019-2020,2019-2020_LeMans,Top Class (LMP1/Hypercar),Toyota Gazoo Racing
2019-2020,2019-2020_LeMans,Top Class (LMP1/Hypercar),Rebellion Racing
2019-2020,2019-2020_LeMans,Top Class (LMP1/Hypercar),Toyota Gazoo Racing
2019-2020,2019-2020_LeMans,Top Class (LMP1/Hypercar),Rebellion Racing
2019-2020,2019-2020_LeMans,LMP2,United Autosports
2019-2020,2019-2020_LeMans,LMP2,JOTA
2019-2020,2019-2020_LeMans,LMP2,Panis Racing
2019-2020,2019-2020_LeMans,LMP2,Signatech Alpine ELF
2019-2020,2019-2020_LeMans,LMP2,G-Drive Racing
2019-2020,2019-2020_LeMans,LMP2,IDEC Sport
2019-2020,2019-2020_LeMans,LMP2,Algarve Pro Racing
2019-2020,2019-2020_LeMans,LMP2,Cool Racing
2019-2020,2019-2020_LeMans,LMP2,Richard Mille Racing Team
2019-2020,2019-2020_LeMans,LMP2,Cetilar Racing
2019-2020,2019-2020_LeMans,LMP2,IDEC Sport
2019-2020,2019-2020_LeMans,LMP2,DragonSpeed USA
2019-2020,2019-2020_LeMans,LMP2,United Autosports
2019-2020,2019-2020_LeMans,LMP2,Eurasia Motorsport
2019-2020,2019-2020_LeMans,LMP2,Racing Team Nederland
2019-2020,2019-2020_LeMans,GT (GTE Pro/Am),Aston Martin Racing
2019-2020,2019-2020_LeMans,GT (GTE Pro/Am),AF Corse
2019-2020,2019-2020_LeMans,GT (GTE Pro/Am),Aston Martin Racing
2019-2020,2019-2020_LeMans,GT (GTE Pro/Am),Risi Competizione
2019-2020,2019-2020_LeMans,GT (GTE Pro/Am),TF Sport
2019-2020,2019-2020_LeMans,GT (GTE Pro/Am),Dempsey - Proton Racing
2019-2020,2019-2020_LeMans,GT (GTE Pro/Am),AF Corse
2019-2020,2019-2020_LeMans,GT (GTE Pro/Am),Team Project 1
2019-2020,2019-2020_LeMans,LMP2,Nielsen Racing
2019-2020,2019-2020_LeMans,GT (GTE Pro/Am),Gulf Racing
2019-2020,2019-2020_LeMans,GT (GTE Pro/Am),JMW Motorsport
2019-2020,2019-2020_LeMans,GT (GTE Pro/Am),Porsche GT Team
2019-2020,2019-2020_LeMans,GT (GTE Pro/Am),Luzich Racing
2019-2020,2019-2020_LeMans,GT (GTE Pro/Am),Aston Martin Racing
2019-2020,2019-2020_LeMans,GT (GTE Pro/Am),Iron Lynx
2019-2020,2019-2020_LeMans,GT (GTE Pro/Am),Porsche GT Team
2019-2020,2019-2020_LeMans,GT (GTE Pro/Am),Dempsey - Proton Racing
2019-2020,2019-2020_LeMans,GT (GTE Pro/Am),Iron Lynx
2019-2020,2019-2020_LeMans,GT (GTE Pro/Am),Proton Competition
2019-2020,2019-2020_LeMans,GT (GTE Pro/Am),AF Corse
2019-2020,2019-2020_LeMans,GT (GTE Pro/Am),Team Project 1
2019-2020,2019-2020_LeMans,GT (GTE Pro/Am),Red River Sport
2019-2020,2019-2020_LeMans,LMP2,Inter Europol Competition
2019-2020,2019-2020_LeMans,GT (GTE Pro/Am),Team Project 1
2019-2020,2019-2020_LeMans,LMP2,SO24-Has by Graff
2019-2020,2019-2020_LeMans,GT (GTE Pro/Am),AF Corse
2019-2020,2019-2020_LeMans,GT (GTE Pro/Am),Hub Auto Racing
2019-2020,2019-2020_LeMans,GT (GTE Pro/Am),Dempsey - Proton Racing
2019-2020,2019-2020_LeMans,GT (GTE Pro/Am),Iron Lynx
2019-2020,2019-2020_LeMans,LMP2,DragonSpeed USA
2019-2020,2019-2020_LeMans,GT (GTE Pro/Am),WeatherTech Racing
2019-2020,2019-2020_LeMans,GT (GTE Pro/Am),MR Racing
2019-2020,2019-2020_LeMans,LMP2,G-Drive Racing by Algarve
2019-2020,2019-2020_LeMans,LMP2,Duqueine Team
2019-2020,2019-2020_LeMans,Top Class (LMP1/Hypercar),Bykolles Racing Team
2019-2020,2019-2020_LeMans,LMP2,High Class Racing
2019-2020,2019-2020_LeMans,GT (GTE Pro/Am),AF Corse
2019-2020,2019-2020_LeMans,GT (GTE Pro/Am),Spirit of Race
2019-2020,2019-2020_LeMans,LMP2,Eurointernational
2019-2020,2019-2020_LeMans,LMP2,Jackie Chan DC Racing
2019-2020,2019-2020_Spa,Top Class (LMP1/Hypercar),Toyota Gazoo Racing
2019-2020,2019-2020_Spa,Top Class (LMP1/Hypercar),Toyota Gazoo Racing
2019-2020,2019-2020_Spa,Top Class (LMP1/Hypercar),Rebellion Racing
2019-2020,2019-2020_Spa,LMP2,United Autosports
2019-2020,2019-2020_Spa,LMP2,Cool Racing
2019-2020,2019-2020_Spa,LMP2,Racing Team Nederland
2019-2020,2019-2020_Spa,LMP2,JOTA
2019-2020,2019-2020_Spa,LMP2,Cetilar Racing
2019-2020,2019-2020_Spa,GT (GTE Pro/Am),Porsche GT Team
2019-2020,2019-2020_Spa,GT (GTE Pro/Am),Aston Martin Racing
2019-2020,2019-2020_Spa,GT (GTE Pro/Am),Aston Martin Racing
2019-2020,2019-2020_Spa,GT (GTE Pro/Am),AF Corse
2019-2020,2019-2020_Spa,GT (GTE Pro/Am),Porsche GT Team
2019-2020,2019-2020_Spa,GT (GTE Pro/Am),AF Corse
2019-2020,2019-2020_Spa,GT (GTE Pro/Am),AF Corse
2019-2020,2019-2020_Spa,GT (GTE Pro/Am),Dempsey - Proton Racing
2019-2020,2019-2020_Spa,GT (GTE Pro/Am),TF Sport
2019-2020,2019-2020_Spa,GT (GTE Pro/Am),Team Project 1
2019-2020,2019-2020_Spa,GT (GTE Pro/Am),Dempsey - Proton Racing
2019-2020,2019-2020_Spa,GT (GTE Pro/Am),Team Project 1
2019-2020,2019-2020_Spa,GT (GTE Pro/Am),AF Corse
2019-2020,2019-2020_Spa,GT (GTE Pro/Am),Red River Sport
2019-2020,2019-2020_Spa,LMP2,Jackie Chan DC Racing
2019-2020,2019-2020_Spa,LMP2,High Class Racing
2019-2020,2019-2020_Spa,GT (GTE Pro/Am),Aston Martin Racing
2019-2020,2019-2020_Spa,GT (GTE Pro/Am),Gulf Racing
2019-2020,2019-2020_Spa,Top Class (LMP1/Hypercar),Bykolles Racing Team
2019-2020,2019-2020_Spa,LMP2,Eurasia Motorsport
2019-2020,2019-2020_Spa,LMP2,Signatech Alpine ELF
2021,2021_Algarve,Top Class (LMP1/Hypercar),Toyota Gazoo Racing
2021,2021_Algarve,Top Class (LMP1/Hypercar),Toyota Gazoo Racing
2021,2021_Algarve,Top Class (LMP1/Hypercar),Alpine Elf Matmut
2021,2021_Algarve,LMP2,JOTA
2021,2021_Algarve,LMP2,JOTA
2021,2021_Algarve,LMP2,United Autosports USA
2021,2021_Algarve,LMP2,Team WRT
2021,2021_Algarve,LMP2,Inter Europol Competition
2021,2021_Algarve,LMP2,Richard Mille Racing Team
2021,2021_Algarve,LMP2,Realteam Racing
2021,2021_Algarve,LMP2,DragonSpeed USA
2021,2021_Algarve,LMP2,High Class Racing
2021,2021_Algarve,LMP2,Racing Team Nederland
2021,2021_Algarve,GT (GTE Pro/Am),AF Corse
2021,2021_Algarve,GT (GTE Pro/Am),AF Corse
2021,2021_Algarve,GT (GTE Pro/Am),Porsche GT Team
2021,2021_Algarve,GT (GTE Pro/Am),Porsche GT Team
2021,2021_Algarve,GT (GTE Pro/Am),Cetilar Racing
2021,2021_Algarve,GT (GTE Pro/Am),Team Project 1
2021,2021_Algarve,GT (GTE Pro/Am),AF Corse
2021,2021_Algarve,GT (GTE Pro/Am),Aston Martin Racing
2021,2021_Algarve,GT (GTE Pro/Am),Kessel Racing
2021,2021_Algarve,GT (GTE Pro/Am),Iron Lynx
2021,2021_Algarve,GT (GTE Pro/Am),Iron Lynx
2021,2021_Algarve,GT (GTE Pro/Am),TF Sport
2021,2021_Algarve,GT (GTE Pro/Am),GR Racing
2021,2021_Algarve,GT (GTE Pro/Am),Dempsey - Proton Racing
2021,2021_Algarve,GT (GTE Pro/Am),AF Corse
2021,2021_Algarve,LMP2,ARC Bratislava
2021,2021_Algarve,Top Class (LMP1/Hypercar),Glickenhaus Racing
2021,2021_Algarve,GT (GTE Pro/Am),Dempsey - Proton Racing
2021,2021_Algarve,GT (GTE Pro/Am),D'Station Racing
2021,2021_LeMans,Top Class (LMP1/Hypercar),Toyota Gazoo Racing
2021,2021_LeMans,Top Class (LMP1/Hypercar),Toyota Gazoo Racing
2021,2021_LeMans,Top Class (LMP1/Hypercar),Alpine Elf Matmut
2021,2021_LeMans,Top Class (LMP1/Hypercar),Glickenhaus Racing
2021,2021_LeMans,Top Class (LMP1/Hypercar),Glickenhaus Racing
2021,2021_LeMans,LMP2,Team WRT
2021,2021_LeMans,LMP2,JOTA
2021,2021_LeMans,LMP2,Panis Racing
2021,2021_LeMans,LMP2,United Autosports
2021,2021_LeMans,LMP2,Inter Europol Competition
2021,2021_LeMans,LMP2,IDEC Sport
2021,2021_LeMans,LMP2,G-Drive Racing
2021,2021_LeMans,LMP2,JOTA
2021,2021_LeMans,LMP2,Duqueine Team
2021,2021_LeMans,LMP2,DragonSpeed USA
2021,2021_LeMans,LMP2,Racing Team Nederland
2021,2021_LeMans,LMP2,Realteam Racing
2021,2021_LeMans,LMP2,High Class Racing
2021,2021_LeMans,LMP2,SO24-Dirob by Graff
2021,2021_LeMans,GT (GTE Pro/Am),AF Corse
2021,2021_LeMans,GT (GTE Pro/Am),Corvette Racing
2021,2021_LeMans,GT (GTE Pro/Am),Porsche GT Team
2021,2021_LeMans,GT (GTE Pro/Am),Porsche GT Team
2021,2021_LeMans,LMP2,ARC Bratislava
2021,2021_LeMans,GT (GTE Pro/Am),AF Corse
2021,2021_LeMans,GT (GTE Pro/Am),TF Sport
2021,2021_LeMans,GT (GTE Pro/Am),Iron Lynx
2021,2021_LeMans,LMP2,Racing Team India Eurasia
2021,2021_LeMans,LMP2,High Class Racing
2021,2021_LeMans,GT (GTE Pro/Am),Iron Lynx
2021,2021_LeMans,GT (GTE Pro/Am),Dempsey - Proton Racing
2021,2021_LeMans,Experimental,Association SRT41
2021,2021_LeMans,GT (GTE Pro/Am),D'Station Racing
2021,2021_LeMans,GT (GTE Pro/Am),Absolute Racing
2021,2021_LeMans,GT (GTE Pro/Am),TF Sport
2021,2021_LeMans,GT (GTE Pro/Am),Iron Lynx
2021,2021_LeMans,GT (GTE Pro/Am),AF Corse
2021,2021_LeMans,GT (GTE Pro/Am),Herberth Motorsport
2021,2021_LeMans,GT (GTE Pro/Am),AF Corse
2021,2021_LeMans,LMP2,United Autosports USA
2021,2021_LeMans,GT (GTE Pro/Am),Inception Racing
2021,2021_LeMans,GT (GTE Pro/Am),Dempsey - Proton Racing
2021,2021_LeMans,GT (GTE Pro/Am),GR Racing
2021,2021_LeMans,GT (GTE Pro/Am),Corvette Racing
2021,2021_LeMans,LMP2,Team WRT
2021,2021_LeMans,LMP2,Risi Competizione
2021,2021_LeMans,GT (GTE Pro/Am),Rinaldi Racing
2021,2021_LeMans,LMP2,PR1 Motorsports Mathiasen
2021,2021_LeMans,GT (GTE Pro/Am),Hub Auto Racing
2021,2021_LeMans,GT (GTE Pro/Am),WeatherTech Racing
2021,2021_LeMans,GT (GTE Pro/Am),Team Project 1
2021,2021_LeMans,GT (GTE Pro/Am),Kessel Racing
2021,2021_LeMans,GT (GTE Pro/Am),JMW Motorsport
2021,2021_LeMans,GT (GTE Pro/Am),Spirit of Race
2021,2021_LeMans,LMP2,G-Drive Racing
2021,2021_LeMans,GT (GTE Pro/Am),Cetilar Racing
2021,2021_LeMans,GT (GTE Pro/Am),Team Project 1
2021,2021_LeMans,LMP2,United Autosports
2021,2021_LeMans,LMP2,Richard Mille Racing Team
2021,2021_LeMans,GT (GTE Pro/Am),Proton Competition
2021,2021_LeMans,GT (GTE Pro/Am),Aston Martin Racing
2021,2021_Spa,Top Class (LMP1/Hypercar),Toyota Gazoo Racing
2021,2021_Spa,Top Class (LMP1/Hypercar),Alpine Elf Matmut
2021,2021_Spa,Top Class (LMP1/Hypercar),Toyota Gazoo Racing
2021,2021_Spa,LMP2,United Autosports USA
2021,2021_Spa,LMP2,JOTA
2021,2021_Spa,LMP2,JOTA
2021,2021_Spa,LMP2,Racing Team Nederland
2021,2021_Spa,LMP2,Inter Europol Competition
2021,2021_Spa,LMP2,Realteam Racing
2021,2021_Spa,LMP2,DragonSpeed USA
2021,2021_Spa,LMP2,Richard Mille Racing Team
2021,2021_Spa,LMP2,High Class Racing
2021,2021_Spa,LMP2,G-Drive Racing
2021,2021_Spa,LMP2,PR1 Motorsports
2021,2021_Spa,GT (GTE Pro/Am),Porsche GT Team
2021,2021_Spa,GT (GTE Pro/Am),AF Corse
2021,2021_Spa,GT (GTE Pro/Am),AF Corse
2021,2021_Spa,GT (GTE Pro/Am),Corvette Racing
2021,2021_Spa,GT (GTE Pro/Am),Porsche GT Team
2021,2021_Spa,GT (GTE Pro/Am),AF Corse
2021,2021_Spa,GT (GTE Pro/Am),TF Sport
2021,2021_Spa,GT (GTE Pro/Am),Cetilar Racing
2021,2021_Spa,GT (GTE Pro/Am),AF Corse
2021,2021_Spa,GT (GTE Pro/Am),Dempsey - Proton Racing
2021,2021_Spa,GT (GTE Pro/Am),Aston Martin Racing
2021,2021_Spa,GT (GTE Pro/Am),D'Station Racing
2021,2021_Spa,GT (GTE Pro/Am),Iron Lynx
2021,2021_Spa,GT (GTE Pro/Am),Iron Lynx
2021,2021_Spa,LMP2,Team WRT
2021,2021_Spa,GT (GTE Pro/Am),Dempsey - Proton Racing
2021,2021_Spa,LMP2,G-Drive Racing
2021,2021_Spa,GT (GTE Pro/Am),GR Racing
2021,2021_Spa,LMP2,ARC Bratislava
2021,2021_Monza,Top Class (LMP1/Hypercar),Toyota Gazoo Racing
2021,2021_Monza,Top Class (LMP1/Hypercar),Alpine Elf Matmut
2021,2021_Monza,LMP2,United Autosports USA
2021,2021_Monza,Top Class (LMP1/Hypercar),Glickenhaus Racing
2021,2021_Monza,LMP2,Team WRT
2021,2021_Monza,LMP2,Racing Team Nederland
2021,2021_Monza,LMP2,Inter Europol Competition
2021,2021_Monza,LMP2,JOTA
2021,2021_Monza,LMP2,DragonSpeed USA
2021,2021_Monza,LMP2,Realteam Racing
2021,2021_Monza,LMP2,Richard Mille Racing Team
2021,2021_Monza,LMP2,High Class Racing
2021,2021_Monza,LMP2,Risi Competizione
2021,2021_Monza,LMP2,ARC Bratislava
2021,2021_Monza,GT (GTE Pro/Am),Porsche GT Team
2021,2021_Monza,GT (GTE Pro/Am),AF Corse
2021,2021_Monza,GT (GTE Pro/Am),Porsche GT Team
2021,2021_Monza,GT (GTE Pro/Am),AF Corse
2021,2021_Monza,GT (GTE Pro/Am),AF Corse
2021,2021_Monza,GT (GTE Pro/Am),Aston Martin Racing
2021,2021_Monza,GT (GTE Pro/Am),D'Station Racing
2021,2021_Monza,GT (GTE Pro/Am),Team Project 1
2021,2021_Monza,GT (GTE Pro/Am),Dempsey - Proton Racing
2021,2021_Monza,GT (GTE Pro/Am),Dempsey - Proton Racing
2021,2021_Monza,GT (GTE Pro/Am),AF Corse
2021,2021_Monza,GT (GTE Pro/Am),Iron Lynx
2021,2021_Monza,GT (GTE Pro/Am),GR Racing
2021,2021_Monza,GT (GTE Pro/Am),AF Corse
2021,2021_Monza,GT (GTE Pro/Am),Cetilar Racing
2021,2021_Monza,GT (GTE Pro/Am),Team Project 1
2021,2021_Monza,GT (GTE Pro/Am),Rinaldi Racing
2021,2021_Monza,GT (GTE Pro/Am),TF Sport
2021,2021_Monza,Top Class (LMP1/Hypercar),Toyota Gazoo Racing
2021,2021_Monza,LMP2,JOTA
2021,2021_Monza,Top Class (LMP1/Hypercar),Glickenhaus Racing
2021,2021_Monza,GT (GTE Pro/Am),Iron Lynx
2021,2021_Bahrain,Top Class (LMP1/Hypercar),Toyota Gazoo Racing
2021,2021_Bahrain,Top Class (LMP1/Hypercar),Toyota Gazoo Racing
2021,2021_Bahrain,Top Class (LMP1/Hypercar),Alpine Elf Matmut
2021,2021_Bahrain,LMP2,Team WRT
2021,2021_Bahrain,LMP2,JOTA
2021,2021_Bahrain,LMP2,JOTA
2021,2021_Bahrain,LMP2,United Autosports USA
2021,2021_Bahrain,LMP2,Inter Europol Competition
2021,2021_Bahrain,LMP2,Racing Team Nederland
2021,2021_Bahrain,LMP2,Realteam Racing
2021,2021_Bahrain,LMP2,High Class Racing
2021,2021_Bahrain,LMP2,Richard Mille Racing Team
2021,2021_Bahrain,LMP2,DragonSpeed USA
2021,2021_Bahrain,LMP2,ARC Bratislava
2021,2021_Bahrain,GT (GTE Pro/Am),AF Corse
2021,2021_Bahrain,GT (GTE Pro/Am),Porsche GT Team
2021,2021_Bahrain,GT (GTE Pro/Am),AF Corse
2021,2021_Bahrain,GT (GTE Pro/Am),Porsche GT Team
2021,2021_Bahrain,GT (GTE Pro/Am),AF Corse
2021,2021_Bahrain,GT (GTE Pro/Am),Dempsey - Proton Racing
2021,2021_Bahrain,GT (GTE Pro/Am),Team Project 1
2021,2021_Bahrain,GT (GTE Pro/Am),Cetilar Racing
2021,2021_Bahrain,GT (GTE Pro/Am),Kessel Racing
2021,2021_Bahrain,GT (GTE Pro/Am),Iron Lynx
2021,2021_Bahrain,GT (GTE Pro/Am),AF Corse
2021,2021_Bahrain,GT (GTE Pro/Am),D'Station Racing
2021,2021_Bahrain,GT (GTE Pro/Am),Iron Lynx
2021,2021_Bahrain,GT (GTE Pro/Am),GR Racing
2021,2021_Bahrain,GT (GTE Pro/Am),Aston Martin Racing
2021,2021_Bahrain,GT (GTE Pro/Am),TF Sport
2021,2021_Bahrain,GT (GTE Pro/Am),Dempsey - Proton Racing
2021,2021_Bahrain 2,Top Class (LMP1/Hypercar),Toyota Gazoo Racing
2021,2021_Bahrain 2,Top Class (LMP1/Hypercar),Toyota Gazoo Racing
2021,2021_Bahrain 2,Top Class (LMP1/Hypercar),Alpine Elf Matmut
2021,2021_Bahrain 2,LMP2,Team WRT
2021,2021_Bahrain 2,LMP2,JOTA
2021,2021_Bahrain 2,LMP2,JOTA
2021,2021_Bahrain 2,LMP2,United Autosports USA
2021,2021_Bahrain 2,LMP2,Racing Team Nederland
2021,2021_Bahrain 2,LMP2,Richard Mille Racing Team
2021,2021_Bahrain 2,LMP2,Realteam Racing
2021,2021_Bahrain 2,LMP2,High Class Racing
2021,2021_Bahrain 2,LMP2,Inter Europol Competition
2021,2021_Bahrain 2,GT (GTE Pro/Am),Porsche GT Team
2021,2021_Bahrain 2,GT (GTE Pro/Am),Porsche GT Team
2021,2021_Bahrain 2,GT (GTE Pro/Am),AF Corse
2021,2021_Bahrain 2,GT (GTE Pro/Am),AF Corse
2021,2021_Bahrain 2,GT (GTE Pro/Am),TF Sport
2021,2021_Bahrain 2,GT (GTE Pro/Am),Dempsey - Proton Racing
2021,2021_Bahrain 2,GT (GTE Pro/Am),Team Project 1
2021,2021_Bahrain 2,GT (GTE Pro/Am),Aston Martin Racing
2021,2021_Bahrain 2,LMP2,ARC Bratislava
2021,2021_Bahrain 2,GT (GTE Pro/Am),AF Corse
2021,2021_Bahrain 2,GT (GTE Pro/Am),GR Racing
2021,2021_Bahrain 2,GT (GTE Pro/Am),AF Corse
2021,2021_Bahrain 2,GT (GTE Pro/Am),Iron Lynx
2021,2021_Bahrain 2,GT (GTE Pro/Am),Kessel Racing
2021,2021_Bahrain 2,GT (GTE Pro/Am),Cetilar Racing
2021,2021_Bahrain 2,GT (GTE Pro/Am),D'Station Racing
2021,2021_Bahrain 2,GT (GTE Pro/Am),Iron Lynx
2021,2021_Bahrain 2,LMP2,DragonSpeed USA
2021,2021_Bahrain 2,GT (GTE Pro/Am),Dempsey - Proton Racing
2022,2022_Sebring,Top Class (LMP1/Hypercar),Alpine ELF Team
2022,2022_Sebring,Top Class (LMP1/Hypercar),Toyota Gazoo Racing
2022,2022_Sebring,Top Class (LMP1/Hypercar),Glickenhaus Racing
2022,2022_Sebring,LMP2,United Autosports USA
2022,2022_Sebring,LMP2,WRT
2022,2022_Sebring,LMP2,Realteam by WRT
2022,2022_Sebring,LMP2,Prema Orlen Team
2022,2022_Sebring,LMP2,JOTA
2022,2022_Sebring,LMP2,Team Penske
2022,2022_Sebring,LMP2,JOTA
2022,2022_Sebring,LMP2,United Autosports USA
2022,2022_Sebring,LMP2,AF Corse
2022,2022_Sebring,LMP2,Ultimate
2022,2022_Sebring,LMP2,Algarve Pro Racing
2022,2022_Sebring,LMP2,Richard Mille Racing Team
2022,2022_Sebring,LMP2,ARC Bratislava
2022,2022_Sebring,GT (GTE Pro/Am),Porsche GT Team
2022,2022_Sebring,GT (GTE Pro/Am),Corvette Racing
2022,2022_Sebring,GT (GTE Pro/Am),Porsche GT Team
2022,2022_Sebring,GT (GTE Pro/Am),AF Corse
2022,2022_Sebring,LMP2,Inter Europol Competition
2022,2022_Sebring,LMP2,Vector Sport
2022,2022_Sebring,GT (GTE Pro/Am),Northwest AMR
2022,2022_Sebring,GT (GTE Pro/Am),AF Corse
2022,2022_Sebring,GT (GTE Pro/Am),Team Project 1
2022,2022_Sebring,GT (GTE Pro/Am),TF Sport
2022,2022_Sebring,GT (GTE Pro/Am),Dempsey - Proton Racing
2022,2022_Sebring,GT (GTE Pro/Am),Iron Dames
2022,2022_Sebring,GT (GTE Pro/Am),D'Station Racing
2022,2022_Sebring,GT (GTE Pro/Am),AF Corse
2022,2022_Sebring,GT (GTE Pro/Am),Iron Lynx
2022,2022_Sebring,GT (GTE Pro/Am),AF Corse
2022,2022_Sebring,GT (GTE Pro/Am),Dempsey - Proton Racing
2022,2022_Sebring,GT (GTE Pro/Am),Spirit of Race
2022,2022_Sebring,GT (GTE Pro/Am),Team Project 1
2022,2022_Sebring,Top Class (LMP1/Hypercar),Toyota Gazoo Racing
2022,2022_LeMans,Top Class (LMP1/Hypercar),Toyota Gazoo Racing
2022,2022_LeMans,Top Class (LMP1/Hypercar),Toyota Gazoo Racing
2022,2022_LeMans,Top Class (LMP1/Hypercar),Glickenhaus Racing
2022,2022_LeMans,Top Class (LMP1/Hypercar),Glickenhaus Racing
2022,2022_LeMans,LMP2,JOTA
2022,2022_LeMans,LMP2,Prema Orlen Team
2022,2022_LeMans,LMP2,JOTA
2022,2022_LeMans,LMP2,TDS Racing x Vaillante
2022,2022_LeMans,LMP2,Team Penske
2022,2022_LeMans,LMP2,United Autosports USA
2022,2022_LeMans,LMP2,COOL Racing
2022,2022_LeMans,LMP2,IDEC Sport
2022,2022_LeMans,LMP2,Richard Mille Racing Team
2022,2022_LeMans,LMP2,United Autosports USA
2022,2022_LeMans,LMP2,Team WRT
2022,2022_LeMans,LMP2,Panis Racing
2022,2022_LeMans,LMP2,Inter Europol Competition
2022,2022_LeMans,LMP2,Inter Europol Competition
2022,2022_LeMans,LMP2,Algarve Pro Racing
2022,2022_LeMans,LMP2,Nielsen Racing
2022,2022_LeMans,LMP2,Realteam by WRT
2022,2022_LeMans,LMP2,DKR Engineering
2022,2022_LeMans,Top Class (LMP1/Hypercar),Alpine ELF Team
2022,2022_LeMans,LMP2,AF Corse
2022,2022_LeMans,LMP2,Algarve Pro Racing
2022,2022_LeMans,LMP2,ARC Bratislava
2022,2022_LeMans,LMP2,Vector Sport
2022,2022_LeMans,GT (GTE Pro/Am),Porsche GT Team
2022,2022_LeMans,GT (GTE Pro/Am),AF Corse
2022,2022_LeMans,GT (GTE Pro/Am),AF Corse
2022,2022_LeMans,GT (GTE Pro/Am),Porsche GT Team
2022,2022_LeMans,GT (GTE Pro/Am),Riley Motorsports
2022,2022_LeMans,LMP2,Graff Racing
2022,2022_LeMans,GT (GTE Pro/Am),TF Sport
2022,2022_LeMans,GT (GTE Pro/Am),WeatherTech Racing
2022,2022_LeMans,GT (GTE Pro/Am),Northwest AMR
2022,2022_LeMans,GT (GTE Pro/Am),GR Racing
2022,2022_LeMans,GT (GTE Pro/Am),Dempsey - Proton Racing
2022,2022_LeMans,GT (GTE Pro/Am),AF Corse
2022,2022_LeMans,GT (GTE Pro/Am),Iron Dames
2022,2022_LeMans,GT (GTE Pro/Am),AF Corse
2022,2022_LeMans,GT (GTE Pro/Am),AF Corse
2022,2022_LeMans,GT (GTE Pro/Am),Spirit of Race
2022,2022_LeMans,GT (GTE Pro/Am),Hardpoint Motorsport
2022,2022_LeMans,GT (GTE Pro/Am),Kessel Racing
2022,2022_LeMans,GT (GTE Pro/Am),Iron Lynx
2022,2022_LeMans,GT (GTE Pro/Am),Dempsey - Proton Racing
2022,2022_LeMans,LMP2,Ultimate
2022,2022_LeMans,LMP2,CD Sport
2022,2022_LeMans,GT (GTE Pro/Am),JMW Motorsport
2022,2022_LeMans,GT (GTE Pro/Am),Proton Competition
2022,2022_LeMans,LMP2,Duqueine Team
2022,2022_LeMans,GT (GTE Pro/Am),Iron Lynx
2022,2022_LeMans,GT (GTE Pro/Am),Iron Lynx
2022,2022_LeMans,LMP2,WRT
2022,2022_LeMans,GT (GTE Pro/Am),Corvette Racing
2022,2022_LeMans,GT (GTE Pro/Am),Team Project 1
2022,2022_LeMans,GT (GTE Pro/Am),Corvette Racing
2022,2022_LeMans,GT (GTE Pro/Am),Inception Racing
2022,2022_LeMans,GT (GTE Pro/Am),Spirit of Race
2022,2022_LeMans,GT (GTE Pro/Am),D'Station Racing
2022,2022_LeMans,GT (GTE Pro/Am),Team Project 1
2022,2022_Spa,Top Class (LMP1/Hypercar),Toyota Gazoo Racing
2022,2022_Spa,Top Class (LMP1/Hypercar),Alpine ELF Team
2022,2022_Spa,LMP2,WRT
2022,2022_Spa,LMP2,Realteam by WRT
2022,2022_Spa,LMP2,JOTA
2022,2022_Spa,LMP2,Team Penske
2022,2022_Spa,LMP2,United Autosports USA
2022,2022_Spa,LMP2,United Autosports USA
2022,2022_Spa,Top Class (LMP1/Hypercar),Glickenhaus Racing
2022,2022_Spa,LMP2,Prema Orlen Team
2022,2022_Spa,GT (GTE Pro/Am),AF Corse
2022,2022_Spa,GT (GTE Pro/Am),Porsche GT Team
2022,2022_Spa,GT (GTE Pro/Am),AF Corse
2022,2022_Spa,LMP2,Richard Mille Racing Team
2022,2022_Spa,LMP2,AF Corse
2022,2022_Spa,LMP2,Vector Sport
2022,2022_Spa,LMP2,Algarve Pro Racing
2022,2022_Spa,GT (GTE Pro/Am),Corvette Racing
2022,2022_Spa,LMP2,Ultimate
2022,2022_Spa,GT (GTE Pro/Am),Porsche GT Team
2022,2022_Spa,GT (GTE Pro/Am),Dempsey - Proton Racing
2022,2022_Spa,GT (GTE Pro/Am),TF Sport
2022,2022_Spa,GT (GTE Pro/Am),Northwest AMR
2022,2022_Spa,GT (GTE Pro/Am),AF Corse
2022,2022_Spa,GT (GTE Pro/Am),Team Project 1
2022,2022_Spa,GT (GTE Pro/Am),GR Racing
2022,2022_Spa,GT (GTE Pro/Am),D'Station Racing
2022,2022_Spa,GT (GTE Pro/Am),Iron Lynx
2022,2022_Spa,GT (GTE Pro/Am),Dempsey - Proton Racing
2022,2022_Spa,GT (GTE Pro/Am),Iron Dames
2022,2022_Spa,GT (GTE Pro/Am),AF Corse
2022,2022_Spa,GT (GTE Pro/Am),Spirit of Race
2022,2022_Spa,GT (GTE Pro/Am),Team Project 1
2022,2022_Spa,LMP2,JOTA
2022,2022_Spa,LMP2,Inter Europol Competition
2022,2022_Spa,Top Class (LMP1/Hypercar),Toyota Gazoo Racing
2022,2022_Spa,LMP2,ARC Bratislava
2022,2022_Monza,Top Class (LMP1/Hypercar),Alpine ELF Team
2022,2022_Monza,Top Class (LMP1/Hypercar),Toyota Gazoo Racing
2022,2022_Monza,Top Class (LMP1/Hypercar),Toyota Gazoo Racing
2022,2022_Monza,LMP2,Realteam by WRT
2022,2022_Monza,LMP2,JOTA
2022,2022_Monza,LMP2,Vector Sport
2022,2022_Monza,LMP2,Inter Europol Competition
2022,2022_Monza,LMP2,United Autosports USA
2022,2022_Monza,LMP2,Prema Orlen Team
2022,2022_Monza,LMP2,Algarve Pro Racing
2022,2022_Monza,LMP2,Ultimate
2022,2022_Monza,LMP2,AF Corse
2022,2022_Monza,LMP2,JOTA
2022,2022_Monza,LMP2,ARC Bratislava
2022,2022_Monza,GT (GTE Pro/Am),Corvette Racing
2022,2022_Monza,GT (GTE Pro/Am),AF Corse
2022,2022_Monza,GT (GTE Pro/Am),AF Corse
2022,2022_Monza,GT (GTE Pro/Am),Porsche GT Team
2022,2022_Monza,GT (GTE Pro/Am),Porsche GT Team
2022,2022_Monza,GT (GTE Pro/Am),Dempsey - Proton Racing
2022,2022_Monza,LMP2,WRT
2022,2022_Monza,GT (GTE Pro/Am),Iron Dames
2022,2022_Monza,LMP2,United Autosports USA
2022,2022_Monza,GT (GTE Pro/Am),Team Project 1
2022,2022_Monza,GT (GTE Pro/Am),Iron Lynx
2022,2022_Monza,GT (GTE Pro/Am),Spirit of Race
2022,2022_Monza,GT (GTE Pro/Am),Dempsey - Proton Racing
2022,2022_Monza,GT (GTE Pro/Am),AF Corse
2022,2022_Monza,GT (GTE Pro/Am),Northwest AMR
2022,2022_Monza,GT (GTE Pro/Am),AF Corse
2022,2022_Monza,GT (GTE Pro/Am),Team Project 1
2022,2022_Monza,GT (GTE Pro/Am),D'Station Racing
2022,2022_Monza,Top Class (LMP1/Hypercar),Peugeot TotalEnergies
2022,2022_Monza,GT (GTE Pro/Am),GR Racing
2022,2022_Monza,LMP2,Richard Mille Racing Team
2022,2022_Monza,Top Class (LMP1/Hypercar),Glickenhaus Racing
2022,2022_Monza,GT (GTE Pro/Am),TF Sport
2022,2022_Monza,Top Class (LMP1/Hypercar),Peugeot TotalEnergies
2022,2022_Fuji,Top Class (LMP1/Hypercar),Toyota Gazoo Racing
2022,2022_Fuji,Top Class (LMP1/Hypercar),Toyota Gazoo Racing
2022,2022_Fuji,Top Class (LMP1/Hypercar),Alpine ELF Team
2022,2022_Fuji,Top Class (LMP1/Hypercar),Peugeot TotalEnergies
2022,2022_Fuji,LMP2,WRT
2022,2022_Fuji,LMP2,JOTA
2022,2022_Fuji,LMP2,JOTA
2022,2022_Fuji,LMP2,Realteam by WRT
2022,2022_Fuji,LMP2,United Autosports USA
2022,2022_Fuji,LMP2,Prema Orlen Team
2022,2022_Fuji,LMP2,United Autosports USA
2022,2022_Fuji,LMP2,Richard Mille Racing Team
2022,2022_Fuji,LMP2,Vector Sport
2022,2022_Fuji,LMP2,AF Corse
2022,2022_Fuji,LMP2,Inter Europol Competition
2022,2022_Fuji,LMP2,Ultimate
2022,2022_Fuji,GT (GTE Pro/Am),AF Corse
2022,2022_Fuji,GT (GTE Pro/Am),AF Corse
2022,2022_Fuji,GT (GTE Pro/Am),Porsche GT Team
2022,2022_Fuji,Top Class (LMP1/Hypercar),Peugeot TotalEnergies
2022,2022_Fuji,GT (GTE Pro/Am),Porsche GT Team
2022,2022_Fuji,GT (GTE Pro/Am),Corvette Racing
2022,2022_Fuji,GT (GTE Pro/Am),TF Sport
2022,2022_Fuji,GT (GTE Pro/Am),Iron Dames
2022,2022_Fuji,GT (GTE Pro/Am),D'Station Racing
2022,2022_Fuji,GT (GTE Pro/Am),AF Corse
2022,2022_Fuji,GT (GTE Pro/Am),Northwest AMR
2022,2022_Fuji,GT (GTE Pro/Am),Team Project 1
2022,2022_Fuji,GT (GTE Pro/Am),Spirit of Race
2022,2022_Fuji,GT (GTE Pro/Am),Team Project 1
2022,2022_Fuji,GT (GTE Pro/Am),Dempsey - Proton Racing
2022,2022_Fuji,GT (GTE Pro/Am),AF Corse
2022,2022_Fuji,GT (GTE Pro/Am),Iron Lynx
2022,2022_Fuji,LMP2,Algarve Pro Racing
2022,2022_Fuji,GT (GTE Pro/Am),GR Racing
2022,2022_Fuji,GT (GTE Pro/Am),Dempsey - Proton Racing
2022,2022_Bahrain,Top Class (LMP1/Hypercar),Toyota Gazoo Racing
2022,2022_Bahrain,Top Class (LMP1/Hypercar),Toyota Gazoo Racing
2022,2022_Bahrain,Top Class (LMP1/Hypercar),Alpine ELF Team
2022,2022_Bahrain,Top Class (LMP1/Hypercar),Peugeot TotalEnergies
2022,2022_Bahrain,LMP2,WRT
2022,2022_Bahrain,LMP2,United Autosports USA
2022,2022_Bahrain,LMP2,JOTA
2022,2022_Bahrain,LMP2,Prema Orlen Team
2022,2022_Bahrain,LMP2,Realteam by WRT
2022,2022_Bahrain,LMP2,United Autosports USA
2022,2022_Bahrain,LMP2,JOTA
2022,2022_Bahrain,LMP2,Richard Mille Racing Team
2022,2022_Bahrain,LMP2,Vector Sport
2022,2022_Bahrain,LMP2,AF Corse
2022,2022_Bahrain,LMP2,Ultimate
2022,2022_Bahrain,LMP2,Algarve Pro Racing
2022,2022_Bahrain,GT (GTE Pro/Am),AF Corse
2022,2022_Bahrain,GT (GTE Pro/Am),Corvette Racing
2022,2022_Bahrain,GT (GTE Pro/Am),Porsche GT Team
2022,2022_Bahrain,GT (GTE Pro/Am),Porsche GT Team
2022,2022_Bahrain,GT (GTE Pro/Am),AF Corse
2022,2022_Bahrain,LMP2,ARC Bratislava
2022,2022_Bahrain,GT (GTE Pro/Am),Team Project 1
2022,2022_Bahrain,GT (GTE Pro/Am),Team Project 1
2022,2022_Bahrain,GT (GTE Pro/Am),Iron Dames
2022,2022_Bahrain,GT (GTE Pro/Am),TF Sport
2022,2022_Bahrain,GT (GTE Pro/Am),Northwest AMR
2022,2022_Bahrain,GT (GTE Pro/Am),GR Racing
2022,2022_Bahrain,GT (GTE Pro/Am),AF Corse
2022,2022_Bahrain,GT (GTE Pro/Am),Dempsey - Proton Racing
2022,2022_Bahrain,GT (GTE Pro/Am),Iron Lynx
2022,2022_Bahrain,GT (GTE Pro/Am),D'Station Racing
2022,2022_Bahrain,GT (GTE Pro/Am),AF Corse
2022,2022_Bahrain,GT (GTE Pro/Am),Dempsey - Proton Racing
2022,2022_Bahrain,GT (GTE Pro/Am),Spirit of Race
2022,2022_Bahrain,LMP2,Inter Europol Competition
2022,2022_Bahrain,Top Class (LMP1/Hypercar),Peugeot TotalEnergies
2023,2023_Bahrain,Top Class (LMP1/Hypercar),Toyota Gazoo Racing
2023,2023_Bahrain,Top Class (LMP1/Hypercar),Toyota Gazoo Racing
2023,2023_Bahrain,Top Class (LMP1/Hypercar),Ferrari AF Corse
2023,2023_Bahrain,Top Class (LMP1/Hypercar),Hertz Team JOTA
2023,2023_Bahrain,Top Class (LMP1/Hypercar),Porsche Penske Motorsport
2023,2023_Bahrain,Top Class (LMP1/Hypercar),Ferrari AF Corse
2023,2023_Bahrain,Top Class (LMP1/Hypercar),Porsche Penske Motorsport
2023,2023_Bahrain,Top Class (LMP1/Hypercar),Peugeot TotalEnergies
2023,2023_Bahrain,Top Class (LMP1/Hypercar),Peugeot TotalEnergies
2023,2023_Bahrain,Top Class (LMP1/Hypercar),Proton Competition
2023,2023_Bahrain,Top Class (LMP1/Hypercar),Cadillac Racing
2023,2023_Bahrain,LMP2,Team WRT
2023,2023_Bahrain,LMP2,Team WRT
2023,2023_Bahrain,LMP2,JOTA
2023,2023_Bahrain,LMP2,Prema Racing
2023,2023_Bahrain,LMP2,Prema Racing
2023,2023_Bahrain,LMP2,Inter Europol Competition
2023,2023_Bahrain,LMP2,Alpine Elf Team
2023,2023_Bahrain,LMP2,United Autosports
2023,2023_Bahrain,LMP2,United Autosports
2023,2023_Bahrain,LMP2,Alpine Elf Team
2023,2023_Bahrain,GT (GTE Pro/Am),Iron Dames
2023,2023_Bahrain,GT (GTE Pro/Am),D'Station Racing
2023,2023_Bahrain,GT (GTE Pro/Am),Northwest AMR
2023,2023_Bahrain,GT (GTE Pro/Am),AF Corse
2023,2023_Bahrain,GT (GTE Pro/Am),Kessel Racing
2023,2023_Bahrain,GT (GTE Pro/Am),Dempsey - Proton Racing
2023,2023_Bahrain,GT (GTE Pro/Am),Corvette Racing
2023,2023_Bahrain,GT (GTE Pro/Am),GR Racing
2023,2023_Bahrain,GT (GTE Pro/Am),Richard Mille AF Corse
2023,2023_Bahrain,GT (GTE Pro/Am),Project 1 - AO
2023,2023_Bahrain,GT (GTE Pro/Am),AF Corse
2023,2023_Bahrain,Top Class (LMP1/Hypercar),Floyd Vanwall Racing Team
2023,2023_Bahrain,GT (GTE Pro/Am),ORT by TF
2023,2023_Bahrain,LMP2,Vector Sport
2023,2023_Bahrain,GT (GTE Pro/Am),Iron Lynx
2023,2023_Algarve,Top Class (LMP1/Hypercar),Toyota Gazoo Racing
2023,2023_Algarve,Top Class (LMP1/Hypercar),Ferrari AF Corse
2023,2023_Algarve,Top Class (LMP1/Hypercar),Porsche Penske Motorsport
2023,2023_Algarve,Top Class (LMP1/Hypercar),Cadillac Racing
2023,2023_Algarve,Top Class (LMP1/Hypercar),Peugeot TotalEnergies
2023,2023_Algarve,Top Class (LMP1/Hypercar),Ferrari AF Corse
2023,2023_Algarve,Top Class (LMP1/Hypercar),Peugeot TotalEnergies
2023,2023_Algarve,Top Class (LMP1/Hypercar),Glickenhaus Racing
2023,2023_Algarve,Top Class (LMP1/Hypercar),Toyota Gazoo Racing
2023,2023_Algarve,LMP2,United Autosports
2023,2023_Algarve,LMP2,United Autosports
2023,2023_Algarve,LMP2,Team WRT
2023,2023_Algarve,LMP2,Prema Racing
2023,2023_Algarve,LMP2,Hertz Team JOTA
2023,2023_Algarve,LMP2,Prema Racing
2023,2023_Algarve,LMP2,Team WRT
2023,2023_Algarve,LMP2,JOTA
2023,2023_Algarve,LMP2,Alpine Elf Team
2023,2023_Algarve,LMP2,Inter Europol Competition
2023,2023_Algarve,LMP2,Alpine Elf Team
2023,2023_Algarve,GT (GTE Pro/Am),Corvette Racing
2023,2023_Algarve,GT (GTE Pro/Am),Richard Mille AF Corse
2023,2023_Algarve,GT (GTE Pro/Am),Iron Dames
2023,2023_Algarve,GT (GTE Pro/Am),AF Corse
2023,2023_Algarve,GT (GTE Pro/Am),AF Corse
2023,2023_Algarve,GT (GTE Pro/Am),Project 1 - AO
2023,2023_Algarve,GT (GTE Pro/Am),Dempsey - Proton Racing
2023,2023_Algarve,GT (GTE Pro/Am),ORT by TF
2023,2023_Algarve,GT (GTE Pro/Am),Proton Competition
2023,2023_Algarve,GT (GTE Pro/Am),Kessel Racing
2023,2023_Algarve,GT (GTE Pro/Am),GR Racing
2023,2023_Algarve,GT (GTE Pro/Am),Iron Lynx
2023,2023_Algarve,GT (GTE Pro/Am),Northwest AMR
2023,2023_Algarve,LMP2,Vector Sport
2023,2023_Algarve,Top Class (LMP1/Hypercar),Porsche Penske Motorsport
2023,2023_Algarve,Top Class (LMP1/Hypercar),Floyd Vanwall Racing Team
2023,2023_Algarve,GT (GTE Pro/Am),D'Station Racing
2023,2023_LeMans,Top Class (LMP1/Hypercar),Ferrari AF Corse
2023,2023_LeMans,Top Class (LMP1/Hypercar),Toyota Gazoo Racing
2023,2023_LeMans,Top Class (LMP1/Hypercar),Cadillac Racing
2023,2023_LeMans,Top Class (LMP1/Hypercar),Cadillac Racing
2023,2023_LeMans,Top Class (LMP1/Hypercar),Ferrari AF Corse
2023,2023_LeMans,Top Class (LMP1/Hypercar),Glickenhaus Racing
2023,2023_LeMans,Top Class (LMP1/Hypercar),Glickenhaus Racing
2023,2023_LeMans,Top Class (LMP1/Hypercar),Peugeot TotalEnergies
2023,2023_LeMans,LMP2,Inter Europol Competition
2023,2023_LeMans,LMP2,Team WRT
2023,2023_LeMans,LMP2,Duqueine Team
2023,2023_LeMans,LMP2,Alpine Elf Team
2023,2023_LeMans,LMP2,Team WRT
2023,2023_LeMans,LMP2,IDEC Sport
2023,2023_LeMans,LMP2,Vector Sport
2023,2023_LeMans,Top Class (LMP1/Hypercar),Porsche Penske Motorsport
2023,2023_LeMans,Top Class (LMP1/Hypercar),Action Express Racing
2023,2023_LeMans,LMP2,United Autosports
2023,2023_LeMans,LMP2,Alpine Elf Team
2023,2023_LeMans,LMP2,Algarve Pro Racing
2023,2023_LeMans,LMP2,United Autosports
2023,2023_LeMans,Top Class (LMP1/Hypercar),Porsche Penske Motorsport
2023,2023_LeMans,LMP2,COOL Racing
2023,2023_LeMans,LMP2,JOTA
2023,2023_LeMans,LMP2,Panis Racing
2023,2023_LeMans,GT (GTE Pro/Am),Corvette Racing
2023,2023_LeMans,Top Class (LMP1/Hypercar),Peugeot TotalEnergies
2023,2023_LeMans,GT (GTE Pro/Am),ORT by TF
2023,2023_LeMans,GT (GTE Pro/Am),GR Racing
2023,2023_LeMans,GT (GTE Pro/Am),Iron Dames
2023,2023_LeMans,GT (GTE Pro/Am),AF Corse
2023,2023_LeMans,LMP2,DKR Engineering
2023,2023_LeMans,GT (GTE Pro/Am),Northwest AMR
2023,2023_LeMans,LMP2,Prema Racing
2023,2023_LeMans,GT (GTE Pro/Am),Project 1 - AO
2023,2023_LeMans,GT (GTE Pro/Am),Walkenhorst Motorsport
2023,2023_LeMans,LMP2,Graff Racing
2023,2023_LeMans,GT (GTE Pro/Am),Kessel Racing
2023,2023_LeMans,Experimental,Hendrick Motorsports
2023,2023_LeMans,Top Class (LMP1/Hypercar),Hertz Team JOTA
2023,2023_LeMans,GT (GTE Pro/Am),Kessel Racing
2023,2023_LeMans,GT (GTE Pro/Am),Proton Competition
2023,2023_LeMans,LMP2,AF Corse
2023,2023_LeMans,GT (GTE Pro/Am),Proton Competition
2023,2023_LeMans,Top Class (LMP1/Hypercar),Floyd Vanwall Racing Team
2023,2023_LeMans,GT (GTE Pro/Am),D'Station Racing
2023,2023_LeMans,LMP2,COOL Racing
2023,2023_LeMans,GT (GTE Pro/Am),Dempsey - Proton Racing
2023,2023_LeMans,LMP2,Inter Europol Competition
2023,2023_LeMans,LMP2,Prema Racing
2023,2023_LeMans,Top Class (LMP1/Hypercar),Toyota Gazoo Racing
2023,2023_LeMans,GT (GTE Pro/Am),JMW Motorsport
2023,2023_LeMans,LMP2,Racing Team Turkey
2023,2023_LeMans,Top Class (LMP1/Hypercar),Porsche Penske Motorsport
2023,2023_LeMans,GT (GTE Pro/Am),TF Sport
2023,2023_LeMans,GT (GTE Pro/Am),Richard Mille AF Corse
2023,2023_LeMans,GT (GTE Pro/Am),Iron Lynx
2023,2023_LeMans,GT (GTE Pro/Am),Proton Competition
2023,2023_LeMans,GT (GTE Pro/Am),GMB Motorsport
2023,2023_LeMans,GT (GTE Pro/Am),AF Corse
2023,2023_LeMans,LMP2,Tower Motorsports
2023,2023_LeMans,LMP2,Nielsen Racing
2023,2023_Spa,Top Class (LMP1/Hypercar),Toyota Gazoo Racing
2023,2023_Spa,Top Class (LMP1/Hypercar),Toyota Gazoo Racing
2023,2023_Spa,Top Class (LMP1/Hypercar),Ferrari AF Corse
2023,2023_Spa,Top Class (LMP1/Hypercar),Porsche Penske Motorsport
2023,2023_Spa,Top Class (LMP1/Hypercar),Cadillac Racing
2023,2023_Spa,Top Class (LMP1/Hypercar),Hertz Team JOTA
2023,2023_Spa,LMP2,Team WRT
2023,2023_Spa,LMP2,United Autosports
2023,2023_Spa,LMP2,Inter Europol Competition
2023,2023_Spa,LMP2,Prema Racing
2023,2023_Spa,LMP2,United Autosports
2023,2023_Spa,LMP2,Team WRT
2023,2023_Spa,Top Class (LMP1/Hypercar),Glickenhaus Racing
2023,2023_Spa,Top Class (LMP1/Hypercar),Peugeot TotalEnergies
2023,2023_Spa,LMP2,Alpine Elf Team
2023,2023_Spa,LMP2,Alpine Elf Team
2023,2023_Spa,Top Class (LMP1/Hypercar),Peugeot TotalEnergies
2023,2023_Spa,LMP2,JOTA
2023,2023_Spa,LMP2,Prema Racing
2023,2023_Spa,GT (GTE Pro/Am),Richard Mille AF Corse
2023,2023_Spa,GT (GTE Pro/Am),Corvette Racing
2023,2023_Spa,GT (GTE Pro/Am),ORT by TF
2023,2023_Spa,GT (GTE Pro/Am),Proton Competition
2023,2023_Spa,GT (GTE Pro/Am),Iron Dames
2023,2023_Spa,GT (GTE Pro/Am),AF Corse
2023,2023_Spa,GT (GTE Pro/Am),Northwest AMR
2023,2023_Spa,GT (GTE Pro/Am),Kessel Racing
2023,2023_Spa,GT (GTE Pro/Am),Dempsey - Proton Racing
2023,2023_Spa,GT (GTE Pro/Am),D'Station Racing
2023,2023_Spa,GT (GTE Pro/Am),Iron Lynx
2023,2023_Spa,GT (GTE Pro/Am),GR Racing
2023,2023_Spa,GT (GTE Pro/Am),AF Corse
2023,2023_Spa,Top Class (LMP1/Hypercar),Ferrari AF Corse
2023,2023_Spa,Top Class (LMP1/Hypercar),Floyd Vanwall Racing Team
2023,2023_Spa,Top Class (LMP1/Hypercar),Porsche Penske Motorsport
2023,2023_Spa,Top Class (LMP1/Hypercar),Cadillac Racing
2023,2023_Spa,LMP2,Vector Sport
2023,2023_Monza,Top Class (LMP1/Hypercar),Toyota Gazoo Racing
2023,2023_Monza,Top Class (LMP1/Hypercar),Ferrari AF Corse
2023,2023_Monza,Top Class (LMP1/Hypercar),Peugeot TotalEnergies
2023,2023_Monza,Top Class (LMP1/Hypercar),Porsche Penske Motorsport
2023,2023_Monza,Top Class (LMP1/Hypercar),Ferrari AF Corse
2023,2023_Monza,Top Class (LMP1/Hypercar),Toyota Gazoo Racing
2023,2023_Monza,Top Class (LMP1/Hypercar),Porsche Penske Motorsport
2023,2023_Monza,Top Class (LMP1/Hypercar),Glickenhaus Racing
2023,2023_Monza,Top Class (LMP1/Hypercar),Hertz Team JOTA
2023,2023_Monza,Top Class (LMP1/Hypercar),Cadillac Racing
2023,2023_Monza,LMP2,JOTA
2023,2023_Monza,LMP2,Alpine Elf Team
2023,2023_Monza,LMP2,Team WRT
2023,2023_Monza,LMP2,United Autosports
2023,2023_Monza,LMP2,Inter Europol Competition
2023,2023_Monza,LMP2,United Autosports
2023,2023_Monza,LMP2,Prema Racing
2023,2023_Monza,LMP2,Alpine Elf Team
2023,2023_Monza,Top Class (LMP1/Hypercar),Peugeot TotalEnergies
2023,2023_Monza,Top Class (LMP1/Hypercar),Floyd Vanwall Racing Team
2023,2023_Monza,LMP2,Prema Racing
2023,2023_Monza,GT (GTE Pro/Am),Dempsey - Proton Racing
2023,2023_Monza,GT (GTE Pro/Am),Iron Lynx
2023,2023_Monza,GT (GTE Pro/Am),GR Racing
2023,2023_Monza,GT (GTE Pro/Am),Corvette Racing
2023,2023_Monza,GT (GTE Pro/Am),Iron Dames
2023,2023_Monza,GT (GTE Pro/Am),Richard Mille AF Corse
2023,2023_Monza,GT (GTE Pro/Am),ORT by TF
2023,2023_Monza,GT (GTE Pro/Am),Project 1 - AO
2023,2023_Monza,GT (GTE Pro/Am),AF Corse
2023,2023_Monza,GT (GTE Pro/Am),AF Corse
2023,2023_Monza,LMP2,Team WRT
2023,2023_Monza,Top Class (LMP1/Hypercar),Proton Competition
2023,2023_Monza,GT (GTE Pro/Am),Kessel Racing
2023,2023_Monza,LMP2,Vector Sport
2023,2023_Monza,GT (GTE Pro/Am),D'Station Racing
2023,2023_Fuji,Top Class (LMP1/Hypercar),Toyota Gazoo Racing
2023,2023_Fuji,Top Class (LMP1/Hypercar),Toyota Gazoo Racing
2023,2023_Fuji,Top Class (LMP1/Hypercar),Porsche Penske Motorsport
2023,2023_Fuji,Top Class (LMP1/Hypercar),Ferrari AF Corse
2023,2023_Fuji,Top Class (LMP1/Hypercar),Ferrari AF Corse
2023,2023_Fuji,Top Class (LMP1/Hypercar),Hertz Team JOTA
2023,2023_Fuji,Top Class (LMP1/Hypercar),Peugeot TotalEnergies
2023,2023_Fuji,Top Class (LMP1/Hypercar),Peugeot TotalEnergies
2023,2023_Fuji,Top Class (LMP1/Hypercar),Proton Competition
2023,2023_Fuji,Top Class (LMP1/Hypercar),Cadillac Racing
2023,2023_Fuji,LMP2,Team WRT
2023,2023_Fuji,LMP2,United Autosports
2023,2023_Fuji,LMP2,Team WRT
2023,2023_Fuji,LMP2,United Autosports
2023,2023_Fuji,LMP2,Alpine Elf Team
2023,2023_Fuji,LMP2,JOTA
2023,2023_Fuji,LMP2,Vector Sport
2023,2023_Fuji,LMP2,Prema Racing
2023,2023_Fuji,LMP2,Inter Europol Competition
2023,2023_Fuji,LMP2,Prema Racing
2023,2023_Fuji,LMP2,Alpine Elf Team
2023,2023_Fuji,Top Class (LMP1/Hypercar),Floyd Vanwall Racing Team
2023,2023_Fuji,GT (GTE Pro/Am),AF Corse
2023,2023_Fuji,GT (GTE Pro/Am),Corvette Racing
2023,2023_Fuji,GT (GTE Pro/Am),Kessel Racing
2023,2023_Fuji,GT (GTE Pro/Am),Iron Dames
2023,2023_Fuji,GT (GTE Pro/Am),Project 1 - AO
2023,2023_Fuji,GT (GTE Pro/Am),Dempsey - Proton Racing
2023,2023_Fuji,GT (GTE Pro/Am),Northwest AMR
2023,2023_Fuji,GT (GTE Pro/Am),GR Racing
2023,2023_Fuji,GT (GTE Pro/Am),Richard Mille AF Corse
2023,2023_Fuji,GT (GTE Pro/Am),D'Station Racing
2023,2023_Fuji,GT (GTE Pro/Am),Iron Lynx
2023,2023_Fuji,GT (GTE Pro/Am),AF Corse
2023,2023_Fuji,GT (GTE Pro/Am),ORT by TF
2023,2023_Fuji,Top Class (LMP1/Hypercar),Porsche Penske Motorsport
2023,2023_Sebring,Top Class (LMP1/Hypercar),Toyota Gazoo Racing
2023,2023_Sebring,Top Class (LMP1/Hypercar),Toyota Gazoo Racing
2023,2023_Sebring,Top Class (LMP1/Hypercar),Ferrari AF Corse
2023,2023_Sebring,Top Class (LMP1/Hypercar),Cadillac Racing
2023,2023_Sebring,Top Class (LMP1/Hypercar),Porsche Penske Motorsport
2023,2023_Sebring,Top Class (LMP1/Hypercar),Porsche Penske Motorsport
2023,2023_Sebring,LMP2,Hertz Team JOTA
2023,2023_Sebring,LMP2,United Autosports
2023,2023_Sebring,LMP2,Prema Racing
2023,2023_Sebring,LMP2,Inter Europol Competition
2023,2023_Sebring,LMP2,Team WRT
2023,2023_Sebring,LMP2,JOTA
2023,2023_Sebring,LMP2,Team WRT
2023,2023_Sebring,LMP2,Prema Racing
2023,2023_Sebring,Top Class (LMP1/Hypercar),Ferrari AF Corse
2023,2023_Sebring,LMP2,Alpine Elf Team
2023,2023_Sebring,GT (GTE Pro/Am),Corvette Racing
2023,2023_Sebring,GT (GTE Pro/Am),Dempsey - Proton Racing
2023,2023_Sebring,GT (GTE Pro/Am),Kessel Racing
2023,2023_Sebring,GT (GTE Pro/Am),AF Corse
2023,2023_Sebring,GT (GTE Pro/Am),AF Corse
2023,2023_Sebring,GT (GTE Pro/Am),Iron Lynx
2023,2023_Sebring,GT (GTE Pro/Am),GR Racing
2023,2023_Sebring,GT (GTE Pro/Am),Iron Dames
2023,2023_Sebring,LMP2,Vector Sport
2023,2023_Sebring,GT (GTE Pro/Am),ORT by TF
2023,2023_Sebring,GT (GTE Pro/Am),D'Station Racing
2023,2023_Sebring,GT (GTE Pro/Am),Northwest AMR
2023,2023_Sebring,GT (GTE Pro/Am),Project 1 - AO
2023,2023_Sebring,Top Class (LMP1/Hypercar),Floyd Vanwall Racing Team
2023,2023_Sebring,Top Class (LMP1/Hypercar),Peugeot TotalEnergies
2023,2023_Sebring,Top Class (LMP1/Hypercar),Peugeot TotalEnergies
2023,2023_Sebring,LMP2,Alpine Elf Team
2023,2023_Sebring,LMP2,United Autosports
2023,2023_Sebring,Top Class (LMP1/Hypercar),Glickenhaus Racing
2023,2023_Sebring,GT (GTE Pro/Am),Richard Mille AF Corse
2011,2011_LeMans,Top Class (LMP1/Hypercar),Audi Sport Team Joest
2011,2011_LeMans,Top Class (LMP1/Hypercar),Team Peugeot Total
2011,2011_LeMans,Top Class (LMP1/Hypercar),Peugeot Sport Total
2011,2011_LeMans,Top Class (LMP1/Hypercar),Peugeot Sport Total
2011,2011_LeMans,Top Class (LMP1/Hypercar),Team Oreca Matmut
2011,2011_LeMans,Top Class (LMP1/Hypercar),Rebellion Racing
2011,2011_LeMans,Top Class (LMP1/Hypercar),Kronos Racing
2011,2011_LeMans,LMP2,Greaves Motorsport
2011,2011_LeMans,LMP2,Signatech Nissan
2011,2011_LeMans,LMP2,Level 5 Motorsports
2011,2011_LeMans,GT (GTE Pro/Am),Corvette Racing
2011,2011_LeMans,LMP2,RML
2011,2011_LeMans,GT (GTE Pro/Am),AF Corse Srl
2011,2011_LeMans,LMP2,Oak Racing
2011,2011_LeMans,GT (GTE Pro/Am),BMW Motorsport
2011,2011_LeMans,GT (GTE Pro/Am),Team Felbermayr-Proton
2011,2011_LeMans,GT (GTE Pro/Am),Imsa Performance Matmut
2011,2011_LeMans,GT (GTE Pro/Am),Flying Lizard Motorsports
2011,2011_LeMans,LMP2,Race Performance
2011,2011_LeMans,GT (GTE Pro/Am),Larbre Competition
2011,2011_LeMans,GT (GTE Pro/Am),Larbre Competition
2011,2011_LeMans,GT (GTE Pro/Am),Lotus Jetalliance
2011,2011_LeMans,GT (GTE Pro/Am),Prospeed Competition
2011,2011_LeMans,GT (GTE Pro/Am),JMW Motorsport
2011,2011_LeMans,LMP2,Oak Racing
2011,2011_LeMans,GT (GTE Pro/Am),Robertson Racing LLC
2011,2011_LeMans,GT (GTE Pro/Am),JMB Racing
2011,2011_LeMans,LMP2,Extreme Limite AM Paris
2011,2011_LeMans,Top Class (LMP1/Hypercar),Pescarolo Team
2011,2011_LeMans,GT (GTE Pro/Am),BMW Motorsport
2011,2011_LeMans,GT (GTE Pro/Am),Corvette Racing
2011,2011_LeMans,GT (GTE Pro/Am),Flying Lizard Motorsports
2011,2011_LeMans,LMP2,Team Oreca Matmut
2011,2011_LeMans,GT (GTE Pro/Am),Proton Competition
2011,2011_LeMans,Top Class (LMP1/Hypercar),Rebellion Racing
2011,2011_LeMans,GT (GTE Pro/Am),AF Corse SRL
2011,2011_LeMans,GT (GTE Pro/Am),Luxury Racing
2011,2011_LeMans,GT (GTE Pro/Am),AF Corse
2011,2011_LeMans,GT (GTE Pro/Am),Team Felbermayr-Proton
2011,2011_LeMans,LMP2,Strakka Racing
2011,2011_LeMans,GT (GTE Pro/Am),Gulf AMR Middle East
2011,2011_LeMans,LMP2,Pecom Racing
2011,2011_LeMans,GT (GTE Pro/Am),Hankook-Team Farnbacher
2011,2011_LeMans,GT (GTE Pro/Am),Luxury Racing
2011,2011_LeMans,GT (GTE Pro/Am),Lotus Jetalliance
2011,2011_LeMans,GT (GTE Pro/Am),Krohn Racing
2011,2011_LeMans,Top Class (LMP1/Hypercar),Oak Racing
2011,2011_LeMans,Top Class (LMP1/Hypercar),Audi Sport Team Joest
2011,2011_LeMans,Top Class (LMP1/Hypercar),Hope Racing
2011,2011_LeMans,GT (GTE Pro/Am),CRS Racing
2011,2011_LeMans,Top Class (LMP1/Hypercar),Oak Racing
2011,2011_LeMans,GT (GTE Pro/Am),Jota
2011,2011_LeMans,Top Class (LMP1/Hypercar),Quifel-Asm Team
2011,2011_LeMans,Top Class (LMP1/Hypercar),Audi Sport North America
2011,2011_LeMans,Top Class (LMP1/Hypercar),Aston Martin Racing
2011,2011_LeMans,Top Class (LMP1/Hypercar),Aston Martin Racing
2012,2012_Silverstone,Top Class (LMP1/Hypercar),Audi Sport Team Joest
2012,2012_Silverstone,Top Class (LMP1/Hypercar),Toyota Gazoo Racing
2012,2012_Silverstone,Top Class (LMP1/Hypercar),Audi Sport Team Joest
2012,2012_Silverstone,Top Class (LMP1/Hypercar),Rebellion Racing
2012,2012_Silverstone,Top Class (LMP1/Hypercar),Strakka Racing
2012,2012_Silverstone,Top Class (LMP1/Hypercar),Rebellion Racing
2012,2012_Silverstone,Top Class (LMP1/Hypercar),JRM
2012,2012_Silverstone,LMP2,ADR-Delta
2012,2012_Silverstone,LMP2,Starworks Motorsports
2012,2012_Silverstone,LMP2,Signatech Nissan
2012,2012_Silverstone,LMP2,Pecom Racing
2012,2012_Silverstone,LMP2,Greaves Motorsport
2012,2012_Silverstone,LMP2,Oak Racing
2012,2012_Silverstone,LMP2,Jota
2012,2012_Silverstone,LMP2,Status GP
2012,2012_Silverstone,LMP2,Murphy Prototypes
2012,2012_Silverstone,LMP2,Oak Racing
2012,2012_Silverstone,LMP2,Gulf Racing Middle East
2012,2012_Silverstone,LMP2,Lotus
2012,2012_Silverstone,LMP2,Greaves Motorsport
2012,2012_Silverstone,GT (GTE Pro/Am),AF Corse
2012,2012_Silverstone,GT (GTE Pro/Am),JMW Motorsport
2012,2012_Silverstone,GT (GTE Pro/Am),Aston Martin Racing
2012,2012_Silverstone,GT (GTE Pro/Am),AF Corse-Waltrip
2012,2012_Silverstone,GT (GTE Pro/Am),Team Felbermayr-Proton
2012,2012_Silverstone,GT (GTE Pro/Am),Krohn Racing
2012,2012_Silverstone,GT (GTE Pro/Am),Team Felbermayr-Proton
2012,2012_Silverstone,GT (GTE Pro/Am),Aston Martin Racing
2012,2012_Silverstone,GT (GTE Pro/Am),Larbre Competition
2012,2012_Silverstone,GT (GTE Pro/Am),JWA-Avila
2012,2012_Silverstone,GT (GTE Pro/Am),AF Corse
2012,2012_Silverstone,GT (GTE Pro/Am),Aston Martin Racing
2012,2012_Silverstone,LMP2,Signatech Nissan
2012,2012_Silverstone,LMP2,Lotus
2012,2012_Silverstone,GT (GTE Pro/Am),Larbre Competition
2012,2012_Spa,Top Class (LMP1/Hypercar),Audi Sport Team Joest
2012,2012_Spa,Top Class (LMP1/Hypercar),Audi Sport Team Joest
2012,2012_Spa,Top Class (LMP1/Hypercar),Audi Sport North America
2012,2012_Spa,Top Class (LMP1/Hypercar),Audi Sport Team Joest
2012,2012_Spa,Top Class (LMP1/Hypercar),Rebellion Racing
2012,2012_Spa,Top Class (LMP1/Hypercar),Rebellion Racing
2012,2012_Spa,Top Class (LMP1/Hypercar),Strakka Racing
2012,2012_Spa,LMP2,Jota
2012,2012_Spa,LMP2,ADR-Delta
2012,2012_Spa,LMP2,Murphy Prototypes
2012,2012_Spa,LMP2,Oak Racing
2012,2012_Spa,Top Class (LMP1/Hypercar),JRM
2012,2012_Spa,LMP2,Boutsen Ginion Racing
2012,2012_Spa,LMP2,Gulf Racing Middle East
2012,2012_Spa,Top Class (LMP1/Hypercar),Pescarolo Team
2012,2012_Spa,LMP2,Greaves Motorsport
2012,2012_Spa,LMP2,Oak Racing
2012,2012_Spa,GT (GTE Pro/Am),Team Felbermayr-Proton
2012,2012_Spa,GT (GTE Pro/Am),AF Corse
2012,2012_Spa,GT (GTE Pro/Am),Luxury Racing
2012,2012_Spa,GT (GTE Pro/Am),AF Corse
2012,2012_Spa,GT (GTE Pro/Am),Imsa Performance Matmut
2012,2012_Spa,LMP2,Gulf Racing Middle East
2012,2012_Spa,GT (GTE Pro/Am),Team Felbermayr-Proton
2012,2012_Spa,LMP2,Pecom Racing
2012,2012_Spa,GT (GTE Pro/Am),AF Corse
2012,2012_Spa,GT (GTE Pro/Am),Larbre Competition
2012,2012_Spa,GT (GTE Pro/Am),Luxury Racing
2012,2012_Spa,LMP2,Lotus
2012,2012_Spa,LMP2,Signatech Nissan
2012,2012_Spa,GT (GTE Pro/Am),JWA-Avila
2012,2012_Spa,GT (GTE Pro/Am),Krohn Racing
2012,2012_Spa,LMP2,Signatech Nissan
2012,2012_Spa,LMP2,Starworks Motorsports
2012,2012_Spa,Top Class (LMP1/Hypercar),Oak Racing
2012,2012_Spa,LMP2,Lotus
2012,2012_Spa,LMP2,Extreme Limite Aric
2012,2012_Spa,LMP2,Race Performance
2012,2012_Spa,GT (GTE Pro/Am),Larbre Competition
2012,2012_Spa,GT (GTE Pro/Am),Aston Martin Racing
2012,2012_Spa,GT (GTE Pro/Am),AF Corse-Waltrip
2012,2012_Bahrain,Top Class (LMP1/Hypercar),Audi Sport Team Joest
2012,2012_Bahrain,Top Class (LMP1/Hypercar),Audi Sport Team Joest
2012,2012_Bahrain,Top Class (LMP1/Hypercar),Strakka Racing
2012,2012_Bahrain,Top Class (LMP1/Hypercar),Rebellion Racing
2012,2012_Bahrain,Top Class (LMP1/Hypercar),Rebellion Racing
2012,2012_Bahrain,LMP2,Pecom Racing
2012,2012_Bahrain,LMP2,Signatech Nissan
2012,2012_Bahrain,LMP2,Starworks Motorsports
2012,2012_Bahrain,LMP2,Lotus
2012,2012_Bahrain,LMP2,Signatech Nissan
2012,2012_Bahrain,LMP2,Oak Racing
2012,2012_Bahrain,LMP2,Greaves Motorsport
2012,2012_Bahrain,GT (GTE Pro/Am),AF Corse
2012,2012_Bahrain,GT (GTE Pro/Am),Aston Martin Racing
2012,2012_Bahrain,GT (GTE Pro/Am),Team Felbermayr-Proton
2012,2012_Bahrain,GT (GTE Pro/Am),AF Corse
2012,2012_Bahrain,GT (GTE Pro/Am),Team Felbermayr-Proton
2012,2012_Bahrain,GT (GTE Pro/Am),AF Corse-Waltrip
2012,2012_Bahrain,GT (GTE Pro/Am),Krohn Racing
2012,2012_Bahrain,LMP2,ADR-Delta
2012,2012_Bahrain,GT (GTE Pro/Am),Larbre Competition
2012,2012_Bahrain,GT (GTE Pro/Am),Larbre Competition
2012,2012_Bahrain,GT (GTE Pro/Am),JWA-Avila
2012,2012_Bahrain,Top Class (LMP1/Hypercar),Toyota Gazoo Racing
2012,2012_Bahrain,LMP2,Lotus
2012,2012_Bahrain,LMP2,Gulf Racing Middle East
2012,2012_Bahrain,Top Class (LMP1/Hypercar),JRM
2012,2012_Bahrain,LMP2,Oak Racing
2012,2012_Shanghai,Top Class (LMP1/Hypercar),Toyota Gazoo Racing
2012,2012_Shanghai,Top Class (LMP1/Hypercar),Audi Sport Team Joest
2012,2012_Shanghai,Top Class (LMP1/Hypercar),Audi Sport Team Joest
2012,2012_Shanghai,Top Class (LMP1/Hypercar),Rebellion Racing
2012,2012_Shanghai,Top Class (LMP1/Hypercar),JRM
2012,2012_Shanghai,Top Class (LMP1/Hypercar),Strakka Racing
2012,2012_Shanghai,LMP2,ADR-Delta
2012,2012_Shanghai,LMP2,Starworks Motorsports
2012,2012_Shanghai,LMP2,Oak Racing
2012,2012_Shanghai,LMP2,Pecom Racing
2012,2012_Shanghai,LMP2,Signatech Nissan
2012,2012_Shanghai,LMP2,Lotus
2012,2012_Shanghai,LMP2,Signatech Nissan
2012,2012_Shanghai,Top Class (LMP1/Hypercar),Oak Racing
2012,2012_Shanghai,LMP2,Greaves Motorsport
2012,2012_Shanghai,GT (GTE Pro/Am),Aston Martin Racing
2012,2012_Shanghai,GT (GTE Pro/Am),Team Felbermayr-Proton
2012,2012_Shanghai,GT (GTE Pro/Am),AF Corse
2012,2012_Shanghai,GT (GTE Pro/Am),Larbre Competition
2012,2012_Shanghai,GT (GTE Pro/Am),Team Felbermayr-Proton
2012,2012_Shanghai,GT (GTE Pro/Am),Krohn Racing
2012,2012_Shanghai,GT (GTE Pro/Am),AF Corse-Waltrip
2012,2012_Shanghai,GT (GTE Pro/Am),Larbre Competition
2012,2012_Shanghai,GT (GTE Pro/Am),JWA-Avila
2012,2012_Shanghai,Top Class (LMP1/Hypercar),Rebellion Racing
2012,2012_Shanghai,GT (GTE Pro/Am),AF Corse
2012,2012_Shanghai,LMP2,Gulf Racing Middle East
2012,2012_Shanghai,LMP2,Lotus
2012,2012_Fuji,Top Class (LMP1/Hypercar),Toyota Gazoo Racing
2012,2012_Fuji,Top Class (LMP1/Hypercar),Audi Sport Team Joest
2012,2012_Fuji,Top Class (LMP1/Hypercar),Audi Sport Team Joest
2012,2012_Fuji,Top Class (LMP1/Hypercar),Rebellion Racing
2012,2012_Fuji,Top Class (LMP1/Hypercar),JRM
2012,2012_Fuji,Top Class (LMP1/Hypercar),Strakka Racing
2012,2012_Fuji,Top Class (LMP1/Hypercar),Rebellion Racing
2012,2012_Fuji,LMP2,ADR-Delta
2012,2012_Fuji,LMP2,Starworks Motorsports
2012,2012_Fuji,LMP2,Oak Racing
2012,2012_Fuji,LMP2,Pecom Racing
2012,2012_Fuji,LMP2,Lotus
2012,2012_Fuji,LMP2,Gulf Racing Middle East
2012,2012_Fuji,LMP2,Greaves Motorsport
2012,2012_Fuji,LMP2,Signatech Nissan
2012,2012_Fuji,Top Class (LMP1/Hypercar),Oak Racing
2012,2012_Fuji,GT (GTE Pro/Am),Team Felbermayr-Proton
2012,2012_Fuji,GT (GTE Pro/Am),AF Corse
2012,2012_Fuji,GT (GTE Pro/Am),Aston Martin Racing
2012,2012_Fuji,GT (GTE Pro/Am),AF Corse
2012,2012_Fuji,GT (GTE Pro/Am),Larbre Competition
2012,2012_Fuji,GT (GTE Pro/Am),Krohn Racing
2012,2012_Fuji,GT (GTE Pro/Am),Team Felbermayr-Proton
2012,2012_Fuji,GT (GTE Pro/Am),Larbre Competition
2012,2012_Fuji,GT (GTE Pro/Am),JWA-Avila
2012,2012_Fuji,LMP2,Lotus
2012,2012_Fuji,LMP2,Signatech Nissan
2012,2012_Interlagos,Top Class (LMP1/Hypercar),Toyota Gazoo Racing
2012,2012_Interlagos,Top Class (LMP1/Hypercar),Audi Sport Team Joest
2012,2012_Interlagos,Top Class (LMP1/Hypercar),Audi Sport Team Joest
2012,2012_Interlagos,Top Class (LMP1/Hypercar),Rebellion Racing
2012,2012_Interlagos,Top Class (LMP1/Hypercar),Strakka Racing
2012,2012_Interlagos,Top Class (LMP1/Hypercar),Rebellion Racing
2012,2012_Interlagos,LMP2,Starworks Motorsports
2012,2012_Interlagos,LMP2,Pecom Racing
2012,2012_Interlagos,Top Class (LMP1/Hypercar),JRM
2012,2012_Interlagos,LMP2,Oak Racing
2012,2012_Interlagos,LMP2,Greaves Motorsport
2012,2012_Interlagos,LMP2,ADR-Delta
2012,2012_Interlagos,LMP2,Lotus
2012,2012_Interlagos,LMP2,Signatech Nissan
2012,2012_Interlagos,LMP2,Lotus
2012,2012_Interlagos,GT (GTE Pro/Am),AF Corse
2012,2012_Interlagos,GT (GTE Pro/Am),Aston Martin Racing
2012,2012_Interlagos,GT (GTE Pro/Am),Team Felbermayr-Proton
2012,2012_Interlagos,GT (GTE Pro/Am),AF Corse
2012,2012_Interlagos,GT (GTE Pro/Am),Team Felbermayr-Proton
2012,2012_Interlagos,GT (GTE Pro/Am),Larbre Competition
2012,2012_Interlagos,GT (GTE Pro/Am),AF Corse-Waltrip
2012,2012_Interlagos,GT (GTE Pro/Am),JWA-Avila
2012,2012_Interlagos,LMP2,Gulf Racing Middle East
2012,2012_Interlagos,LMP2,Oak Racing
2012,2012_Interlagos,LMP2,Signatech Nissan
2012,2012_Interlagos,GT (GTE Pro/Am),Krohn Racing
2012,2012_Interlagos,GT (GTE Pro/Am),Larbre Competition
2012,2012_LeMans,Top Class (LMP1/Hypercar),Audi Sport Team Joest
2012,2012_LeMans,Top Class (LMP1/Hypercar),Audi Sport Team Joest
2012,2012_LeMans,Top Class (LMP1/Hypercar),Audi Sport North America
2012,2012_LeMans,Top Class (LMP1/Hypercar),Rebellion Racing
2012,2012_LeMans,Top Class (LMP1/Hypercar),Audi Sport Team Joest
2012,2012_LeMans,Top Class (LMP1/Hypercar),JRM
2012,2012_LeMans,LMP2,Starworks Motorsports
2012,2012_LeMans,LMP2,Thiriet By TDS Racing
2012,2012_LeMans,LMP2,Pecom Racing
2012,2012_LeMans,LMP2,Signatech Nissan
2012,2012_LeMans,Top Class (LMP1/Hypercar),Rebellion Racing
2012,2012_LeMans,LMP2,Greaves Motorsport
2012,2012_LeMans,LMP2,ADR-Delta
2012,2012_LeMans,LMP2,Oak Racing
2012,2012_LeMans,LMP2,Greaves Motorsport
2012,2012_LeMans,LMP2,Signatech Nissan
2012,2012_LeMans,GT (GTE Pro/Am),AF Corse
2012,2012_LeMans,GT (GTE Pro/Am),Luxury Racing
2012,2012_LeMans,GT (GTE Pro/Am),Aston Martin Racing
2012,2012_LeMans,GT (GTE Pro/Am),Larbre Competition
2012,2012_LeMans,GT (GTE Pro/Am),Imsa Performance Matmut
2012,2012_LeMans,GT (GTE Pro/Am),AF Corse
2012,2012_LeMans,GT (GTE Pro/Am),Corvette Racing
2012,2012_LeMans,LMP2,Boutsen Ginion Racing
2012,2012_LeMans,GT (GTE Pro/Am),Krohn Racing
2012,2012_LeMans,LMP2,Race Performance
2012,2012_LeMans,GT (GTE Pro/Am),Flying Lizard Motorsports
2012,2012_LeMans,GT (GTE Pro/Am),Larbre Competition
2012,2012_LeMans,LMP2,Extreme Limit Aric
2012,2012_LeMans,Top Class (LMP1/Hypercar),Strakka Racing
2012,2012_LeMans,GT (GTE Pro/Am),AF Corse-Waltrip
2012,2012_LeMans,GT (GTE Pro/Am),JMB  Racing
2012,2012_LeMans,GT (GTE Pro/Am),JWA-Avila
2012,2012_LeMans,GT (GTE Pro/Am),Corvette Racing
2012,2012_LeMans,Top Class (LMP1/Hypercar),Pescarolo Team
2012,2012_LeMans,LMP2,Jota
2012,2012_LeMans,LMP2,Level 5 Motorsport
2012,2012_LeMans,LMP2,Status Grand Prix
2012,2012_LeMans,GT (GTE Pro/Am),Team Felbermayr-Proton
2012,2012_LeMans,Top Class (LMP1/Hypercar),Oak Racing
2012,2012_LeMans,GT (GTE Pro/Am),JMW Motorsport
2012,2012_LeMans,LMP2,Murphy Prototypes
2012,2012_LeMans,GT (GTE Pro/Am),Team Felbermayr-Proton
2012,2012_LeMans,GT (GTE Pro/Am),Prospeed Competition
2012,2012_LeMans,LMP2,Lotus
2012,2012_LeMans,GT (GTE Pro/Am),Luxury Racing
2012,2012_LeMans,LMP2,Oak Racing
2012,2012_LeMans,Top Class (LMP1/Hypercar),Toyota Gazoo Racing
2012,2012_LeMans,GT (GTE Pro/Am),Flying Lizard Motorsports
2012,2012_LeMans,LMP2,Gulf Racing Middle East
2012,2012_LeMans,Top Class (LMP1/Hypercar),Toyota Gazoo Racing
2012,2012_LeMans,Experimental,Highcroft Racing
2012,2012_LeMans,GT (GTE Pro/Am),AF Corse
2012,2012_LeMans,GT (GTE Pro/Am),Aston Martin Racing
2012,2012_LeMans,Top Class (LMP1/Hypercar),Pescarolo Team
2012,2012_LeMans,LMP2,Gulf Racing Middle East
2012,2012_Sebring,Top Class (LMP1/Hypercar),Audi Sport Team Joest
2012,2012_Sebring,Top Class (LMP1/Hypercar),Audi Sport Team Joest
2012,2012_Sebring,LMP2,Starworks Motorsports
2012,2012_Sebring,LMP2,Oak Racing
2012,2012_Sebring,Top Class (LMP1/Hypercar),Pescarolo Team
2012,2012_Sebring,LMP2,Pecom Racing
2012,2012_Sebring,LMP2,Greaves Motorsport
2012,2012_Sebring,Top Class (LMP1/Hypercar),Strakka Racing
2012,2012_Sebring,LMP2,ADR-Delta
2012,2012_Sebring,LMP2,Lotus
2012,2012_Sebring,Top Class (LMP1/Hypercar),Audi Sport Team Joest
2012,2012_Sebring,Top Class (LMP1/Hypercar),JRM
2012,2012_Sebring,GT (GTE Pro/Am),AF Corse
2012,2012_Sebring,GT (GTE Pro/Am),Team Felbermayr-Proton
2012,2012_Sebring,GT (GTE Pro/Am),Team Felbermayr-Proton
2012,2012_Sebring,GT (GTE Pro/Am),Larbre Competition
2012,2012_Sebring,Top Class (LMP1/Hypercar),Rebellion Racing
2012,2012_Sebring,GT (GTE Pro/Am),Aston Martin Racing
2012,2012_Sebring,Top Class (LMP1/Hypercar),Rebellion Racing
2012,2012_Sebring,GT (GTE Pro/Am),Larbre Competition
2012,2012_Sebring,GT (GTE Pro/Am),AF Corse-Waltrip
2012,2012_Sebring,LMP2,Gulf Racing Middle East
2012,2012_Sebring,GT (GTE Pro/Am),Krohn Racing
2012,2012_Sebring,GT (GTE Pro/Am),JWA-Avila
2012,2012_Sebring,Top Class (LMP1/Hypercar),Oak Racing
2012,2012_Sebring,LMP2,Signatech Nissan
2012,2012_Sebring,GT (GTE Pro/Am),Luxury Racing
2012,2012_Sebring,GT (GTE Pro/Am),Luxury Racing
2012,2012_Sebring,GT (GTE Pro/Am),AF Corse
2013,2013_Silverstone,Top Class (LMP1/Hypercar),Audi Sport Team Joest
2013,2013_Silverstone,Top Class (LMP1/Hypercar),Audi Sport Team Joest
2013,2013_Silverstone,Top Class (LMP1/Hypercar),Toyota Gazoo Racing
2013,2013_Silverstone,Top Class (LMP1/Hypercar),Toyota Gazoo Racing
2013,2013_Silverstone,Top Class (LMP1/Hypercar),Rebellion Racing
2013,2013_Silverstone,Top Class (LMP1/Hypercar),Rebellion Racing
2013,2013_Silverstone,LMP2,Delta-ADR
2013,2013_Silverstone,LMP2,OAK Racing
2013,2013_Silverstone,LMP2,Pecom Racing
2013,2013_Silverstone,LMP2,OAK Racing
2013,2013_Silverstone,LMP2,Greaves Motorsport
2013,2013_Silverstone,LMP2,KCMG
2013,2013_Silverstone,LMP2,G-Drive Racing
2013,2013_Silverstone,GT (GTE Pro/Am),Aston Martin Racing
2013,2013_Silverstone,GT (GTE Pro/Am),AF Corse
2013,2013_Silverstone,GT (GTE Pro/Am),Aston Martin Racing
2013,2013_Silverstone,GT (GTE Pro/Am),Porsche AG Team Manthey
2013,2013_Silverstone,GT (GTE Pro/Am),AF Corse
2013,2013_Silverstone,GT (GTE Pro/Am),Aston Martin Racing
2013,2013_Silverstone,GT (GTE Pro/Am),Porsche AG Team Manthey
2013,2013_Silverstone,GT (GTE Pro/Am),Larbre Competition
2013,2013_Silverstone,GT (GTE Pro/Am),8 Star Motorsports
2013,2013_Silverstone,GT (GTE Pro/Am),Aston Martin Racing
2013,2013_Silverstone,GT (GTE Pro/Am),Proton Competition
2013,2013_Silverstone,GT (GTE Pro/Am),Krohn Racing
2013,2013_Silverstone,GT (GTE Pro/Am),IMSA Performance Matmut
2013,2013_Silverstone,LMP2,OAK Racing
2013,2013_Silverstone,GT (GTE Pro/Am),AF Corse
2013,2013_Silverstone,LMP2,Lotus
2013,2013_Silverstone,Top Class (LMP1/Hypercar),Strakka Racing
2013,2013_Silverstone,LMP2,Lotus
2013,2013_Spa,Top Class (LMP1/Hypercar),Audi Sport Team Joest
2013,2013_Spa,Top Class (LMP1/Hypercar),Audi Sport Team Joest
2013,2013_Spa,Top Class (LMP1/Hypercar),Audi Sport Team Joest
2013,2013_Spa,Top Class (LMP1/Hypercar),Toyota Gazoo Racing
2013,2013_Spa,Top Class (LMP1/Hypercar),Rebellion Racing
2013,2013_Spa,Top Class (LMP1/Hypercar),Rebellion Racing
2013,2013_Spa,Top Class (LMP1/Hypercar),Strakka Racing
2013,2013_Spa,LMP2,Pecom Racing
2013,2013_Spa,LMP2,OAK Racing
2013,2013_Spa,LMP2,Jota
2013,2013_Spa,LMP2,OAK Racing
2013,2013_Spa,LMP2,G-Drive Racing
2013,2013_Spa,LMP2,OAK Racing
2013,2013_Spa,LMP2,Lotus
2013,2013_Spa,GT (GTE Pro/Am),AF Corse
2013,2013_Spa,GT (GTE Pro/Am),Aston Martin Racing
2013,2013_Spa,GT (GTE Pro/Am),AF Corse
2013,2013_Spa,GT (GTE Pro/Am),Aston Martin Racing
2013,2013_Spa,GT (GTE Pro/Am),Porsche AG Team Manthey
2013,2013_Spa,GT (GTE Pro/Am),Aston Martin Racing
2013,2013_Spa,GT (GTE Pro/Am),8 Star Motorsports
2013,2013_Spa,GT (GTE Pro/Am),Aston Martin Racing
2013,2013_Spa,GT (GTE Pro/Am),Larbre Competition
2013,2013_Spa,LMP2,Lotus
2013,2013_Spa,GT (GTE Pro/Am),Aston Martin Racing
2013,2013_Spa,GT (GTE Pro/Am),Proton Competition
2013,2013_Spa,GT (GTE Pro/Am),Imsa Performance Matmut
2013,2013_Spa,GT (GTE Pro/Am),Krohn Racing
2013,2013_Spa,LMP2,Gulf Racing Middle East
2013,2013_Spa,GT (GTE Pro/Am),AF Corse
2013,2013_Spa,GT (GTE Pro/Am),AF Corse
2013,2013_Spa,GT (GTE Pro/Am),Porsche AG Team Manthey
2013,2013_Spa,Top Class (LMP1/Hypercar),Toyota Gazoo Racing
2013,2013_Spa,LMP2,Delta-ADR
2013,2013_Bahrain,Top Class (LMP1/Hypercar),Toyota Gazoo Racing
2013,2013_Bahrain,Top Class (LMP1/Hypercar),Audi Sport Team Joest
2013,2013_Bahrain,LMP2,G-Drive Racing
2013,2013_Bahrain,LMP2,OAK Racing
2013,2013_Bahrain,LMP2,Greaves Motorsport
2013,2013_Bahrain,LMP2,OAK Racing
2013,2013_Bahrain,LMP2,OAK Racing
2013,2013_Bahrain,LMP2,Delta-ADR
2013,2013_Bahrain,GT (GTE Pro/Am),AF Corse
2013,2013_Bahrain,GT (GTE Pro/Am),Porsche AG Team Manthey
2013,2013_Bahrain,GT (GTE Pro/Am),AF Corse
2013,2013_Bahrain,GT (GTE Pro/Am),Porsche AG Team Manthey
2013,2013_Bahrain,GT (GTE Pro/Am),Aston Martin Racing
2013,2013_Bahrain,LMP2,Pecom Racing
2013,2013_Bahrain,GT (GTE Pro/Am),8 Star Motorsports
2013,2013_Bahrain,GT (GTE Pro/Am),AF Corse
2013,2013_Bahrain,GT (GTE Pro/Am),Larbre Competition
2013,2013_Bahrain,GT (GTE Pro/Am),Aston Martin Racing
2013,2013_Bahrain,GT (GTE Pro/Am),IMSA Performance Matmut
2013,2013_Bahrain,GT (GTE Pro/Am),Aston Martin Racing
2013,2013_Bahrain,GT (GTE Pro/Am),Aston Martin Racing
2013,2013_Bahrain,Top Class (LMP1/Hypercar),Audi Sport Team Joest
2013,2013_Bahrain,GT (GTE Pro/Am),Proton Competition
2013,2013_Bahrain,GT (GTE Pro/Am),Krohn Racing
2013,2013_Bahrain,Top Class (LMP1/Hypercar),Toyota Gazoo Racing
2013,2013_Bahrain,Top Class (LMP1/Hypercar),Rebellion Racing
2013,2013_Bahrain,LMP2,Lotus
2013,2013_Bahrain,LMP2,Lotus
2013,2013_Shanghai,Top Class (LMP1/Hypercar),Audi Sport Team Joest
2013,2013_Shanghai,Top Class (LMP1/Hypercar),Toyota Gazoo Racing
2013,2013_Shanghai,Top Class (LMP1/Hypercar),Audi Sport Team Joest
2013,2013_Shanghai,Top Class (LMP1/Hypercar),Rebellion Racing
2013,2013_Shanghai,LMP2,G-Drive Racing
2013,2013_Shanghai,LMP2,OAK Racing
2013,2013_Shanghai,LMP2,OAK Racing
2013,2013_Shanghai,LMP2,Delta-ADR
2013,2013_Shanghai,LMP2,Greaves Motorsport
2013,2013_Shanghai,LMP2,OAK Racing
2013,2013_Shanghai,LMP2,Lotus
2013,2013_Shanghai,GT (GTE Pro/Am),Aston Martin Racing
2013,2013_Shanghai,GT (GTE Pro/Am),Aston Martin Racing
2013,2013_Shanghai,GT (GTE Pro/Am),Porsche AG Team Manthey
2013,2013_Shanghai,GT (GTE Pro/Am),AF Corse
2013,2013_Shanghai,GT (GTE Pro/Am),AF Corse
2013,2013_Shanghai,GT (GTE Pro/Am),Porsche AG Team Manthey
2013,2013_Shanghai,GT (GTE Pro/Am),8 Star Motorsports
2013,2013_Shanghai,GT (GTE Pro/Am),IMSA Performance Matmut
2013,2013_Shanghai,GT (GTE Pro/Am),Aston Martin Racing
2013,2013_Shanghai,GT (GTE Pro/Am),Proton Competition
2013,2013_Shanghai,GT (GTE Pro/Am),Larbre Competition
2013,2013_Shanghai,GT (GTE Pro/Am),AF Corse
2013,2013_Shanghai,Top Class (LMP1/Hypercar),Toyota Gazoo Racing
2013,2013_Shanghai,GT (GTE Pro/Am),Krohn Racing
2013,2013_Shanghai,GT (GTE Pro/Am),Aston Martin Racing
2013,2013_Shanghai,LMP2,Lotus
2013,2013_Shanghai,LMP2,Pecom Racing
2013,2013_Fuji,Top Class (LMP1/Hypercar),Toyota Gazoo Racing
2013,2013_Fuji,Top Class (LMP1/Hypercar),Audi Sport Team Joest
2013,2013_Fuji,Top Class (LMP1/Hypercar),Rebellion Racing
2013,2013_Fuji,LMP2,OAK Racing
2013,2013_Fuji,LMP2,G-Drive Racing
2013,2013_Fuji,LMP2,Gainer International
2013,2013_Fuji,LMP2,OAK Racing
2013,2013_Fuji,LMP2,Delta-ADR
2013,2013_Fuji,LMP2,KCMG
2013,2013_Fuji,LMP2,Pecom Racing
2013,2013_Fuji,LMP2,Lotus
2013,2013_Fuji,LMP2,OAK Racing
2013,2013_Fuji,GT (GTE Pro/Am),Aston Martin Racing
2013,2013_Fuji,GT (GTE Pro/Am),AF Corse
2013,2013_Fuji,GT (GTE Pro/Am),Porsche AG Team Manthey
2013,2013_Fuji,GT (GTE Pro/Am),Porsche AG Team Manthey
2013,2013_Fuji,GT (GTE Pro/Am),Aston Martin Racing
2013,2013_Fuji,GT (GTE Pro/Am),Aston Martin Racing
2013,2013_Fuji,GT (GTE Pro/Am),Proton Competition
2013,2013_Fuji,GT (GTE Pro/Am),8 Star Motorsports
2013,2013_Fuji,GT (GTE Pro/Am),AF Corse
2013,2013_Fuji,GT (GTE Pro/Am),IMSA Performance Matmut
2013,2013_Fuji,LMP2,Lotus
2013,2013_Fuji,GT (GTE Pro/Am),Krohn Racing
2013,2013_Fuji,GT (GTE Pro/Am),AF Corse
2013,2013_Fuji,Top Class (LMP1/Hypercar),Audi Sport Team Joest
2013,2013_Fuji,Top Class (LMP1/Hypercar),Toyota Gazoo Racing
2013,2013_Fuji,GT (GTE Pro/Am),Aston Martin Racing
2013,2013_Fuji,GT (GTE Pro/Am),Larbre Competition
2013,2013_Interlagos,Top Class (LMP1/Hypercar),Audi Sport Team Joest
2013,2013_Interlagos,Top Class (LMP1/Hypercar),Audi Sport Team Joest
2013,2013_Interlagos,Top Class (LMP1/Hypercar),Rebellion Racing
2013,2013_Interlagos,LMP2,G-Drive Racing
2013,2013_Interlagos,LMP2,OAK Racing
2013,2013_Interlagos,LMP2,Pecom Racing
2013,2013_Interlagos,LMP2,Greaves Motorsport
2013,2013_Interlagos,LMP2,OAK Racing
2013,2013_Interlagos,GT (GTE Pro/Am),AF Corse
2013,2013_Interlagos,GT (GTE Pro/Am),Aston Martin Racing
2013,2013_Interlagos,LMP2,OAK Racing
2013,2013_Interlagos,GT (GTE Pro/Am),Porsche AG Team Manthey
2013,2013_Interlagos,GT (GTE Pro/Am),Porsche AG Team Manthey
2013,2013_Interlagos,GT (GTE Pro/Am),Aston Martin Racing
2013,2013_Interlagos,GT (GTE Pro/Am),8 Star Motorsports
2013,2013_Interlagos,GT (GTE Pro/Am),Proton Competition
2013,2013_Interlagos,GT (GTE Pro/Am),IMSA Performance Matmut
2013,2013_Interlagos,GT (GTE Pro/Am),Krohn Racing
2013,2013_Interlagos,GT (GTE Pro/Am),Larbre Competition
2013,2013_Interlagos,GT (GTE Pro/Am),Aston Martin Racing
2013,2013_Interlagos,GT (GTE Pro/Am),Aston Martin Racing
2013,2013_Interlagos,GT (GTE Pro/Am),AF Corse
2013,2013_Interlagos,GT (GTE Pro/Am),Aston Martin Racing
2013,2013_Interlagos,LMP2,Delta-ADR
2013,2013_Interlagos,GT (GTE Pro/Am),AF Corse
2013,2013_Interlagos,LMP2,Lotus
2013,2013_Interlagos,Top Class (LMP1/Hypercar),Toyota Gazoo Racing
2013,2013_Interlagos,LMP2,Lotus
2013,2013_LeMans,Top Class (LMP1/Hypercar),Audi Sport Team Joest
2013,2013_LeMans,Top Class (LMP1/Hypercar),Toyota Gazoo Racing
2013,2013_LeMans,Top Class (LMP1/Hypercar),Audi Sport Team Joest
2013,2013_LeMans,Top Class (LMP1/Hypercar),Toyota Gazoo Racing
2013,2013_LeMans,Top Class (LMP1/Hypercar),Audi Sport Team Joest
2013,2013_LeMans,Top Class (LMP1/Hypercar),Strakka Racing
2013,2013_LeMans,LMP2,OAK Racing
2013,2013_LeMans,LMP2,OAK Racing
2013,2013_LeMans,LMP2,G-Drive Racing
2013,2013_LeMans,LMP2,Greaves Motorsport
2013,2013_LeMans,LMP2,Pecom Racing
2013,2013_LeMans,LMP2,Morand Racing
2013,2013_LeMans,LMP2,Murphy Prototypes
2013,2013_LeMans,LMP2,Jota Sport
2013,2013_LeMans,LMP2,Signatech Alpine
2013,2013_LeMans,GT (GTE Pro/Am),Porsche AG Team Manthey
2013,2013_LeMans,GT (GTE Pro/Am),Porsche AG Team Manthey
2013,2013_LeMans,GT (GTE Pro/Am),Aston Martin Racing
2013,2013_LeMans,LMP2,Race Performance
2013,2013_LeMans,GT (GTE Pro/Am),Corvette Racing
2013,2013_LeMans,GT (GTE Pro/Am),AF Corse
2013,2013_LeMans,GT (GTE Pro/Am),AF Corse
2013,2013_LeMans,GT (GTE Pro/Am),Corvette Racing
2013,2013_LeMans,LMP2,Greaves Motorsport
2013,2013_LeMans,GT (GTE Pro/Am),SRT Motorsports
2013,2013_LeMans,GT (GTE Pro/Am),IMSA Performance Matmut
2013,2013_LeMans,GT (GTE Pro/Am),AF Corse
2013,2013_LeMans,GT (GTE Pro/Am),AF Corse
2013,2013_LeMans,GT (GTE Pro/Am),Dempsey Del Piero-Proton
2013,2013_LeMans,GT (GTE Pro/Am),Larbre Competition
2013,2013_LeMans,GT (GTE Pro/Am),Aston Martin Racing
2013,2013_LeMans,GT (GTE Pro/Am),SRT Motorsports
2013,2013_LeMans,LMP2,Boutsen Ginion Racing
2013,2013_LeMans,GT (GTE Pro/Am),IMSA Performance Matmut
2013,2013_LeMans,GT (GTE Pro/Am),JMW Motorsport
2013,2013_LeMans,GT (GTE Pro/Am),Proton Competition
2013,2013_LeMans,GT (GTE Pro/Am),Prospeed Racing
2013,2013_LeMans,GT (GTE Pro/Am),8 Star Motorsports
2013,2013_LeMans,LMP2,DKR Engineering
2013,2013_LeMans,Top Class (LMP1/Hypercar),Rebellion Racing
2013,2013_LeMans,Top Class (LMP1/Hypercar),Rebellion Racing
2013,2013_LeMans,GT (GTE Pro/Am),Larbre Competition
2013,2013_LeMans,LMP2,Level 5 Motorsports
2013,2013_LeMans,LMP2,Thiriet by TDS Racing
2013,2013_LeMans,GT (GTE Pro/Am),Aston Martin Racing
2013,2013_LeMans,LMP2,OAK Racing
2013,2013_LeMans,LMP2,KCMG
2013,2013_LeMans,GT (GTE Pro/Am),Aston Martin Racing
2013,2013_LeMans,LMP2,Lotus
2013,2013_LeMans,LMP2,HVM Status GP
2013,2013_LeMans,GT (GTE Pro/Am),AF Corse
2013,2013_LeMans,GT (GTE Pro/Am),Krohn Racing
2013,2013_LeMans,LMP2,Delta-ADR
2013,2013_LeMans,LMP2,Gulf Racing Middle East
2013,2013_LeMans,LMP2,Lotus
2013,2013_LeMans,GT (GTE Pro/Am),Aston Martin Racing
2013,2013_Cota,Top Class (LMP1/Hypercar),Audi Sport Team Joest
2013,2013_Cota,Top Class (LMP1/Hypercar),Toyota Gazoo Racing
2013,2013_Cota,Top Class (LMP1/Hypercar),Audi Sport Team Joest
2013,2013_Cota,Top Class (LMP1/Hypercar),Rebellion Racing
2013,2013_Cota,LMP2,G-Drive Racing
2013,2013_Cota,LMP2,Pecom Racing
2013,2013_Cota,LMP2,Lotus
2013,2013_Cota,LMP2,Delta-ADR
2013,2013_Cota,LMP2,Greaves Motorsport
2013,2013_Cota,LMP2,OAK Racing
2013,2013_Cota,LMP2,OAK Racing
2013,2013_Cota,GT (GTE Pro/Am),Aston Martin Racing
2013,2013_Cota,GT (GTE Pro/Am),AF Corse
2013,2013_Cota,GT (GTE Pro/Am),AF Corse
2013,2013_Cota,GT (GTE Pro/Am),Porsche AG Team Manthey
2013,2013_Cota,GT (GTE Pro/Am),Aston Martin Racing
2013,2013_Cota,GT (GTE Pro/Am),Aston Martin Racing
2013,2013_Cota,GT (GTE Pro/Am),IMSA Performance Matmut
2013,2013_Cota,GT (GTE Pro/Am),8 Star Motorsports
2013,2013_Cota,GT (GTE Pro/Am),Porsche AG Team Manthey
2013,2013_Cota,GT (GTE Pro/Am),Proton Competition
2013,2013_Cota,GT (GTE Pro/Am),Larbre Competition
2013,2013_Cota,GT (GTE Pro/Am),AF Corse
2013,2013_Cota,GT (GTE Pro/Am),Krohn Racing
2013,2013_Cota,LMP2,OAK Racing
2013,2013_Cota,GT (GTE Pro/Am),Aston Martin Racing
2013,2013_Cota,GT (GTE Pro/Am),Aston Martin Racing
2013,2013_Cota,LMP2,Lotus
